mismatch_location,s2id,lat,lon,label,sublabel,iso3,distance_from_shore_m,label_source,drift_radius,total_visits,unique_total_ssvid,unique_active_ssvid,active_ssvid_days,unique_stationary_ssvid,stationary_ssvid_days,stationary_fishing_ssvid_days,unique_stationary_fishing_ssvid,top_destination,dock,source
Only in global-fishing-watch,8efe7543,11.84060637,1001.0,POINTE NOIRE,,COG,,anchorage_overrides,,,,,,0,,,0,,False,COG
Only in scratch_amanda,92a344d7,-1.703547576115814,-48.88754855406842,ABAETETUBA,,BRA,0.0,anchorage_overrides,,,,,,0,,,0,,,BRA
Only in scratch_amanda,92a35b27,-1.7030253083039828,-48.867413815330394,ABAETETUBA,,BRA,0.0,anchorage_overrides,,,,,,0,,,0,,,BRA
Only in scratch_amanda,92a35ad3,-1.71070997188162,-48.87748028632922,ABAETETUBA,,BRA,0.0,anchorage_overrides,,,,,,0,,,0,,,BRA
Only in scratch_amanda,92a34555,-1.7331233276018627,-48.88251419563062,ABAETETUBA,,BRA,0.0,anchorage_overrides,,,,,,0,,,0,,,BRA
Only in scratch_amanda,92a35003,-1.7404206364151795,-48.87748028632922,ABAETETUBA,,BRA,0.0,anchorage_overrides,,,,,,0,,,0,,,BRA
Only in scratch_amanda,92a35adf,-1.7066054413611318,-48.862381253730234,ABAETETUBA,,BRA,0.0,anchorage_overrides,,,,,,0,,,0,,,BRA
Only in scratch_amanda,92a34569,-1.7262233362419035,-48.90265432371278,ABAETETUBA,,BRA,0.0,anchorage_overrides,,,,,,0,,,0,,,BRA
Only in scratch_amanda,92a34fe7,-1.7481203955111542,-48.88754855406842,ABAETETUBA,,BRA,0.0,anchorage_overrides,,,,,,0,,,0,,,BRA
Only in scratch_amanda,92a35b33,-1.6958645749254837,-48.87748028632922,ABAETETUBA,,BRA,0.0,anchorage_overrides,,,,,,0,,,0,,,BRA
Only in scratch_amanda,92a35adb,-1.710447698187592,-48.867413815330394,ABAETETUBA,,BRA,0.0,anchorage_overrides,,,,,,0,,,0,,,BRA
Only in scratch_amanda,92a3452f,-1.7109722395274978,-48.88754855406842,ABAETETUBA,,BRA,0.0,anchorage_overrides,,,,,,0,,,0,,,BRA
Only in scratch_amanda,92a35ad5,-1.7069980015233486,-48.87748028632922,ABAETETUBA,,BRA,0.0,anchorage_overrides,,,,,,0,,,0,,,BRA
Only in scratch_amanda,92a35b21,-1.7028947376021697,-48.862381253730234,ABAETETUBA,,BRA,0.0,anchorage_overrides,,,,,,0,,,0,,,BRA
Only in scratch_amanda,92a35acd,-1.7144223562593257,-48.87748028632922,ABAETETUBA,,BRA,0.0,anchorage_overrides,,,,,,0,,,0,,,BRA
Only in scratch_amanda,92a3454b,-1.7219803542998406,-48.88251419563062,ABAETETUBA,,BRA,0.0,anchorage_overrides,,,,,,0,,,0,,,BRA
Only in scratch_amanda,92a35b2d,-1.6995753030092675,-48.877480286329224,ABAETETUBA,,BRA,0.0,anchorage_overrides,,,,,,0,,,0,,,BRA
Only in scratch_amanda,92a34fe5,-1.7444037175900848,-48.88754855406842,ABAETETUBA,,BRA,0.0,anchorage_overrides,,,,,,0,,,0,,,BRA
Only in scratch_amanda,92a35b2f,-1.6994450194491768,-48.87244682621292,ABAETETUBA,,BRA,0.0,anchorage_overrides,,,,,,0,,,0,,,BRA
Only in scratch_amanda,92a34ff3,-1.7409542642257323,-48.897618618158326,ABAETETUBA,,BRA,0.0,anchorage_overrides,,,,,,0,,,0,,,BRA
Only in scratch_amanda,92a34feb,-1.7483883442170067,-48.89761861815833,ABAETETUBA,,BRA,0.0,anchorage_overrides,,,,,,0,,,0,,,BRA
Only in scratch_amanda,92a34537,-1.7183985592528697,-48.88754855406842,ABAETETUBA,,BRA,0.0,anchorage_overrides,,,,,,0,,,0,,,BRA
Only in scratch_amanda,92a34533,-1.714553775074778,-48.88251419563061,ABAETETUBA,,BRA,0.0,anchorage_overrides,,,,,,0,,,0,,,BRA
Only in scratch_amanda,92a34521,-1.7075213939243246,-48.897618618158326,ABAETETUBA,,BRA,0.0,anchorage_overrides,,,,,,0,,,0,,,BRA
Only in scratch_amanda,92a34529,-1.7072597007644117,-48.88754855406842,ABAETETUBA,,BRA,0.0,anchorage_overrides,,,,,,0,,,0,,,BRA
Only in scratch_amanda,92a3452b,-1.707128851901122,-48.88251419563062,ABAETETUBA,,BRA,0.0,anchorage_overrides,,,,,,0,,,0,,,BRA
Only in scratch_amanda,92a34ff9,-1.736971603042938,-48.88754855406842,ABAETETUBA,,BRA,0.0,anchorage_overrides,,,,,,0,,,0,,,BRA
Only in scratch_amanda,92a3452d,-1.710841106463484,-48.88251419563062,ABAETETUBA,,BRA,0.0,anchorage_overrides,,,,,,0,,,0,,,BRA
Only in scratch_amanda,92a35add,-1.710316559087053,-48.862381253730234,ABAETETUBA,,BRA,0.0,anchorage_overrides,,,,,,0,,,0,,,BRA
Only in scratch_amanda,92a34ffd,-1.7405540456909632,-48.88251419563062,ABAETETUBA,,BRA,0.0,anchorage_overrides,,,,,,0,,,0,,,BRA
Only in scratch_amanda,92a34557,-1.7332561664893458,-48.88754855406842,ABAETETUBA,,BRA,0.0,anchorage_overrides,,,,,,0,,,0,,,BRA
Only in scratch_amanda,92a34f93,-1.7448047848321846,-48.902654323712795,ABAETETUBA,,BRA,0.0,anchorage_overrides,,,,,,0,,,0,,,BRA
Only in scratch_amanda,92a34ffb,-1.7406874534219277,-48.88754855406842,ABAETETUBA,,BRA,0.0,anchorage_overrides,,,,,,0,,,0,,,BRA
Only in scratch_amanda,92a34551,-1.7295411437973642,-48.88754855406842,ABAETETUBA,,BRA,0.0,anchorage_overrides,,,,,,0,,,0,,,BRA
Only in scratch_amanda,92a344d9,-1.7036781392909754,-48.89258336159392,ABAETETUBA,,BRA,0.0,anchorage_overrides,,,,,,0,,,0,,,BRA
Only in scratch_amanda,92a35ad7,-1.706867149636893,-48.87244682621292,ABAETETUBA,,BRA,0.0,anchorage_overrides,,,,,,0,,,0,,,BRA
Only in scratch_amanda,92a35ad1,-1.7105788357877183,-48.87244682621292,ABAETETUBA,,BRA,0.0,anchorage_overrides,,,,,,0,,,0,,,BRA
Only in scratch_amanda,92a344d5,-1.703417011423744,-48.88251419563062,ABAETETUBA,,BRA,0.0,anchorage_overrides,,,,,,0,,,0,,,BRA
Only in scratch_amanda,92a34fed,-1.7446710973154933,-48.897618618158326,ABAETETUBA,,BRA,0.0,anchorage_overrides,,,,,,0,,,0,,,BRA
Only in scratch_amanda,92a35ad9,-1.706736296247554,-48.867413815330394,ABAETETUBA,,BRA,0.0,anchorage_overrides,,,,,,0,,,0,,,BRA
Only in scratch_amanda,92a34549,-1.7221123401429688,-48.88754855406842,ABAETETUBA,,BRA,0.0,anchorage_overrides,,,,,,0,,,0,,,BRA
Only in scratch_amanda,92a34ff1,-1.7408208596021568,-48.89258336159393,ABAETETUBA,,BRA,0.0,anchorage_overrides,,,,,,0,,,0,,,BRA
Only in scratch_amanda,92a34fef,-1.7445374082328156,-48.89258336159393,ABAETETUBA,,BRA,0.0,anchorage_overrides,,,,,,0,,,0,,,BRA
Only in scratch_amanda,92a34f8d,-1.7410876672867348,-48.902654323712795,ABAETETUBA,,BRA,0.0,anchorage_overrides,,,,,,0,,,0,,,BRA
Only in scratch_amanda,92a35aad,-1.72927603324285,-48.87748028632922,ABAETETUBA,,BRA,0.0,anchorage_overrides,,,,,,0,,,0,,,BRA
Only in scratch_amanda,92a35001,-1.736705354912483,-48.87748028632922,ABAETETUBA,,BRA,0.0,anchorage_overrides,,,,,,0,,,0,,,BRA
Only in scratch_amanda,92a35b31,-1.6957345754842954,-48.87244682621292,ABAETETUBA,,BRA,0.0,anchorage_overrides,,,,,,0,,,0,,,BRA
Only in scratch_amanda,92a35b29,-1.70315587751204,-48.87244682621292,ABAETETUBA,,BRA,0.0,anchorage_overrides,,,,,,0,,,0,,,BRA
Only in scratch_amanda,92a34527,-1.7073905481074136,-48.89258336159393,ABAETETUBA,,BRA,0.0,anchorage_overrides,,,,,,0,,,0,,,BRA
Only in scratch_amanda,92a3454f,-1.7258265350031827,-48.88754855406842,ABAETETUBA,,BRA,0.0,anchorage_overrides,,,,,,0,,,0,,,BRA
Only in scratch_amanda,92a34567,-1.7299387980600935,-48.902654323712795,ABAETETUBA,,BRA,0.0,anchorage_overrides,,,,,,0,,,0,,,BRA
Only in scratch_amanda,92a35acf,-1.714290935928481,-48.87244682621292,ABAETETUBA,,BRA,0.0,anchorage_overrides,,,,,,0,,,0,,,BRA
Only in scratch_amanda,92a34531,-1.7146851923690114,-48.88754855406842,ABAETETUBA,,BRA,0.0,anchorage_overrides,,,,,,0,,,0,,,BRA
Only in scratch_amanda,92a3456b,-1.722508288446064,-48.902654323712795,ABAETETUBA,,BRA,0.0,anchorage_overrides,,,,,,0,,,0,,,BRA
Only in scratch_amanda,92a35ac5,-1.7141595140880683,-48.867413815330394,ABAETETUBA,,BRA,0.0,anchorage_overrides,,,,,,0,,,0,,,BRA
Only in scratch_amanda,92a35b2b,-1.7032864452205565,-48.87748028632922,ABAETETUBA,,BRA,0.0,anchorage_overrides,,,,,,0,,,0,,,BRA
Only in scratch_amanda,92a34fe1,-1.7479864188189893,-48.88251419563062,ABAETETUBA,,BRA,0.0,anchorage_overrides,,,,,,0,,,0,,,BRA
Only in scratch_amanda,92a3501d,-1.7441363316481824,-48.87748028632922,ABAETETUBA,,BRA,0.0,anchorage_overrides,,,,,,0,,,0,,,BRA
Only in scratch_amanda,92a35b25,-1.6993147343928845,-48.867413815330394,ABAETETUBA,,BRA,0.0,anchorage_overrides,,,,,,0,,,0,,,BRA
Only in scratch_amanda,92a34fff,-1.7368384797484326,-48.88251419563062,ABAETETUBA,,BRA,0.0,anchorage_overrides,,,,,,0,,,0,,,BRA
Only in scratch_amanda,92a34553,-1.7294085892874569,-48.88251419563062,ABAETETUBA,,BRA,0.0,anchorage_overrides,,,,,,0,,,0,,,BRA
Only in scratch_amanda,92a34fe3,-1.74427002539323,-48.88251419563061,ABAETETUBA,,BRA,0.0,anchorage_overrides,,,,,,0,,,0,,,BRA
Only in scratch_amanda,92a35aab,-1.732990487176308,-48.87748028632922,ABAETETUBA,,BRA,0.0,anchorage_overrides,,,,,,0,,,0,,,BRA
Only in scratch_amanda,92a35acb,-1.7181351546203998,-48.877480286329224,ABAETETUBA,,BRA,0.0,anchorage_overrides,,,,,,0,,,0,,,BRA
Only in scratch_amanda,92a34fe9,-1.7482543706458076,-48.89258336159392,ABAETETUBA,,BRA,0.0,anchorage_overrides,,,,,,0,,,0,,,BRA
Only in scratch_amanda,92a34535,-1.7182668576989288,-48.88251419563062,ABAETETUBA,,BRA,0.0,anchorage_overrides,,,,,,0,,,0,,,BRA
Only in scratch_amanda,92a3454d,-1.7256942648413964,-48.88251419563062,ABAETETUBA,,BRA,0.0,anchorage_overrides,,,,,,0,,,0,,,BRA
Only in scratch_amanda,07e9f43b,-2.8185389913190764,-40.2399033061242,ACARAU,,BRA,0.0,anchorage_overrides,,,,,,0,,,0,,,BRA
Only in scratch_amanda,07e9ff39,-2.8497420139651046,-40.05049317698218,ACARAU,,BRA,0.0,anchorage_overrides,,,,,,0,,,0,,,BRA
Only in scratch_amanda,07e9ff6b,-2.854063058749845,-40.04023768790381,ACARAU,,BRA,0.0,anchorage_overrides,,,,,,0,,,0,,,BRA
Only in scratch_amanda,07ea0293,-2.8780800473451422,-40.11711114192977,ACARAU,,BRA,0.0,anchorage_overrides,,,,,,0,,,0,,,BRA
Only in scratch_amanda,07e9f6bd,-2.8118409776270625,-40.214342479656246,ACARAU,,BRA,0.0,anchorage_overrides,,,,,,0,,,0,,,BRA
Only in scratch_amanda,07e9f421,-2.8150844576004643,-40.229680295178355,ACARAU,,BRA,0.0,anchorage_overrides,,,,,,0,,,0,,,BRA
Only in scratch_amanda,07ea02a5,-2.8696499524612498,-40.13247399583807,ACARAU,,BRA,0.0,anchorage_overrides,,,,,,0,,,0,,,BRA
Only in scratch_amanda,07e9f681,-2.826936838723649,-40.22456812982785,ACARAU,,BRA,0.0,anchorage_overrides,,,,,,0,,,0,,,BRA
Only in scratch_amanda,07ea0297,-2.8739724242704616,-40.12223253194588,ACARAU,,BRA,0.0,anchorage_overrides,,,,,,0,,,0,,,BRA
Only in scratch_amanda,07e9f6a1,-2.811417316718487,-40.22456812982785,ACARAU,,BRA,0.0,anchorage_overrides,,,,,,0,,,0,,,BRA
Only in scratch_amanda,07ea0295,-2.87786363798055,-40.12223253194587,ACARAU,,BRA,0.0,anchorage_overrides,,,,,,0,,,0,,,BRA
Only in scratch_amanda,07e9f429,-2.822843635852384,-40.229680295178355,ACARAU,,BRA,0.0,anchorage_overrides,,,,,,0,,,0,,,BRA
Only in scratch_amanda,07e9f427,-2.81896384291249,-40.229680295178355,ACARAU,,BRA,0.0,anchorage_overrides,,,,,,0,,,0,,,BRA
Only in scratch_amanda,07ea02dd,-2.8893224354152873,-40.12735348326794,ACARAU,,BRA,0.0,anchorage_overrides,,,,,,0,,,0,,,BRA
Only in scratch_amanda,07ea02c3,-2.885430290849809,-40.12735348326794,ACARAU,,BRA,0.0,anchorage_overrides,,,,,,0,,,0,,,BRA
Only in scratch_amanda,07e9f683,-2.823056346762485,-40.22456812982785,ACARAU,,BRA,0.0,anchorage_overrides,,,,,,0,,,0,,,BRA
Only in scratch_amanda,07e9ff3d,-2.8460637056223734,-40.04536565135308,ACARAU,,BRA,0.0,anchorage_overrides,,,,,,0,,,0,,,BRA
Only in scratch_amanda,07e9f69f,-2.815296585715908,-40.22456812982785,ACARAU,,BRA,0.0,anchorage_overrides,,,,,,0,,,0,,,BRA
Only in scratch_amanda,07e9f6bf,-2.812052801757797,-40.20922899494914,ACARAU,,BRA,0.0,anchorage_overrides,,,,,,0,,,0,,,BRA
Only in scratch_amanda,07ea02e9,-2.885647288059229,-40.12223253194588,ACARAU,,BRA,0.0,anchorage_overrides,,,,,,0,,,0,,,BRA
Only in scratch_amanda,07ea02c1,-2.881538553736385,-40.12735348326794,ACARAU,,BRA,0.0,anchorage_overrides,,,,,,0,,,0,,,BRA
Only in scratch_amanda,07e9ff19,-2.8423852184378826,-40.04023768790381,ACARAU,,BRA,0.0,anchorage_overrides,,,,,,0,,,0,,,BRA
Only in scratch_amanda,07e9ff41,-2.853848758209748,-40.04536565135308,ACARAU,,BRA,0.0,anchorage_overrides,,,,,,0,,,0,,,BRA
Only in scratch_amanda,07ea02ed,-2.8819719602775735,-40.11711114192977,ACARAU,,BRA,0.0,anchorage_overrides,,,,,,0,,,0,,,BRA
Only in scratch_amanda,07e9f6a3,-2.8116291492773535,-40.2194555246348,ACARAU,,BRA,0.0,anchorage_overrides,,,,,,0,,,0,,,BRA
Only in scratch_amanda,07e9f68f,-2.823481755920906,-40.21434247965624,ACARAU,,BRA,0.0,anchorage_overrides,,,,,,0,,,0,,,BRA
Only in scratch_amanda,07ea0291,-2.874188542006942,-40.11711114192977,ACARAU,,BRA,0.0,anchorage_overrides,,,,,,0,,,0,,,BRA
Only in scratch_amanda,07e9ff17,-2.846277423496513,-40.04023768790381,ACARAU,,BRA,0.0,anchorage_overrides,,,,,,0,,,0,,,BRA
Only in scratch_amanda,07e9f685,-2.8232690534552796,-40.21945552463481,ACARAU,,BRA,0.0,anchorage_overrides,,,,,,0,,,0,,,BRA
Only in scratch_amanda,07ea0299,-2.870081618172565,-40.12223253194588,ACARAU,,BRA,0.0,anchorage_overrides,,,,,,0,,,0,,,BRA
Only in scratch_amanda,07e9f43d,-2.814660188792904,-40.2399033061242,ACARAU,,BRA,0.0,anchorage_overrides,,,,,,0,,,0,,,BRA
Only in scratch_amanda,07e9f69d,-2.819176262411902,-40.22456812982784,ACARAU,,BRA,0.0,anchorage_overrides,,,,,,0,,,0,,,BRA
Only in scratch_amanda,07e9f417,-2.8107817938851087,-40.2399033061242,ACARAU,,BRA,0.0,anchorage_overrides,,,,,,0,,,0,,,BRA
Only in scratch_amanda,07e9f695,-2.8159329447909474,-40.20922899494914,ACARAU,,BRA,0.0,anchorage_overrides,,,,,,0,,,0,,,BRA
Only in scratch_amanda,07ea02bb,-2.8735401753372214,-40.13247399583808,ACARAU,,BRA,0.0,anchorage_overrides,,,,,,0,,,0,,,BRA
Only in scratch_amanda,07ea02ef,-2.8858642807596904,-40.11711114192977,ACARAU,,BRA,0.0,anchorage_overrides,,,,,,0,,,0,,,BRA
Only in scratch_amanda,07e9f699,-2.8155087096260227,-40.2194555246348,ACARAU,,BRA,0.0,anchorage_overrides,,,,,,0,,,0,,,BRA
Only in scratch_amanda,07e9ff13,-2.850384041536544,-40.035109286692965,ACARAU,,BRA,0.0,anchorage_overrides,,,,,,0,,,0,,,BRA
Only in scratch_amanda,07ea02bd,-2.8737563020438683,-40.12735348326794,ACARAU,,BRA,0.0,anchorage_overrides,,,,,,0,,,0,,,BRA
Only in scratch_amanda,07e9f68d,-2.8236944541495093,-40.209228994949136,ACARAU,,BRA,0.0,anchorage_overrides,,,,,,0,,,0,,,BRA
Only in scratch_amanda,07e9f41f,-2.811205479960282,-40.229680295178355,ACARAU,,BRA,0.0,anchorage_overrides,,,,,,0,,,0,,,BRA
Only in scratch_amanda,07e9f689,-2.827362830738881,-40.21434247965624,ACARAU,,BRA,0.0,anchorage_overrides,,,,,,0,,,0,,,BRA
Only in scratch_amanda,07e9f423,-2.814872325289522,-40.23479202062942,ACARAU,,BRA,0.0,anchorage_overrides,,,,,,0,,,0,,,BRA
Only in scratch_amanda,07e9f687,-2.8271498368478514,-40.21945552463481,ACARAU,,BRA,0.0,anchorage_overrides,,,,,,0,,,0,,,BRA
Only in scratch_amanda,07ea02bf,-2.877647224119564,-40.12735348326794,ACARAU,,BRA,0.0,anchorage_overrides,,,,,,0,,,0,,,BRA
Only in scratch_amanda,07e9f693,-2.819813495602857,-40.209228994949136,ACARAU,,BRA,0.0,anchorage_overrides,,,,,,0,,,0,,,BRA
Only in scratch_amanda,07e9f419,-2.810993639012552,-40.23479202062941,ACARAU,,BRA,0.0,anchorage_overrides,,,,,,0,,,0,,,BRA
Only in scratch_amanda,07e9f425,-2.818751419211602,-40.23479202062941,ACARAU,,BRA,0.0,anchorage_overrides,,,,,,0,,,0,,,BRA
Only in scratch_amanda,07e9ff15,-2.850170036948662,-40.04023768790381,ACARAU,,BRA,0.0,anchorage_overrides,,,,,,0,,,0,,,BRA
Only in scratch_amanda,07ea02a3,-2.8698657875538007,-40.12735348326794,ACARAU,,BRA,0.0,anchorage_overrides,,,,,,0,,,0,,,BRA
Only in scratch_amanda,07e9ff25,-2.8419583606927277,-40.05049317698218,ACARAU,,BRA,0.0,anchorage_overrides,,,,,,0,,,0,,,BRA
Only in scratch_amanda,07e9f42f,-2.822630920734828,-40.23479202062941,ACARAU,,BRA,0.0,anchorage_overrides,,,,,,0,,,0,,,BRA
Only in scratch_amanda,07ea02eb,-2.8817552592583167,-40.12223253194588,ACARAU,,BRA,0.0,anchorage_overrides,,,,,,0,,,0,,,BRA
Only in scratch_amanda,07e9ff3f,-2.849956027754849,-40.04536565135308,ACARAU,,BRA,0.0,anchorage_overrides,,,,,,0,,,0,,,BRA
Only in scratch_amanda,07e9f691,-2.8196010887669303,-40.21434247965624,ACARAU,,BRA,0.0,anchorage_overrides,,,,,,0,,,0,,,BRA
Only in scratch_amanda,07ea02c5,-2.885213289141529,-40.13247399583807,ACARAU,,BRA,0.0,anchorage_overrides,,,,,,0,,,0,,,BRA
Only in scratch_amanda,07ea02b9,-2.8774308057722573,-40.13247399583807,ACARAU,,BRA,0.0,anchorage_overrides,,,,,,0,,,0,,,BRA
Only in scratch_amanda,07ea029b,-2.870297444307495,-40.11711114192977,ACARAU,,BRA,0.0,anchorage_overrides,,,,,,0,,,0,,,BRA
Only in scratch_amanda,07ea02c7,-2.8813218437218646,-40.13247399583808,ACARAU,,BRA,0.0,anchorage_overrides,,,,,,0,,,0,,,BRA
Only in scratch_amanda,07e9f69b,-2.8193886776999975,-40.21945552463481,ACARAU,,BRA,0.0,anchorage_overrides,,,,,,0,,,0,,,BRA
Only in scratch_amanda,07e9ff23,-2.842171791856798,-40.04536565135308,ACARAU,,BRA,0.0,anchorage_overrides,,,,,,0,,,0,,,BRA
Only in scratch_amanda,07ea02e7,-2.8895397243387295,-40.12223253194588,ACARAU,,BRA,0.0,anchorage_overrides,,,,,,0,,,0,,,BRA
Only in scratch_amanda,07e9ff3b,-2.845849983158777,-40.05049317698218,ACARAU,,BRA,0.0,anchorage_overrides,,,,,,0,,,0,,,BRA
Only in scratch_amanda,07e9f697,-2.81572082932098,-40.21434247965624,ACARAU,,BRA,0.0,anchorage_overrides,,,,,,0,,,0,,,BRA
Only in scratch_amanda,91166341,-15.351587799115045,-75.17376931061946,ACARI,,PER,0.0,anchorage_overrides,,,,,,0,,,0,,,PER
Only in scratch_amanda,962207a1,-42.46888888888889,-73.49069444444444,ACHAO,,CHL,0.0,anchorage_overrides,,,,,,0,,,0,,,CHL
Only in scratch_amanda,bdb2831b,-53.40277777777778,-70.98583333333333,AGUA FRESCA,,CHL,0.0,anchorage_overrides,,,,,,0,,,0,,,CHL
Only in scratch_amanda,96187005,-41.77911111111111,-73.28741666666666,AGUANTAO,,CHL,0.0,anchorage_overrides,,,,,,0,,,0,,,CHL
Only in scratch_amanda,961f525d,-42.60469444444445,-73.30108333333332,ALAO,,CHL,0.0,anchorage_overrides,,,,,,0,,,0,,,CHL
Only in scratch_amanda,0734e6f9,-17.534859790590858,-39.19857228234076,ALCOBACA,,BRA,0.0,anchorage_overrides,,,,,,0,,,0,,,BRA
Only in scratch_amanda,0734e7a7,-17.55567477413569,-39.19337334521225,ALCOBACA,,BRA,0.0,anchorage_overrides,,,,,,0,,,0,,,BRA
Only in scratch_amanda,0734e709,-17.55445558828816,-39.19857228234076,ALCOBACA,,BRA,0.0,anchorage_overrides,,,,,,0,,,0,,,BRA
Only in scratch_amanda,0734e705,-17.548337493653428,-39.20377079191155,ALCOBACA,,BRA,0.0,anchorage_overrides,,,,,,0,,,0,,,BRA
Only in scratch_amanda,0734e7a1,-17.56057436020007,-39.19337334521224,ALCOBACA,,BRA,0.0,anchorage_overrides,,,,,,0,,,0,,,BRA
Only in scratch_amanda,0734e6fb,-17.533641739506248,-39.203770791911545,ALCOBACA,,BRA,0.0,anchorage_overrides,,,,,,0,,,0,,,BRA
Only in scratch_amanda,0734e6fd,-17.53854018796583,-39.20377079191155,ALCOBACA,,BRA,0.0,anchorage_overrides,,,,,,0,,,0,,,BRA
Only in scratch_amanda,0734e659,-17.531178884530274,-39.19337334521225,ALCOBACA,,BRA,0.0,anchorage_overrides,,,,,,0,,,0,,,BRA
Only in scratch_amanda,0734e6ff,-17.539758535729625,-39.19857228234076,ALCOBACA,,BRA,0.0,anchorage_overrides,,,,,,0,,,0,,,BRA
Only in scratch_amanda,0734e7ab,-17.545876009804577,-39.19337334521225,ALCOBACA,,BRA,0.0,anchorage_overrides,,,,,,0,,,0,,,BRA
Only in scratch_amanda,0734e701,-17.544657417135557,-39.19857228234075,ALCOBACA,,BRA,0.0,anchorage_overrides,,,,,,0,,,0,,,BRA
Only in scratch_amanda,0734e70b,-17.559354877804427,-39.19857228234075,ALCOBACA,,BRA,0.0,anchorage_overrides,,,,,,0,,,0,,,BRA
Only in scratch_amanda,0734e707,-17.549556434693468,-39.19857228234076,ALCOBACA,,BRA,0.0,anchorage_overrides,,,,,,0,,,0,,,BRA
Only in scratch_amanda,0734e657,-17.536077789971785,-39.19337334521225,ALCOBACA,,BRA,0.0,anchorage_overrides,,,,,,0,,,0,,,BRA
Only in scratch_amanda,0734e6f1,-17.528743427456366,-39.20377079191155,ALCOBACA,,BRA,0.0,anchorage_overrides,,,,,,0,,,0,,,BRA
Only in scratch_amanda,0734e703,-17.543438772719952,-39.20377079191155,ALCOBACA,,BRA,0.0,anchorage_overrides,,,,,,0,,,0,,,BRA
Only in scratch_amanda,0734e70f,-17.553236350651108,-39.203770791911545,ALCOBACA,,BRA,0.0,anchorage_overrides,,,,,,0,,,0,,,BRA
Only in scratch_amanda,0734e6f7,-17.529961181834437,-39.19857228234075,ALCOBACA,,BRA,0.0,anchorage_overrides,,,,,,0,,,0,,,BRA
Only in scratch_amanda,0734e7a9,-17.55077532396544,-39.19337334521224,ALCOBACA,,BRA,0.0,anchorage_overrides,,,,,,0,,,0,,,BRA
Only in scratch_amanda,0734e655,-17.540976831768283,-39.19337334521225,ALCOBACA,,BRA,0.0,anchorage_overrides,,,,,,0,,,0,,,BRA
Only in scratch_amanda,9700ca53,-33.76337222222222,-80.75684722222222,ALEJANDRO SELKIRK,,CHL,0.0,anchorage_overrides,,,,,,0,,,0,,,CHL
Only in scratch_amanda,96184407,-41.67272222222222,-72.99052777777779,ALFARO,,CHL,0.0,anchorage_overrides,,,,,,0,,,0,,,CHL
Only in scratch_amanda,96621161,-33.363480555555554,-71.67279444444445,ALGARROBO,,CHL,0.0,anchorage_overrides,,,,,,0,,,0,,,CHL
Only in scratch_amanda,9621d8c9,-42.972972222222225,-73.49305555555556,ALQUI,,CHL,0.0,anchorage_overrides,,,,,,0,,,0,,,CHL
Only in scratch_amanda,9615f653,-39.87469166666667,-73.42629444444445,AMARGOS,,CHL,0.0,anchorage_overrides,,,,,,0,,,0,,,CHL
Only in scratch_amanda,31a79685,10.015046,104.0145654,AN THOI FISHING PORT,,VNM,0.0,anchorage_overrides,,,,,,0,,,0,,,VNM
Only in scratch_amanda,00b91d33,-20.808919677702356,-40.6626007975766,ANCHIETA,,BRA,0.0,anchorage_overrides,,,,,,0,,,0,,,BRA
Only in scratch_amanda,00b902c7,-20.795697793813268,-40.65752622204448,ANCHIETA,,BRA,0.0,anchorage_overrides,,,,,,0,,,0,,,BRA
Only in scratch_amanda,00b902cf,-20.799140606275916,-40.6626007975766,ANCHIETA,,BRA,0.0,anchorage_overrides,,,,,,0,,,0,,,BRA
Only in scratch_amanda,00b902b9,-20.797144376405733,-40.65245120200032,ANCHIETA,,BRA,0.0,anchorage_overrides,,,,,,0,,,0,,,BRA
Only in scratch_amanda,00b902b5,-20.806924439873143,-40.65245120200032,ANCHIETA,,BRA,0.0,anchorage_overrides,,,,,,0,,,0,,,BRA
Only in scratch_amanda,00b902ad,-20.80981856655603,-40.64229982858774,ANCHIETA,,BRA,0.0,anchorage_overrides,,,,,,0,,,0,,,BRA
Only in scratch_amanda,00b902cb,-20.80547730100775,-40.65752622204448,ANCHIETA,,BRA,0.0,anchorage_overrides,,,,,,0,,,0,,,BRA
Only in scratch_amanda,00b91d4f,-20.81815238851295,-40.64737573749707,ANCHIETA,,BRA,0.0,anchorage_overrides,,,,,,0,,,0,,,BRA
Only in scratch_amanda,00b902c9,-20.800587517264137,-40.65752622204449,ANCHIETA,,BRA,0.0,anchorage_overrides,,,,,,0,,,0,,,BRA
Only in scratch_amanda,00b902bb,-20.798590908715,-40.64737573749707,ANCHIETA,,BRA,0.0,anchorage_overrides,,,,,,0,,,0,,,BRA
Only in scratch_amanda,00b902b3,-20.80837152841105,-40.647375737497065,ANCHIETA,,BRA,0.0,anchorage_overrides,,,,,,0,,,0,,,BRA
Only in scratch_amanda,00b902b1,-20.80348118845538,-40.647375737497065,ANCHIETA,,BRA,0.0,anchorage_overrides,,,,,,0,,,0,,,BRA
Only in scratch_amanda,00b902b7,-20.802034378012436,-40.65245120200032,ANCHIETA,,BRA,0.0,anchorage_overrides,,,,,,0,,,0,,,BRA
Only in scratch_amanda,00b91d4d,-20.81326192846818,-40.647375737497065,ANCHIETA,,BRA,0.0,anchorage_overrides,,,,,,0,,,0,,,BRA
Only in scratch_amanda,00b902cd,-20.804030111880294,-40.6626007975766,ANCHIETA,,BRA,0.0,anchorage_overrides,,,,,,0,,,0,,,BRA
Only in scratch_amanda,00b902bf,-20.792254435166853,-40.65245120200032,ANCHIETA,,BRA,0.0,anchorage_overrides,,,,,,0,,,0,,,BRA
Only in scratch_amanda,00b902c5,-20.794251161003004,-40.6626007975766,ANCHIETA,,BRA,0.0,anchorage_overrides,,,,,,0,,,0,,,BRA
Only in scratch_amanda,91067fef,-11.767741183429338,-77.17775907856662,ANCON,,PER,0.0,anchorage_overrides,,,,,,0,,,0,,,PER
Only in scratch_amanda,91067fe5,-11.7652303030303,-77.18845848484848,ANCON,,PER,0.0,anchorage_overrides,,,,,,0,,,0,,,PER
Only in scratch_amanda,96183bbf,-41.48694444444445,-72.96388888888889,ANGELMO,,CHL,0.0,anchorage_overrides,,,,,,0,,,0,,,CHL
Only in scratch_amanda,009cff11,-23.191995762739488,-44.34966832314964,ANGRA DOS REIS,,BRA,0.0,anchorage_overrides,,,,,,0,,,0,,,BRA
Only in scratch_amanda,009c495b,-22.93976347733086,-44.31655886729741,ANGRA DOS REIS,,BRA,0.0,anchorage_overrides,,,,,,0,,,0,,,BRA
Only in scratch_amanda,009c4c7d,-22.943680156995818,-44.359123921590594,ANGRA DOS REIS,,BRA,0.0,anchorage_overrides,,,,,,0,,,0,,,BRA
Only in scratch_amanda,009c4c7b,-22.945339649716928,-44.35439635829147,ANGRA DOS REIS,,BRA,0.0,anchorage_overrides,,,,,,0,,,0,,,BRA
Only in scratch_amanda,009c4e69,-23.00435548319462,-44.30709477736588,ANGRA DOS REIS,,BRA,0.0,anchorage_overrides,,,,,,0,,,0,,,BRA
Only in scratch_amanda,009c4ea9,-22.95695567152364,-44.321290204758704,ANGRA DOS REIS,,BRA,0.0,anchorage_overrides,,,,,,0,,,0,,,BRA
Only in scratch_amanda,009cff6b,-23.184244762928714,-44.34493981618568,ANGRA DOS REIS,,BRA,0.0,anchorage_overrides,,,,,,0,,,0,,,BRA
Only in scratch_amanda,009c4bf1,-22.937841943798492,-44.33548138687405,ANGRA DOS REIS,,BRA,0.0,anchorage_overrides,,,,,,0,,,0,,,BRA
Only in scratch_amanda,009c4bfb,-22.939500566691255,-44.330751464567875,ANGRA DOS REIS,,BRA,0.0,anchorage_overrides,,,,,,0,,,0,,,BRA
Only in scratch_amanda,009cff5b,-23.178164821157317,-44.33548138687405,ANGRA DOS REIS,,BRA,0.0,anchorage_overrides,,,,,,0,,,0,,,BRA
Only in scratch_amanda,009cff15,-23.188956835242628,-44.34493981618568,ANGRA DOS REIS,,BRA,0.0,anchorage_overrides,,,,,,0,,,0,,,BRA
Only in scratch_amanda,009cff6f,-23.177860332696667,-44.34966832314964,ANGRA DOS REIS,,BRA,0.0,anchorage_overrides,,,,,,0,,,0,,,BRA
Only in scratch_amanda,009c4dfd,-23.01655882873334,-44.32602107052247,ANGRA DOS REIS,,BRA,0.0,anchorage_overrides,,,,,,0,,,0,,,BRA
Only in scratch_amanda,009c4949,-22.94779344895813,-44.30709477736588,ANGRA DOS REIS,,BRA,0.0,anchorage_overrides,,,,,,0,,,0,,,BRA
Only in scratch_amanda,009c4ea5,-22.963327974768813,-44.3165588672974,ANGRA DOS REIS,,BRA,0.0,anchorage_overrides,,,,,,0,,,0,,,BRA
Only in scratch_amanda,009c4c01,-22.95058389837887,-44.32602107052247,ANGRA DOS REIS,,BRA,0.0,anchorage_overrides,,,,,,0,,,0,,,BRA
Only in scratch_amanda,009c4ddf,-23.002421076751713,-44.32602107052247,ANGRA DOS REIS,,BRA,0.0,anchorage_overrides,,,,,,0,,,0,,,BRA
Only in scratch_amanda,009c4b8b,-22.939235947356497,-44.34493981618568,ANGRA DOS REIS,,BRA,0.0,anchorage_overrides,,,,,,0,,,0,,,BRA
Only in scratch_amanda,009c4ecd,-22.960538389924377,-44.29762880089561,ANGRA DOS REIS,,BRA,0.0,anchorage_overrides,,,,,,0,,,0,,,BRA
Only in scratch_amanda,009c4ea7,-22.961668340511764,-44.321290204758704,ANGRA DOS REIS,,BRA,0.0,anchorage_overrides,,,,,,0,,,0,,,BRA
Only in scratch_amanda,009c4ec9,-22.96359305697542,-44.302362024937565,ANGRA DOS REIS,,BRA,0.0,anchorage_overrides,,,,,,0,,,0,,,BRA
Only in scratch_amanda,009cff65,-23.17314854688724,-44.34966832314964,ANGRA DOS REIS,,BRA,0.0,anchorage_overrides,,,,,,0,,,0,,,BRA
Only in scratch_amanda,009c4e77,-22.999370287800204,-44.321290204758704,ANGRA DOS REIS,,BRA,0.0,anchorage_overrides,,,,,,0,,,0,,,BRA
Only in scratch_amanda,009cff3f,-23.190629713562924,-44.340210837420216,ANGRA DOS REIS,,BRA,0.0,anchorage_overrides,,,,,,0,,,0,,,BRA
Only in scratch_amanda,009c4955,-22.947530384280384,-44.321290204758704,ANGRA DOS REIS,,BRA,0.0,anchorage_overrides,,,,,,0,,,0,,,BRA
Only in scratch_amanda,009c4eb1,-22.96027439565876,-44.31182705815948,ANGRA DOS REIS,,BRA,0.0,anchorage_overrides,,,,,,0,,,0,,,BRA
Only in scratch_amanda,009c4951,-22.944476342745585,-44.3165588672974,ANGRA DOS REIS,,BRA,0.0,anchorage_overrides,,,,,,0,,,0,,,BRA
Only in scratch_amanda,009c4953,-22.949189225298387,-44.31655886729741,ANGRA DOS REIS,,BRA,0.0,anchorage_overrides,,,,,,0,,,0,,,BRA
Only in scratch_amanda,009c4c75,-22.943947259929885,-44.34493981618568,ANGRA DOS REIS,,BRA,0.0,anchorage_overrides,,,,,,0,,,0,,,BRA
Only in scratch_amanda,009cff13,-23.187283940724136,-44.34966832314964,ANGRA DOS REIS,,BRA,0.0,anchorage_overrides,,,,,,0,,,0,,,BRA
Only in scratch_amanda,009c4eb5,-22.957220288906136,-44.30709477736588,ANGRA DOS REIS,,BRA,0.0,anchorage_overrides,,,,,,0,,,0,,,BRA
Only in scratch_amanda,009c4e67,-22.999641890851777,-44.30709477736588,ANGRA DOS REIS,,BRA,0.0,anchorage_overrides,,,,,,0,,,0,,,BRA
Only in scratch_amanda,009c4b8f,-22.93286598338765,-44.34966832314964,ANGRA DOS REIS,,BRA,0.0,anchorage_overrides,,,,,,0,,,0,,,BRA
Only in scratch_amanda,009c4959,-22.938105165358586,-44.321290204758704,ANGRA DOS REIS,,BRA,0.0,anchorage_overrides,,,,,,0,,,0,,,BRA
Only in scratch_amanda,009c4b8d,-22.93452465208304,-44.34493981618568,ANGRA DOS REIS,,BRA,0.0,anchorage_overrides,,,,,,0,,,0,,,BRA
Only in scratch_amanda,009c4e1b,-23.021547238425175,-44.31182705815948,ANGRA DOS REIS,,BRA,0.0,anchorage_overrides,,,,,,0,,,0,,,BRA
Only in scratch_amanda,009c4eab,-22.95224301941264,-44.321290204758704,ANGRA DOS REIS,,BRA,0.0,anchorage_overrides,,,,,,0,,,0,,,BRA
Only in scratch_amanda,009c4eaf,-22.95861504141163,-44.31655886729741,ANGRA DOS REIS,,BRA,0.0,anchorage_overrides,,,,,,0,,,0,,,BRA
Only in scratch_amanda,009cff43,-23.18120505642003,-44.340210837420216,ANGRA DOS REIS,,BRA,0.0,anchorage_overrides,,,,,,0,,,0,,,BRA
Only in scratch_amanda,009c4bf5,-22.940894865440164,-44.340210837420216,ANGRA DOS REIS,,BRA,0.0,anchorage_overrides,,,,,,0,,,0,,,BRA
Only in scratch_amanda,009c4ead,-22.953902124887605,-44.3165588672974,ANGRA DOS REIS,,BRA,0.0,anchorage_overrides,,,,,,0,,,0,,,BRA
Only in scratch_amanda,009cff71,-23.176187946657645,-44.35439635829146,ANGRA DOS REIS,,BRA,0.0,anchorage_overrides,,,,,,0,,,0,,,BRA
Only in scratch_amanda,009c4c79,-22.94062884900859,-44.35439635829147,ANGRA DOS REIS,,BRA,0.0,anchorage_overrides,,,,,,0,,,0,,,BRA
Only in scratch_amanda,009c4de1,-23.007133644975777,-44.32602107052247,ANGRA DOS REIS,,BRA,0.0,anchorage_overrides,,,,,,0,,,0,,,BRA
Only in scratch_amanda,009c4e07,-23.018221647800768,-44.321290204758704,ANGRA DOS REIS,,BRA,0.0,anchorage_overrides,,,,,,0,,,0,,,BRA
Only in scratch_amanda,009c4957,-22.94281776622849,-44.321290204758704,ANGRA DOS REIS,,BRA,0.0,anchorage_overrides,,,,,,0,,,0,,,BRA
Only in scratch_amanda,009c4933,-22.95582443269032,-44.297628800895616,ANGRA DOS REIS,,BRA,0.0,anchorage_overrides,,,,,,0,,,0,,,BRA
Only in scratch_amanda,009c4ecb,-22.95887934732218,-44.302362024937565,ANGRA DOS REIS,,BRA,0.0,anchorage_overrides,,,,,,0,,,0,,,BRA
Only in scratch_amanda,009c4b91,-22.928154970169956,-44.34966832314964,ANGRA DOS REIS,,BRA,0.0,anchorage_overrides,,,,,,0,,,0,,,BRA
Only in scratch_amanda,009cff6d,-23.18257213067608,-44.34966832314964,ANGRA DOS REIS,,BRA,0.0,anchorage_overrides,,,,,,0,,,0,,,BRA
Only in scratch_amanda,009c4937,-22.94945197852611,-44.302362024937565,ANGRA DOS REIS,,BRA,0.0,anchorage_overrides,,,,,,0,,,0,,,BRA
Only in scratch_amanda,009c494b,-22.952506860457863,-44.30709477736588,ANGRA DOS REIS,,BRA,0.0,anchorage_overrides,,,,,,0,,,0,,,BRA
Only in scratch_amanda,009c4b89,-22.937577014050703,-44.34966832314964,ANGRA DOS REIS,,BRA,0.0,anchorage_overrides,,,,,,0,,,0,,,BRA
Only in scratch_amanda,009c4e41,-23.01073105530165,-44.302362024937565,ANGRA DOS REIS,,BRA,0.0,anchorage_overrides,,,,,,0,,,0,,,BRA
Only in scratch_amanda,009c495f,-22.93339258177231,-44.321290204758704,ANGRA DOS REIS,,BRA,0.0,anchorage_overrides,,,,,,0,,,0,,,BRA
Only in scratch_amanda,009c4be3,-22.936446837882343,-44.32602107052247,ANGRA DOS REIS,,BRA,0.0,anchorage_overrides,,,,,,0,,,0,,,BRA
Only in scratch_amanda,009cff69,-23.179532702638845,-44.34493981618568,ANGRA DOS REIS,,BRA,0.0,anchorage_overrides,,,,,,0,,,0,,,BRA
Only in scratch_amanda,009c4e43,-23.006017183210695,-44.302362024937565,ANGRA DOS REIS,,BRA,0.0,anchorage_overrides,,,,,,0,,,0,,,BRA
Only in scratch_amanda,009c4c0b,-22.94560644256183,-44.340210837420216,ANGRA DOS REIS,,BRA,0.0,anchorage_overrides,,,,,,0,,,0,,,BRA
Only in scratch_amanda,009c4eb3,-22.95556121474002,-44.31182705815947,ANGRA DOS REIS,,BRA,0.0,anchorage_overrides,,,,,,0,,,0,,,BRA
Only in scratch_amanda,009c4be5,-22.934788494965797,-44.330751464567875,ANGRA DOS REIS,,BRA,0.0,anchorage_overrides,,,,,,0,,,0,,,BRA
Only in scratch_amanda,009c4e0b,-23.00879593628136,-44.321290204758704,ANGRA DOS REIS,,BRA,0.0,anchorage_overrides,,,,,,0,,,0,,,BRA
Only in scratch_amanda,009c4bf3,-22.936183305574534,-44.340210837420216,ANGRA DOS REIS,,BRA,0.0,anchorage_overrides,,,,,,0,,,0,,,BRA
Only in scratch_amanda,009c4c71,-22.946999127306754,-44.34966832314964,ANGRA DOS REIS,,BRA,0.0,anchorage_overrides,,,,,,0,,,0,,,BRA
Only in scratch_amanda,009c4e71,-23.00103203542551,-44.3165588672974,ANGRA DOS REIS,,BRA,0.0,anchorage_overrides,,,,,,0,,,0,,,BRA
Only in scratch_amanda,009c4c73,-22.94865858970165,-44.34493981618568,ANGRA DOS REIS,,BRA,0.0,anchorage_overrides,,,,,,0,,,0,,,BRA
Only in scratch_amanda,009c4de3,-23.011846229003513,-44.32602107052247,ANGRA DOS REIS,,BRA,0.0,anchorage_overrides,,,,,,0,,,0,,,BRA
Only in scratch_amanda,009c4e75,-23.00408310411021,-44.321290204758704,ANGRA DOS REIS,,BRA,0.0,anchorage_overrides,,,,,,0,,,0,,,BRA
Only in scratch_amanda,009c4bff,-22.945871527721867,-44.32602107052247,ANGRA DOS REIS,,BRA,0.0,anchorage_overrides,,,,,,0,,,0,,,BRA
Only in scratch_amanda,009c4e17,-23.018496354799403,-44.30709477736588,ANGRA DOS REIS,,BRA,0.0,anchorage_overrides,,,,,,0,,,0,,,BRA
Only in scratch_amanda,009c4e6f,-23.002693767244928,-44.31182705815947,ANGRA DOS REIS,,BRA,0.0,anchorage_overrides,,,,,,0,,,0,,,BRA
Only in scratch_amanda,009c4b93,-22.929813374211072,-44.34493981618568,ANGRA DOS REIS,,BRA,0.0,anchorage_overrides,,,,,,0,,,0,,,BRA
Only in scratch_amanda,009c494d,-22.950848050712125,-44.31182705815947,ANGRA DOS REIS,,BRA,0.0,anchorage_overrides,,,,,,0,,,0,,,BRA
Only in scratch_amanda,009c4935,-22.95416565447185,-44.302362024937565,ANGRA DOS REIS,,BRA,0.0,anchorage_overrides,,,,,,0,,,0,,,BRA
Only in scratch_amanda,009c4eb9,-22.96664719624165,-44.30709477736588,ANGRA DOS REIS,,BRA,0.0,anchorage_overrides,,,,,,0,,,0,,,BRA
Only in scratch_amanda,009cff17,-23.19366891947926,-44.34493981618568,ANGRA DOS REIS,,BRA,0.0,anchorage_overrides,,,,,,0,,,0,,,BRA
Only in scratch_amanda,009c4bed,-22.93147176306651,-44.340210837420216,ANGRA DOS REIS,,BRA,0.0,anchorage_overrides,,,,,,0,,,0,,,BRA
Only in scratch_amanda,009c4eb7,-22.96193373420128,-44.30709477736588,ANGRA DOS REIS,,BRA,0.0,anchorage_overrides,,,,,,0,,,0,,,BRA
Only in scratch_amanda,009c4c63,-22.94839071037367,-44.359123921590594,ANGRA DOS REIS,,BRA,0.0,anchorage_overrides,,,,,,0,,,0,,,BRA
Only in scratch_amanda,009c4c65,-22.950050467609923,-44.35439635829147,ANGRA DOS REIS,,BRA,0.0,anchorage_overrides,,,,,,0,,,0,,,BRA
Only in scratch_amanda,009c4e73,-23.00574511570833,-44.3165588672974,ANGRA DOS REIS,,BRA,0.0,anchorage_overrides,,,,,,0,,,0,,,BRA
Only in scratch_amanda,009c4e6d,-23.007407111482177,-44.31182705815947,ANGRA DOS REIS,,BRA,0.0,anchorage_overrides,,,,,,0,,,0,,,BRA
Only in scratch_amanda,009cff5d,-23.176492745919163,-44.340210837420216,ANGRA DOS REIS,,BRA,0.0,anchorage_overrides,,,,,,0,,,0,,,BRA
Only in scratch_amanda,009cff0f,-23.190322589847096,-44.35439635829147,ANGRA DOS REIS,,BRA,0.0,anchorage_overrides,,,,,,0,,,0,,,BRA
Only in scratch_amanda,009c4e3f,-23.015444943077327,-44.302362024937565,ANGRA DOS REIS,,BRA,0.0,anchorage_overrides,,,,,,0,,,0,,,BRA
Only in scratch_amanda,009c4c77,-22.942288062057592,-44.34966832314964,ANGRA DOS REIS,,BRA,0.0,anchorage_overrides,,,,,,0,,,0,,,BRA
Only in scratch_amanda,009c4bef,-22.93313013667263,-44.33548138687405,ANGRA DOS REIS,,BRA,0.0,anchorage_overrides,,,,,,0,,,0,,,BRA
Only in scratch_amanda,009c4ebb,-22.964987593366697,-44.31182705815947,ANGRA DOS REIS,,BRA,0.0,anchorage_overrides,,,,,,0,,,0,,,BRA
Only in scratch_amanda,009c4e15,-23.01378271527005,-44.30709477736588,ANGRA DOS REIS,,BRA,0.0,anchorage_overrides,,,,,,0,,,0,,,BRA
Only in scratch_amanda,009cff41,-23.185917379001737,-44.340210837420216,ANGRA DOS REIS,,BRA,0.0,anchorage_overrides,,,,,,0,,,0,,,BRA
Only in scratch_amanda,009c4be1,-22.931734518903053,-44.32602107052248,ANGRA DOS REIS,,BRA,0.0,anchorage_overrides,,,,,,0,,,0,,,BRA
Only in scratch_amanda,009cff67,-23.17482065447441,-44.34493981618568,ANGRA DOS REIS,,BRA,0.0,anchorage_overrides,,,,,,0,,,0,,,BRA
Only in scratch_amanda,009c4e09,-23.013508784212068,-44.321290204758704,ANGRA DOS REIS,,BRA,0.0,anchorage_overrides,,,,,,0,,,0,,,BRA
Only in scratch_amanda,009c4bfd,-22.941159174189153,-44.32602107052248,ANGRA DOS REIS,,BRA,0.0,anchorage_overrides,,,,,,0,,,0,,,BRA
Only in scratch_amanda,009c4e6b,-23.009069091367913,-44.30709477736588,ANGRA DOS REIS,,BRA,0.0,anchorage_overrides,,,,,,0,,,0,,,BRA
Only in scratch_amanda,009c4e65,-22.997980438882227,-44.31182705815948,ANGRA DOS REIS,,BRA,0.0,anchorage_overrides,,,,,,0,,,0,,,BRA
Only in scratch_amanda,9618bb67,-42.32919444444445,-73.24972222222222,ANIHUE,,CHL,0.0,anchorage_overrides,,,,,,0,,,0,,,CHL
Only in scratch_amanda,966a7f77,-38.09628055555556,-73.44961944444445,ANTIQUINA,,CHL,0.0,anchorage_overrides,,,,,,0,,,0,,,CHL
Only in scratch_amanda,92ad361d,-1.5176591400024786,-45.086341887071,APICUM-ACU,,BRA,0.0,anchorage_overrides,,,,,,0,,,0,,,BRA
Only in scratch_amanda,92ad3607,-1.5139333295735191,-45.07699980576962,APICUM-ACU,,BRA,0.0,anchorage_overrides,,,,,,0,,,0,,,BRA
Only in scratch_amanda,92ad3603,-1.5175358315088212,-45.08167060939888,APICUM-ACU,,BRA,0.0,anchorage_overrides,,,,,,0,,,0,,,BRA
Only in scratch_amanda,92ad360f,-1.5105772664673889,-45.08167060939888,APICUM-ACU,,BRA,0.0,anchorage_overrides,,,,,,0,,,0,,,BRA
Only in scratch_amanda,92ad35ff,-1.5172892217813496,-45.072329476199265,APICUM-ACU,,BRA,0.0,anchorage_overrides,,,,,,0,,,0,,,BRA
Only in scratch_amanda,92ad360b,-1.5069761125802743,-45.07699980576962,APICUM-ACU,,BRA,0.0,anchorage_overrides,,,,,,0,,,0,,,BRA
Only in scratch_amanda,92ad360d,-1.5070985713699083,-45.08167060939888,APICUM-ACU,,BRA,0.0,anchorage_overrides,,,,,,0,,,0,,,BRA
Only in scratch_amanda,92ad3605,-1.5140563531901847,-45.08167060939888,APICUM-ACU,,BRA,0.0,anchorage_overrides,,,,,,0,,,0,,,BRA
Only in scratch_amanda,92ad3609,-1.5104545252792296,-45.07699980576962,APICUM-ACU,,BRA,0.0,anchorage_overrides,,,,,,0,,,0,,,BRA
Only in scratch_amanda,92ad3611,-1.5107000100631052,-45.086341887071,APICUM-ACU,,BRA,0.0,anchorage_overrides,,,,,,0,,,0,,,BRA
Only in scratch_amanda,92ad4a03,-1.524248223085404,-45.07232947619926,APICUM-ACU,,BRA,0.0,anchorage_overrides,,,,,,0,,,0,,,BRA
Only in scratch_amanda,92ad361b,-1.514179379219884,-45.086341887071,APICUM-ACU,,BRA,0.0,anchorage_overrides,,,,,,0,,,0,,,BRA
Only in scratch_amanda,92ad4a01,-1.5207685266949194,-45.072329476199265,APICUM-ACU,,BRA,0.0,anchorage_overrides,,,,,,0,,,0,,,BRA
Only in scratch_amanda,92ad3601,-1.5174125254336737,-45.07699980576962,APICUM-ACU,,BRA,0.0,anchorage_overrides,,,,,,0,,,0,,,BRA
Only in scratch_amanda,92ad35fd,-1.5138103083741907,-45.07232947619926,APICUM-ACU,,BRA,0.0,anchorage_overrides,,,,,,0,,,0,,,BRA
Only in scratch_amanda,92ad49e3,-1.521139292381387,-45.08634188707099,APICUM-ACU,,BRA,0.0,anchorage_overrides,,,,,,0,,,0,,,BRA
Only in scratch_amanda,92ad49fb,-1.5244959628156227,-45.08167060939888,APICUM-ACU,,BRA,0.0,anchorage_overrides,,,,,,0,,,0,,,BRA
Only in scratch_amanda,92ad49ff,-1.5208921128302073,-45.07699980576962,APICUM-ACU,,BRA,0.0,anchorage_overrides,,,,,,0,,,0,,,BRA
Only in scratch_amanda,92ad35e3,-1.510331786502923,-45.07232947619926,APICUM-ACU,,BRA,0.0,anchorage_overrides,,,,,,0,,,0,,,BRA
Only in scratch_amanda,92ad49f9,-1.5243720917336157,-45.076999805769624,APICUM-ACU,,BRA,0.0,anchorage_overrides,,,,,,0,,,0,,,BRA
Only in scratch_amanda,92ad49fd,-1.5210157013938044,-45.08167060939888,APICUM-ACU,,BRA,0.0,anchorage_overrides,,,,,,0,,,0,,,BRA
Only in scratch_amanda,92ad49e5,-1.5246198363270913,-45.086341887071,APICUM-ACU,,BRA,0.0,anchorage_overrides,,,,,,0,,,0,,,BRA
Only in scratch_amanda,071ab35f,-10.900016960025711,-37.04271746466304,ARACAJU,,BRA,0.0,anchorage_overrides,,,,,,0,,,0,,,BRA
Only in scratch_amanda,071ab389,-10.93300557400881,-37.04271746466304,ARACAJU,,BRA,0.0,anchorage_overrides,,,,,,0,,,0,,,BRA
Only in scratch_amanda,071ab39d,-10.922071354091324,-37.053450799139576,ARACAJU,,BRA,0.0,anchorage_overrides,,,,,,0,,,0,,,BRA
Only in scratch_amanda,071ab4a3,-10.901521159952429,-37.03198254520552,ARACAJU,,BRA,0.0,anchorage_overrides,,,,,,0,,,0,,,BRA
Only in scratch_amanda,071ab373,-10.911893810603749,-37.058816871792374,ARACAJU,,BRA,0.0,anchorage_overrides,,,,,,0,,,0,,,BRA
Only in scratch_amanda,071ab37f,-10.91886586568778,-37.04271746466304,ARACAJU,,BRA,0.0,anchorage_overrides,,,,,,0,,,0,,,BRA
Only in scratch_amanda,071ab49d,-10.910193574892402,-37.037350203013375,ARACAJU,,BRA,0.0,anchorage_overrides,,,,,,0,,,0,,,BRA
Only in scratch_amanda,071ab39b,-10.926783971648568,-37.05345079913957,ARACAJU,,BRA,0.0,anchorage_overrides,,,,,,0,,,0,,,BRA
Only in scratch_amanda,071ab47d,-10.925086105950934,-37.03198254520552,ARACAJU,,BRA,0.0,anchorage_overrides,,,,,,0,,,0,,,BRA
Only in scratch_amanda,071ab36d,-10.907182367732943,-37.058816871792374,ARACAJU,,BRA,0.0,anchorage_overrides,,,,,,0,,,0,,,BRA
Only in scratch_amanda,071ab485,-10.915659261815277,-37.03198254520552,ARACAJU,,BRA,0.0,anchorage_overrides,,,,,,0,,,0,,,BRA
Only in scratch_amanda,071ab357,-10.89059423986398,-37.04271746466304,ARACAJU,,BRA,0.0,anchorage_overrides,,,,,,0,,,0,,,BRA
Only in scratch_amanda,071ab365,-10.90868805456638,-37.04808433006743,ARACAJU,,BRA,0.0,anchorage_overrides,,,,,,0,,,0,,,BRA
Only in scratch_amanda,071ab383,-10.922825104627348,-37.04808433006744,ARACAJU,,BRA,0.0,anchorage_overrides,,,,,,0,,,0,,,BRA
Only in scratch_amanda,071ab359,-10.895305455473853,-37.04271746466304,ARACAJU,,BRA,0.0,anchorage_overrides,,,,,,0,,,0,,,BRA
Only in scratch_amanda,071ab47b,-10.929799960591753,-37.03198254520552,ARACAJU,,BRA,0.0,anchorage_overrides,,,,,,0,,,0,,,BRA
Only in scratch_amanda,071ab363,-10.909440835562398,-37.04271746466304,ARACAJU,,BRA,0.0,anchorage_overrides,,,,,,0,,,0,,,BRA
Only in scratch_amanda,071ab35d,-10.89926479760487,-37.04808433006744,ARACAJU,,BRA,0.0,anchorage_overrides,,,,,,0,,,0,,,BRA
Only in scratch_amanda,071ab47f,-10.92433248059636,-37.037350203013375,ARACAJU,,BRA,0.0,anchorage_overrides,,,,,,0,,,0,,,BRA
Only in scratch_amanda,071ab341,-10.897760348043873,-37.058816871792374,ARACAJU,,BRA,0.0,anchorage_overrides,,,,,,0,,,0,,,BRA
Only in scratch_amanda,071ab385,-10.927538031486058,-37.04808433006744,ARACAJU,,BRA,0.0,anchorage_overrides,,,,,,0,,,0,,,BRA
Only in scratch_amanda,071ab371,-10.91264698414048,-37.05345079913957,ARACAJU,,BRA,0.0,anchorage_overrides,,,,,,0,,,0,,,BRA
Only in scratch_amanda,071ab387,-10.928292049615234,-37.04271746466304,ARACAJU,,BRA,0.0,anchorage_overrides,,,,,,0,,,0,,,BRA
Only in scratch_amanda,071ab38f,-10.93225124660003,-37.04808433006743,ARACAJU,,BRA,0.0,anchorage_overrides,,,,,,0,,,0,,,BRA
Only in scratch_amanda,071ab481,-10.919619223546528,-37.037350203013375,ARACAJU,,BRA,0.0,anchorage_overrides,,,,,,0,,,0,,,BRA
Only in scratch_amanda,071ab499,-10.906233571863494,-37.03198254520552,ARACAJU,,BRA,0.0,anchorage_overrides,,,,,,0,,,0,,,BRA
Only in scratch_amanda,071ab34f,-10.889091110638248,-37.05345079913957,ARACAJU,,BRA,0.0,anchorage_overrides,,,,,,0,,,0,,,BRA
Only in scratch_amanda,071ab483,-10.914906254945755,-37.037350203013375,ARACAJU,,BRA,0.0,anchorage_overrides,,,,,,0,,,0,,,BRA
Only in scratch_amanda,071ab4a1,-10.900769080821275,-37.037350203013375,ARACAJU,,BRA,0.0,anchorage_overrides,,,,,,0,,,0,,,BRA
Only in scratch_amanda,071ab38b,-10.937719386557742,-37.04271746466304,ARACAJU,,BRA,0.0,anchorage_overrides,,,,,,0,,,0,,,BRA
Only in scratch_amanda,071ab367,-10.903976281712186,-37.04808433006744,ARACAJU,,BRA,0.0,anchorage_overrides,,,,,,0,,,0,,,BRA
Only in scratch_amanda,071ab36b,-10.902471213513572,-37.058816871792374,ARACAJU,,BRA,0.0,anchorage_overrides,,,,,,0,,,0,,,BRA
Only in scratch_amanda,071ab49b,-10.91094627251722,-37.03198254520552,ARACAJU,,BRA,0.0,anchorage_overrides,,,,,,0,,,0,,,BRA
Only in scratch_amanda,071ab361,-10.904728753421317,-37.04271746466304,ARACAJU,,BRA,0.0,anchorage_overrides,,,,,,0,,,0,,,BRA
Only in scratch_amanda,071ab343,-10.89851259359788,-37.05345079913957,ARACAJU,,BRA,0.0,anchorage_overrides,,,,,,0,,,0,,,BRA
Only in scratch_amanda,071ab377,-10.917359024889183,-37.05345079913956,ARACAJU,,BRA,0.0,anchorage_overrides,,,,,,0,,,0,,,BRA
Only in scratch_amanda,071ab347,-10.893049771422046,-37.058816871792374,ARACAJU,,BRA,0.0,anchorage_overrides,,,,,,0,,,0,,,BRA
Only in scratch_amanda,071ab4a7,-10.896057267000105,-37.037350203013375,ARACAJU,,BRA,0.0,anchorage_overrides,,,,,,0,,,0,,,BRA
Only in scratch_amanda,071ab4a5,-10.896809036882324,-37.03198254520552,ARACAJU,,BRA,0.0,anchorage_overrides,,,,,,0,,,0,,,BRA
Only in scratch_amanda,071ab38d,-10.936964749870874,-37.04808433006744,ARACAJU,,BRA,0.0,anchorage_overrides,,,,,,0,,,0,,,BRA
Only in scratch_amanda,071ab479,-10.929046025996875,-37.037350203013375,ARACAJU,,BRA,0.0,anchorage_overrides,,,,,,0,,,0,,,BRA
Only in scratch_amanda,071ab379,-10.91811246612227,-37.04808433006744,ARACAJU,,BRA,0.0,anchorage_overrides,,,,,,0,,,0,,,BRA
Only in scratch_amanda,071ab351,-10.889842696023845,-37.04808433006744,ARACAJU,,BRA,0.0,anchorage_overrides,,,,,,0,,,0,,,BRA
Only in scratch_amanda,071ab381,-10.923578813475432,-37.04271746466304,ARACAJU,,BRA,0.0,anchorage_overrides,,,,,,0,,,0,,,BRA
Only in scratch_amanda,071ab375,-10.916605542027716,-37.058816871792374,ARACAJU,,BRA,0.0,anchorage_overrides,,,,,,0,,,0,,,BRA
Only in scratch_amanda,071ab369,-10.903223768396558,-37.05345079913957,ARACAJU,,BRA,0.0,anchorage_overrides,,,,,,0,,,0,,,BRA
Only in scratch_amanda,071ab35b,-10.89455360234268,-37.04808433006744,ARACAJU,,BRA,0.0,anchorage_overrides,,,,,,0,,,0,,,BRA
Only in scratch_amanda,071ab345,-10.893801707645707,-37.05345079913957,ARACAJU,,BRA,0.0,anchorage_overrides,,,,,,0,,,0,,,BRA
Only in scratch_amanda,071ab49f,-10.905481183484802,-37.037350203013375,ARACAJU,,BRA,0.0,anchorage_overrides,,,,,,0,,,0,,,BRA
Only in scratch_amanda,071ab36f,-10.907935231943508,-37.05345079913957,ARACAJU,,BRA,0.0,anchorage_overrides,,,,,,0,,,0,,,BRA
Only in scratch_amanda,071ab37b,-10.913400116069177,-37.04808433006744,ARACAJU,,BRA,0.0,anchorage_overrides,,,,,,0,,,0,,,BRA
Only in scratch_amanda,071ab477,-10.933759859649658,-37.037350203013375,ARACAJU,,BRA,0.0,anchorage_overrides,,,,,,0,,,0,,,BRA
Only in scratch_amanda,071ab487,-10.920372539659306,-37.03198254520552,ARACAJU,,BRA,0.0,anchorage_overrides,,,,,,0,,,0,,,BRA
Only in scratch_amanda,071ab391,-10.931496877462566,-37.05345079913956,ARACAJU,,BRA,0.0,anchorage_overrides,,,,,,0,,,0,,,BRA
Only in scratch_amanda,071ab37d,-10.914153206350656,-37.04271746466304,ARACAJU,,BRA,0.0,anchorage_overrides,,,,,,0,,,0,,,BRA
Only in scratch_amanda,07b84e51,-4.44092448475267,-37.77425004508484,ARACATI,,BRA,0.0,anchorage_overrides,,,,,,0,,,0,,,BRA
Only in scratch_amanda,07b9b2f9,-4.5661619759254615,-37.77425004508484,ARACATI,,BRA,0.0,anchorage_overrides,,,,,,0,,,0,,,BRA
Only in scratch_amanda,07b84e39,-4.444138942503181,-37.79018415845769,ARACATI,,BRA,0.0,anchorage_overrides,,,,,,0,,,0,,,BRA
Only in scratch_amanda,07b84e4b,-4.436121070112158,-37.78487319516111,ARACATI,,BRA,0.0,anchorage_overrides,,,,,,0,,,0,,,BRA
Only in scratch_amanda,07b9b255,-4.570669712483135,-37.76893785846522,ARACATI,,BRA,0.0,anchorage_overrides,,,,,,0,,,0,,,BRA
Only in scratch_amanda,07b84e55,-4.4370735856436125,-37.76893785846522,ARACATI,,BRA,0.0,anchorage_overrides,,,,,,0,,,0,,,BRA
Only in scratch_amanda,07b9b2dd,-4.549442896020182,-37.77425004508484,ARACATI,,BRA,0.0,anchorage_overrides,,,,,,0,,,0,,,BRA
Only in scratch_amanda,07b84fb9,-4.423620075272048,-37.78487319516111,ARACATI,,BRA,0.0,anchorage_overrides,,,,,,0,,,0,,,BRA
Only in scratch_amanda,07b84fa7,-4.424569928018429,-37.76893785846522,ARACATI,,BRA,0.0,anchorage_overrides,,,,,,0,,,0,,,BRA
Only in scratch_amanda,07b84e45,-4.444775178226879,-37.77956182401012,ARACATI,,BRA,0.0,anchorage_overrides,,,,,,0,,,0,,,BRA
Only in scratch_amanda,07b84fb3,-4.432270894801651,-37.77956182401013,ARACATI,,BRA,0.0,anchorage_overrides,,,,,,0,,,0,,,BRA
Only in scratch_amanda,07b9b2ed,-4.557149434260915,-37.78487319516111,ARACATI,,BRA,0.0,anchorage_overrides,,,,,,0,,,0,,,BRA
Only in scratch_amanda,07b9b2fd,-4.562307985831558,-37.76893785846522,ARACATI,,BRA,0.0,anchorage_overrides,,,,,,0,,,0,,,BRA
Only in scratch_amanda,07b9b2fb,-4.561981608312744,-37.77425004508484,ARACATI,,BRA,0.0,anchorage_overrides,,,,,,0,,,0,,,BRA
Only in scratch_amanda,07b9b24f,-4.578705468479301,-37.77425004508484,ARACATI,,BRA,0.0,anchorage_overrides,,,,,,0,,,0,,,BRA
Only in scratch_amanda,07b9b2f1,-4.561655216500513,-37.77956182401013,ARACATI,,BRA,0.0,anchorage_overrides,,,,,,0,,,0,,,BRA
Only in scratch_amanda,07b9b2c3,-4.549117393739644,-37.77956182401013,ARACATI,,BRA,0.0,anchorage_overrides,,,,,,0,,,0,,,BRA
Only in scratch_amanda,07b84faf,-4.428420514054528,-37.77425004508484,ARACATI,,BRA,0.0,anchorage_overrides,,,,,,0,,,0,,,BRA
Only in scratch_amanda,07b84e4d,-4.436438589167136,-37.77956182401013,ARACATI,,BRA,0.0,anchorage_overrides,,,,,,0,,,0,,,BRA
Only in scratch_amanda,07b84e37,-4.4399710398384675,-37.79018415845769,ARACATI,,BRA,0.0,anchorage_overrides,,,,,,0,,,0,,,BRA
Only in scratch_amanda,07b84e35,-4.4358035372010125,-37.7901841584577,ARACATI,,BRA,0.0,anchorage_overrides,,,,,,0,,,0,,,BRA
Only in scratch_amanda,07b9b2df,-4.5497683840478755,-37.76893785846522,ARACATI,,BRA,0.0,anchorage_overrides,,,,,,0,,,0,,,BRA
Only in scratch_amanda,07b9b2e3,-4.558127720085241,-37.76893785846522,ARACATI,,BRA,0.0,anchorage_overrides,,,,,,0,,,0,,,BRA
Only in scratch_amanda,07b84fb7,-4.427786673347324,-37.78487319516111,ARACATI,,BRA,0.0,anchorage_overrides,,,,,,0,,,0,,,BRA
Only in scratch_amanda,07b9b2f7,-4.565835287560022,-37.77956182401012,ARACATI,,BRA,0.0,anchorage_overrides,,,,,,0,,,0,,,BRA
Only in scratch_amanda,07b9b2f5,-4.5655085849043475,-37.78487319516111,ARACATI,,BRA,0.0,anchorage_overrides,,,,,,0,,,0,,,BRA
Only in scratch_amanda,07b9b2e5,-4.557801639084795,-37.77425004508484,ARACATI,,BRA,0.0,anchorage_overrides,,,,,,0,,,0,,,BRA
Only in scratch_amanda,07b9b2f3,-4.561328810411562,-37.78487319516111,ARACATI,,BRA,0.0,anchorage_overrides,,,,,,0,,,0,,,BRA
Only in scratch_amanda,07b84fa3,-4.420086534829933,-37.77425004508485,ARACATI,,BRA,0.0,anchorage_overrides,,,,,,0,,,0,,,BRA
Only in scratch_amanda,07b84e49,-4.440288868684882,-37.78487319516111,ARACATI,,BRA,0.0,anchorage_overrides,,,,,,0,,,0,,,BRA
Only in scratch_amanda,07b84e4f,-4.440606683661702,-37.77956182401013,ARACATI,,BRA,0.0,anchorage_overrides,,,,,,0,,,0,,,BRA
Only in scratch_amanda,07b9b253,-4.5748511732697885,-37.76893785846522,ARACATI,,BRA,0.0,anchorage_overrides,,,,,,0,,,0,,,BRA
Only in scratch_amanda,07b84fa9,-4.428737413623611,-37.76893785846522,ARACATI,,BRA,0.0,anchorage_overrides,,,,,,0,,,0,,,BRA
Only in scratch_amanda,07b84fcb,-4.431636434649261,-37.7901841584577,ARACATI,,BRA,0.0,anchorage_overrides,,,,,,0,,,0,,,BRA
Only in scratch_amanda,07b84fad,-4.432588104097503,-37.77425004508484,ARACATI,,BRA,0.0,anchorage_overrides,,,,,,0,,,0,,,BRA
Only in scratch_amanda,07b9b2e9,-4.553296269531097,-37.77956182401012,ARACATI,,BRA,0.0,anchorage_overrides,,,,,,0,,,0,,,BRA
Only in scratch_amanda,07b84fa5,-4.424253324279204,-37.77425004508484,ARACATI,,BRA,0.0,anchorage_overrides,,,,,,0,,,0,,,BRA
Only in scratch_amanda,07b84e47,-4.444457067306542,-37.78487319516111,ARACATI,,BRA,0.0,anchorage_overrides,,,,,,0,,,0,,,BRA
Only in scratch_amanda,07b84fb1,-4.428103600623694,-37.77956182401013,ARACATI,,BRA,0.0,anchorage_overrides,,,,,,0,,,0,,,BRA
Only in scratch_amanda,07b84fbd,-4.419770213063988,-37.77956182401012,ARACATI,,BRA,0.0,anchorage_overrides,,,,,,0,,,0,,,BRA
Only in scratch_amanda,07b84fbb,-4.423936706691676,-37.77956182401013,ARACATI,,BRA,0.0,anchorage_overrides,,,,,,0,,,0,,,BRA
Only in scratch_amanda,07b9b25d,-4.5738693286793,-37.78487319516111,ARACATI,,BRA,0.0,anchorage_overrides,,,,,,0,,,0,,,BRA
Only in scratch_amanda,07b9b2ef,-4.557475543804457,-37.77956182401013,ARACATI,,BRA,0.0,anchorage_overrides,,,,,,0,,,0,,,BRA
Only in scratch_amanda,07b9b2eb,-4.552970456511634,-37.78487319516111,ARACATI,,BRA,0.0,anchorage_overrides,,,,,,0,,,0,,,BRA
Only in scratch_amanda,07b84e53,-4.436756094349703,-37.77425004508484,ARACATI,,BRA,0.0,anchorage_overrides,,,,,,0,,,0,,,BRA
Only in scratch_amanda,07b9b245,-4.578377890326487,-37.77956182401012,ARACATI,,BRA,0.0,anchorage_overrides,,,,,,0,,,0,,,BRA
Only in scratch_amanda,07b9b2e7,-4.553622068300865,-37.77425004508485,ARACATI,,BRA,0.0,anchorage_overrides,,,,,,0,,,0,,,BRA
Only in scratch_amanda,07b84fb5,-4.431953671646828,-37.78487319516111,ARACATI,,BRA,0.0,anchorage_overrides,,,,,,0,,,0,,,BRA
Only in scratch_amanda,07b9b251,-4.574523906068058,-37.77425004508484,ARACATI,,BRA,0.0,anchorage_overrides,,,,,,0,,,0,,,BRA
Only in scratch_amanda,07b9b259,-4.570015756923719,-37.77956182401013,ARACATI,,BRA,0.0,anchorage_overrides,,,,,,0,,,0,,,BRA
Only in scratch_amanda,07b9b25b,-4.574196624532314,-37.77956182401013,ARACATI,,BRA,0.0,anchorage_overrides,,,,,,0,,,0,,,BRA
Only in scratch_amanda,07b9b2e1,-4.553947852804268,-37.76893785846522,ARACATI,,BRA,0.0,anchorage_overrides,,,,,,0,,,0,,,BRA
Only in scratch_amanda,07b84fab,-4.4329052995181515,-37.76893785846522,ARACATI,,BRA,0.0,anchorage_overrides,,,,,,0,,,0,,,BRA
Only in scratch_amanda,07b84fa1,-4.42040284276102,-37.76893785846522,ARACATI,,BRA,0.0,anchorage_overrides,,,,,,0,,,0,,,BRA
Only in scratch_amanda,07b9b257,-4.5703427418636675,-37.77425004508484,ARACATI,,BRA,0.0,anchorage_overrides,,,,,,0,,,0,,,BRA
Only in scratch_amanda,07b9b2ff,-4.566488649983954,-37.76893785846522,ARACATI,,BRA,0.0,anchorage_overrides,,,,,,0,,,0,,,BRA
Only in scratch_amanda,07b9b25f,-4.569688757680021,-37.78487319516111,ARACATI,,BRA,0.0,anchorage_overrides,,,,,,0,,,0,,,BRA
Only in scratch_amanda,07b84fc9,-4.427469732241632,-37.79018415845769,ARACATI,,BRA,0.0,anchorage_overrides,,,,,,0,,,0,,,BRA
Only in scratch_amanda,00b7ef65,-19.956515289651936,-40.15295165744348,ARACRUZ,,BRA,0.0,anchorage_overrides,,,,,,0,,,0,,,BRA
Only in scratch_amanda,00b7ef67,-19.95161182178343,-40.15295165744348,ARACRUZ,,BRA,0.0,anchorage_overrides,,,,,,0,,,0,,,BRA
Only in scratch_amanda,00b7ef7b,-19.961418837121418,-40.15295165744348,ARACRUZ,,BRA,0.0,anchorage_overrides,,,,,,0,,,0,,,BRA
Only in scratch_amanda,00b7ef13,-19.952358967234385,-40.16830529392348,ARACRUZ,,BRA,0.0,anchorage_overrides,,,,,,0,,,0,,,BRA
Only in scratch_amanda,00b7ef0d,-19.95726166425571,-40.16830529392349,ARACRUZ,,BRA,0.0,anchorage_overrides,,,,,,0,,,0,,,BRA
Only in scratch_amanda,00b7ef5d,-19.94670843363101,-40.15295165744348,ARACRUZ,,BRA,0.0,anchorage_overrides,,,,,,0,,,0,,,BRA
Only in scratch_amanda,00b7ef71,-19.960033164963516,-40.15806997538752,ARACRUZ,,BRA,0.0,anchorage_overrides,,,,,,0,,,0,,,BRA
Only in scratch_amanda,00b7ef43,-19.945323611962795,-40.15806997538753,ARACRUZ,,BRA,0.0,anchorage_overrides,,,,,,0,,,0,,,BRA
Only in scratch_amanda,00b7ef69,-19.95022671658269,-40.15806997538753,ARACRUZ,,BRA,0.0,anchorage_overrides,,,,,,0,,,0,,,BRA
Only in scratch_amanda,00b7ef73,-19.95864744065364,-40.16318785423334,ARACRUZ,,BRA,0.0,anchorage_overrides,,,,,,0,,,0,,,BRA
Only in scratch_amanda,00b7ef6f,-19.955129900954613,-40.15806997538753,ARACRUZ,,BRA,0.0,anchorage_overrides,,,,,,0,,,0,,,BRA
Only in scratch_amanda,00b7ef6d,-19.95374446012747,-40.163187854233335,ARACRUZ,,BRA,0.0,anchorage_overrides,,,,,,0,,,0,,,BRA
Only in scratch_amanda,9669e5af,-37.24113055555556,-73.31500833333332,ARAUCO,,CHL,0.0,anchorage_overrides,,,,,,0,,,0,,,CHL
Only in scratch_amanda,07b75b27,-4.943469048669063,-37.1392603322804,AREIA BRANCA,,BRA,0.0,anchorage_overrides,,,,,,0,,,0,,,BRA
Only in scratch_amanda,07b75acd,-4.956912482256593,-37.12853970264129,AREIA BRANCA,,BRA,0.0,anchorage_overrides,,,,,,0,,,0,,,BRA
Only in scratch_amanda,07b75ab1,-4.969312221076294,-37.1339002163198,AREIA BRANCA,,BRA,0.0,anchorage_overrides,,,,,,0,,,0,,,BRA
Only in scratch_amanda,07b75b29,-4.943817552835261,-37.13390021631981,AREIA BRANCA,,BRA,0.0,anchorage_overrides,,,,,,0,,,0,,,BRA
Only in scratch_amanda,07b75b2b,-4.944166039435346,-37.12853970264129,AREIA BRANCA,,BRA,0.0,anchorage_overrides,,,,,,0,,,0,,,BRA
Only in scratch_amanda,07b75ab7,-4.9650621205004555,-37.13390021631981,AREIA BRANCA,,BRA,0.0,anchorage_overrides,,,,,,0,,,0,,,BRA
Only in scratch_amanda,07b75acb,-4.961162088100277,-37.12853970264129,AREIA BRANCA,,BRA,0.0,anchorage_overrides,,,,,,0,,,0,,,BRA
Only in scratch_amanda,07b75ad5,-4.948414457861076,-37.12853970264129,AREIA BRANCA,,BRA,0.0,anchorage_overrides,,,,,,0,,,0,,,BRA
Only in scratch_amanda,07b75ad7,-4.9480656747962195,-37.1339002163198,AREIA BRANCA,,BRA,0.0,anchorage_overrides,,,,,,0,,,0,,,BRA
Only in scratch_amanda,07b75abf,-4.964362129340022,-37.144620050437,AREIA BRANCA,,BRA,0.0,anchorage_overrides,,,,,,0,,,0,,,BRA
Only in scratch_amanda,07b75ac3,-4.955864301273579,-37.144620050437,AREIA BRANCA,,BRA,0.0,anchorage_overrides,,,,,,0,,,0,,,BRA
Only in scratch_amanda,07b75ac9,-4.9608124155214375,-37.1339002163198,AREIA BRANCA,,BRA,0.0,anchorage_overrides,,,,,,0,,,0,,,BRA
Only in scratch_amanda,07b75ac7,-4.960462725314175,-37.1392603322804,AREIA BRANCA,,BRA,0.0,anchorage_overrides,,,,,,0,,,0,,,BRA
Only in scratch_amanda,07b75adb,-4.951965095459412,-37.1392603322804,AREIA BRANCA,,BRA,0.0,anchorage_overrides,,,,,,0,,,0,,,BRA
Only in scratch_amanda,07b75ad3,-4.952663272155835,-37.12853970264129,AREIA BRANCA,,BRA,0.0,anchorage_overrides,,,,,,0,,,0,,,BRA
Only in scratch_amanda,07b75ab9,-4.9647121337331015,-37.1392603322804,AREIA BRANCA,,BRA,0.0,anchorage_overrides,,,,,,0,,,0,,,BRA
Only in scratch_amanda,07b75add,-4.951615980733542,-37.144620050437,AREIA BRANCA,,BRA,0.0,anchorage_overrides,,,,,,0,,,0,,,BRA
Only in scratch_amanda,07b75abb,-4.968961937728942,-37.1392603322804,AREIA BRANCA,,BRA,0.0,anchorage_overrides,,,,,,0,,,0,,,BRA
Only in scratch_amanda,07b75adf,-4.94736805593967,-37.144620050437,AREIA BRANCA,,BRA,0.0,anchorage_overrides,,,,,,0,,,0,,,BRA
Only in scratch_amanda,07b75acf,-4.956563106202346,-37.1339002163198,AREIA BRANCA,,BRA,0.0,anchorage_overrides,,,,,,0,,,0,,,BRA
Only in scratch_amanda,07b75ac5,-4.956213712535257,-37.1392603322804,AREIA BRANCA,,BRA,0.0,anchorage_overrides,,,,,,0,,,0,,,BRA
Only in scratch_amanda,07b75ad9,-4.947716874149677,-37.1392603322804,AREIA BRANCA,,BRA,0.0,anchorage_overrides,,,,,,0,,,0,,,BRA
Only in scratch_amanda,07b75b21,-4.943120526954956,-37.144620050437,AREIA BRANCA,,BRA,0.0,anchorage_overrides,,,,,,0,,,0,,,BRA
Only in scratch_amanda,07b75ad1,-4.952314192606255,-37.1339002163198,AREIA BRANCA,,BRA,0.0,anchorage_overrides,,,,,,0,,,0,,,BRA
Only in scratch_amanda,07b75abd,-4.968611636740296,-37.14462005043699,AREIA BRANCA,,BRA,0.0,anchorage_overrides,,,,,,0,,,0,,,BRA
Only in scratch_amanda,07b75ac1,-4.960113017496757,-37.144620050437,AREIA BRANCA,,BRA,0.0,anchorage_overrides,,,,,,0,,,0,,,BRA
Only in scratch_amanda,00971967,-22.968486690175425,-42.021260854600065,ARRAIAL DO CABO,,BRA,0.0,anchorage_overrides,,,,,,0,,,0,,,BRA
Only in scratch_amanda,00971957,-22.96845998344991,-42.006402535628126,ARRAIAL DO CABO,,BRA,0.0,anchorage_overrides,,,,,,0,,,0,,,BRA
Only in scratch_amanda,00971915,-22.98299288031281,-42.02126085460006,ARRAIAL DO CABO,,BRA,0.0,anchorage_overrides,,,,,,0,,,0,,,BRA
Only in scratch_amanda,0097196d,-22.976553709627616,-42.026212713224375,ARRAIAL DO CABO,,BRA,0.0,anchorage_overrides,,,,,,0,,,0,,,BRA
Only in scratch_amanda,00971965,-22.96688345228969,-42.026212713224375,ARRAIAL DO CABO,,BRA,0.0,anchorage_overrides,,,,,,0,,,0,,,BRA
Only in scratch_amanda,00971947,-22.98136486287997,-42.01135576576135,ARRAIAL DO CABO,,BRA,0.0,anchorage_overrides,,,,,,0,,,0,,,BRA
Only in scratch_amanda,00971961,-22.963651318419807,-42.02126085460006,ARRAIAL DO CABO,,BRA,0.0,anchorage_overrides,,,,,,0,,,0,,,BRA
Only in scratch_amanda,00971963,-22.96204834246019,-42.02621271322437,ARRAIAL DO CABO,,BRA,0.0,anchorage_overrides,,,,,,0,,,0,,,BRA
Only in scratch_amanda,0097196b,-22.97815747123061,-42.02126085460006,ARRAIAL DO CABO,,BRA,0.0,anchorage_overrides,,,,,,0,,,0,,,BRA
Only in scratch_amanda,00971913,-22.9813888569187,-42.026212713224375,ARRAIAL DO CABO,,BRA,0.0,anchorage_overrides,,,,,,0,,,0,,,BRA
Only in scratch_amanda,0097193f,-22.984596859855216,-42.01630853876554,ARRAIAL DO CABO,,BRA,0.0,anchorage_overrides,,,,,,0,,,0,,,BRA
Only in scratch_amanda,0097196f,-22.97171857471505,-42.02621271322437,ARRAIAL DO CABO,,BRA,0.0,anchorage_overrides,,,,,,0,,,0,,,BRA
Only in scratch_amanda,00971969,-22.973322074481928,-42.02126085460006,ARRAIAL DO CABO,,BRA,0.0,anchorage_overrides,,,,,,0,,,0,,,BRA
Only in scratch_amanda,0097195f,-22.96525425061693,-42.01630853876554,ARRAIAL DO CABO,,BRA,0.0,anchorage_overrides,,,,,,0,,,0,,,BRA
Only in scratch_amanda,96229a2d,-41.763777777777776,-73.61216666666667,ASTILLERO,,CHL,0.0,anchorage_overrides,,,,,,0,,,0,,,CHL
Only in scratch_amanda,9621d9c1,-43.03513888888889,-73.53422222222223,AUCHAC,,CHL,0.0,anchorage_overrides,,,,,,0,,,0,,,CHL
Only in scratch_amanda,96188249,-42.06327777777778,-73.42808333333333,AUCHO,,CHL,0.0,anchorage_overrides,,,,,,0,,,0,,,CHL
Only in scratch_amanda,92aec4ff,-1.0231405419020685,-46.634333620535074,AUGUSTO CORREA,,BRA,0.0,anchorage_overrides,,,,,,0,,,0,,,BRA
Only in scratch_amanda,92aec5a5,-1.0124473652957129,-46.62468461162308,AUGUSTO CORREA,,BRA,0.0,anchorage_overrides,,,,,,0,,,0,,,BRA
Only in scratch_amanda,92aec451,-1.0264887803022504,-46.62468461162308,AUGUSTO CORREA,,BRA,0.0,anchorage_overrides,,,,,,0,,,0,,,BRA
Only in scratch_amanda,92aec505,-1.0161995229420049,-46.63915882510502,AUGUSTO CORREA,,BRA,0.0,anchorage_overrides,,,,,,0,,,0,,,BRA
Only in scratch_amanda,92aec4fd,-1.0232219049428897,-46.63915882510502,AUGUSTO CORREA,,BRA,0.0,anchorage_overrides,,,,,,0,,,0,,,BRA
Only in scratch_amanda,92aec453,-1.0229778176600703,-46.62468461162308,AUGUSTO CORREA,,BRA,0.0,anchorage_overrides,,,,,,0,,,0,,,BRA
Only in scratch_amanda,92aec4e3,-1.0233032685927006,-46.643984496379176,AUGUSTO CORREA,,BRA,0.0,anchorage_overrides,,,,,,0,,,0,,,BRA
Only in scratch_amanda,92aec5a9,-1.0160379137890667,-46.62950888269813,AUGUSTO CORREA,,BRA,0.0,anchorage_overrides,,,,,,0,,,0,,,BRA
Only in scratch_amanda,92aec5a1,-1.0090182720919123,-46.62950888269813,AUGUSTO CORREA,,BRA,0.0,anchorage_overrides,,,,,,0,,,0,,,BRA
Only in scratch_amanda,92aec4f5,-1.0336763223633951,-46.634333620535074,AUGUSTO CORREA,,BRA,0.0,anchorage_overrides,,,,,,0,,,0,,,BRA
Only in scratch_amanda,92aec4ef,-1.0303278328854832,-46.643984496379176,AUGUSTO CORREA,,BRA,0.0,anchorage_overrides,,,,,,0,,,0,,,BRA
Only in scratch_amanda,92aec4e5,-1.0268153477377056,-46.643984496379176,AUGUSTO CORREA,,BRA,0.0,anchorage_overrides,,,,,,0,,,0,,,BRA
Only in scratch_amanda,92aec455,-1.0230591794734052,-46.62950888269813,AUGUSTO CORREA,,BRA,0.0,anchorage_overrides,,,,,,0,,,0,,,BRA
Only in scratch_amanda,92aec5ab,-1.0195483436473514,-46.62950888269813,AUGUSTO CORREA,,BRA,0.0,anchorage_overrides,,,,,,0,,,0,,,BRA
Only in scratch_amanda,92aec459,-1.030082068912603,-46.629508882698126,AUGUSTO CORREA,,BRA,0.0,anchorage_overrides,,,,,,0,,,0,,,BRA
Only in scratch_amanda,92aec51b,-1.0162803284273487,-46.643984496379176,AUGUSTO CORREA,,BRA,0.0,anchorage_overrides,,,,,,0,,,0,,,BRA
Only in scratch_amanda,92aec5ad,-1.0194672609255615,-46.62468461162308,AUGUSTO CORREA,,BRA,0.0,anchorage_overrides,,,,,,0,,,0,,,BRA
Only in scratch_amanda,92aec4f1,-1.0302459109470152,-46.63915882510502,AUGUSTO CORREA,,BRA,0.0,anchorage_overrides,,,,,,0,,,0,,,BRA
Only in scratch_amanda,92aec50b,-1.0090985183324188,-46.634333620535074,AUGUSTO CORREA,,BRA,0.0,anchorage_overrides,,,,,,0,,,0,,,BRA
Only in scratch_amanda,92aec457,-1.0265704212381788,-46.62950888269813,AUGUSTO CORREA,,BRA,0.0,anchorage_overrides,,,,,,0,,,0,,,BRA
Only in scratch_amanda,92aec501,-1.019629426982386,-46.634333620535074,AUGUSTO CORREA,,BRA,0.0,anchorage_overrides,,,,,,0,,,0,,,BRA
Only in scratch_amanda,92aec5af,-1.0159571101277678,-46.624684611623074,AUGUSTO CORREA,,BRA,0.0,anchorage_overrides,,,,,,0,,,0,,,BRA
Only in scratch_amanda,92aec45b,-1.03000014882304,-46.62468461162308,AUGUSTO CORREA,,BRA,0.0,anchorage_overrides,,,,,,0,,,0,,,BRA
Only in scratch_amanda,92aec5a7,-1.0125278899275825,-46.62950888269813,AUGUSTO CORREA,,BRA,0.0,anchorage_overrides,,,,,,0,,,0,,,BRA
Only in scratch_amanda,92aec45f,-1.0335941224675893,-46.62950888269813,AUGUSTO CORREA,,BRA,0.0,anchorage_overrides,,,,,,0,,,0,,,BRA
Only in scratch_amanda,92aec4f3,-1.0337585228775743,-46.63915882510502,AUGUSTO CORREA,,BRA,0.0,anchorage_overrides,,,,,,0,,,0,,,BRA
Only in scratch_amanda,92aec509,-1.012608415168532,-46.634333620535074,AUGUSTO CORREA,,BRA,0.0,anchorage_overrides,,,,,,0,,,0,,,BRA
Only in scratch_amanda,92aec4f9,-1.0266520627915174,-46.634333620535074,AUGUSTO CORREA,,BRA,0.0,anchorage_overrides,,,,,,0,,,0,,,BRA
Only in scratch_amanda,92aec507,-1.016118718061528,-46.634333620535074,AUGUSTO CORREA,,BRA,0.0,anchorage_overrides,,,,,,0,,,0,,,BRA
Only in scratch_amanda,92aec4f7,-1.0301639896216577,-46.634333620535074,AUGUSTO CORREA,,BRA,0.0,anchorage_overrides,,,,,,0,,,0,,,BRA
Only in scratch_amanda,92aec51d,-1.0197915954795584,-46.643984496379176,AUGUSTO CORREA,,BRA,0.0,anchorage_overrides,,,,,,0,,,0,,,BRA
Only in scratch_amanda,92aec503,-1.0197105109275078,-46.63915882510502,AUGUSTO CORREA,,BRA,0.0,anchorage_overrides,,,,,,0,,,0,,,BRA
Only in scratch_amanda,92aec50f,-1.0126889410154252,-46.63915882510502,AUGUSTO CORREA,,BRA,0.0,anchorage_overrides,,,,,,0,,,0,,,BRA
Only in scratch_amanda,92aec4fb,-1.026733704959086,-46.63915882510502,AUGUSTO CORREA,,BRA,0.0,anchorage_overrides,,,,,,0,,,0,,,BRA
Only in scratch_amanda,9618f8ad,-41.87738888888889,-72.81016666666666,AULEN,,CHL,0.0,anchorage_overrides,,,,,,0,,,0,,,CHL
Only in scratch_amanda,9618be5f,-42.264944444444446,-73.15486111111112,AULIN,,CHL,0.0,anchorage_overrides,,,,,,0,,,0,,,CHL
Only in scratch_amanda,9618d9eb,-42.309549999999994,-72.78559444444444,AYACARA,,CHL,0.0,anchorage_overrides,,,,,,0,,,0,,,CHL
Only in scratch_amanda,319ff72f,9.975178376,106.6227013,BA TRI FISHING PORT,,VNM,0.0,anchorage_overrides,,,,,,0,,,0,,,VNM
Only in scratch_amanda,31495efd,20.12558114,107.7260216,BACH LONG VI FISHING PORT,,VNM,0.0,anchorage_overrides,,,,,,0,,,0,,,VNM
Only in scratch_amanda,bdb2f181,-53.30361111111111,-70.43555555555555,BAHIA CHILOTA & TERMINAL PESQUERO PORVENIR,,CHL,0.0,anchorage_overrides,,,,,,0,,,0,,,CHL
Only in scratch_amanda,96ffa2af,-33.63597222222222,-78.83048055555555,BAHIA CUMBERLAND,,CHL,0.0,anchorage_overrides,,,,,,0,,,0,,,CHL
Only in scratch_amanda,915216b3,-20.200958333333332,-70.1452388888889,BAHIA EL COLORADO,,CHL,0.0,anchorage_overrides,,,,,,0,,,0,,,CHL
Only in scratch_amanda,961841ed,-41.66511111111111,-73.06663888888889,BAHIA HUELMO,,CHL,0.0,anchorage_overrides,,,,,,0,,,0,,,CHL
Only in scratch_amanda,963d90c9,-40.58075,-73.73694444444445,BAHIA MANSA,,CHL,0.0,anchorage_overrides,,,,,,0,,,0,,,CHL
Only in scratch_amanda,bdad5fff,-53.6075,-70.93277777777779,BAHIA MANSA (PUNTA ARENAS),,CHL,0.0,anchorage_overrides,,,,,,0,,,0,,,CHL
Only in scratch_amanda,9697c6d9,-27.642722222222226,-70.91950277777778,BAHIA SALADA,,CHL,0.0,anchorage_overrides,,,,,,0,,,0,,,CHL
Only in scratch_amanda,07b29d73,-6.37421557093979,-35.003014991642864,BAIA FORMOSA,,BRA,0.0,anchorage_overrides,,,,,,0,,,0,,,BRA
Only in scratch_amanda,07b29d6d,-6.373789888701535,-35.00852389562636,BAIA FORMOSA,,BRA,0.0,anchorage_overrides,,,,,,0,,,0,,,BRA
Only in scratch_amanda,07b29d6b,-6.373364175150194,-35.014032439509066,BAIA FORMOSA,,BRA,0.0,anchorage_overrides,,,,,,0,,,0,,,BRA
Only in scratch_amanda,07b29d41,-6.372938430309262,-35.01954062318481,BAIA FORMOSA,,BRA,0.0,anchorage_overrides,,,,,,0,,,0,,,BRA
Only in scratch_amanda,9049702d,-5.818678947153526,-81.03046660618284,BAJOVAR,,PER,0.0,anchorage_overrides,,,,,,0,,,0,,,PER
Only in scratch_amanda,904971d3,-5.819830375966938,-81.03394858252874,BAJOVAR,,PER,0.0,anchorage_overrides,,,,,,0,,,0,,,PER
Only in scratch_amanda,904971cd,-5.816195052453256,-81.03391820733817,BAJOVAR,,PER,0.0,anchorage_overrides,,,,,,0,,,0,,,PER
Only in scratch_amanda,94d936ab,-26.438425822104954,-48.63638176804761,BALNEARIO BARRA DO SUL,,BRA,0.0,anchorage_overrides,,,,,,0,,,0,,,BRA
Only in scratch_amanda,94d9313d,-26.449021908328152,-48.61132706930704,BALNEARIO BARRA DO SUL,,BRA,0.0,anchorage_overrides,,,,,,0,,,0,,,BRA
Only in scratch_amanda,94d93115,-26.45563099198556,-48.6163371058401,BALNEARIO BARRA DO SUL,,BRA,0.0,anchorage_overrides,,,,,,0,,,0,,,BRA
Only in scratch_amanda,94d9313b,-26.4441735632402,-48.61132706930704,BALNEARIO BARRA DO SUL,,BRA,0.0,anchorage_overrides,,,,,,0,,,0,,,BRA
Only in scratch_amanda,94d93103,-26.460043828592912,-48.60130835138759,BALNEARIO BARRA DO SUL,,BRA,0.0,anchorage_overrides,,,,,,0,,,0,,,BRA
Only in scratch_amanda,94d9315d,-26.456063805427405,-48.63136992517715,BALNEARIO BARRA DO SUL,,BRA,0.0,anchorage_overrides,,,,,,0,,,0,,,BRA
Only in scratch_amanda,94d930e7,-26.446826272560667,-48.59129144063823,BALNEARIO BARRA DO SUL,,BRA,0.0,anchorage_overrides,,,,,,0,,,0,,,BRA
Only in scratch_amanda,94d936af,-26.43181691447933,-48.631369925177154,BALNEARIO BARRA DO SUL,,BRA,0.0,anchorage_overrides,,,,,,0,,,0,,,BRA
Only in scratch_amanda,94d930fd,-26.458282364338004,-48.596299670093565,BALNEARIO BARRA DO SUL,,BRA,0.0,anchorage_overrides,,,,,,0,,,0,,,BRA
Only in scratch_amanda,94d93117,-26.453870187541973,-48.61132706930704,BALNEARIO BARRA DO SUL,,BRA,0.0,anchorage_overrides,,,,,,0,,,0,,,BRA
Only in scratch_amanda,94d93107,-26.466653078924615,-48.60631748447415,BALNEARIO BARRA DO SUL,,BRA,0.0,anchorage_overrides,,,,,,0,,,0,,,BRA
Only in scratch_amanda,94d93139,-26.445933916984007,-48.61633710584011,BALNEARIO BARRA DO SUL,,BRA,0.0,anchorage_overrides,,,,,,0,,,0,,,BRA
Only in scratch_amanda,94d9311d,-26.45519613195435,-48.601308351387594,BALNEARIO BARRA DO SUL,,BRA,0.0,anchorage_overrides,,,,,,0,,,0,,,BRA
Only in scratch_amanda,94d930fb,-26.456520830460647,-48.59129144063823,BALNEARIO BARRA DO SUL,,BRA,0.0,anchorage_overrides,,,,,,0,,,0,,,BRA
Only in scratch_amanda,94d930e1,-26.448587355734343,-48.596299670093565,BALNEARIO BARRA DO SUL,,BRA,0.0,anchorage_overrides,,,,,,0,,,0,,,BRA
Only in scratch_amanda,94d93149,-26.442845339218177,-48.621347594027014,BALNEARIO BARRA DO SUL,,BRA,0.0,anchorage_overrides,,,,,,0,,,0,,,BRA
Only in scratch_amanda,94d9314b,-26.437996411755098,-48.621347594027014,BALNEARIO BARRA DO SUL,,BRA,0.0,anchorage_overrides,,,,,,0,,,0,,,BRA
Only in scratch_amanda,94d93119,-26.45210931330134,-48.60631748447414,BALNEARIO BARRA DO SUL,,BRA,0.0,anchorage_overrides,,,,,,0,,,0,,,BRA
Only in scratch_amanda,94d93105,-26.461805223149,-48.60631748447415,BALNEARIO BARRA DO SUL,,BRA,0.0,anchorage_overrides,,,,,,0,,,0,,,BRA
Only in scratch_amanda,94d93135,-26.436236578689428,-48.61633710584011,BALNEARIO BARRA DO SUL,,BRA,0.0,anchorage_overrides,,,,,,0,,,0,,,BRA
Only in scratch_amanda,94d9316d,-26.46224039030311,-48.621347594027014,BALNEARIO BARRA DO SUL,,BRA,0.0,anchorage_overrides,,,,,,0,,,0,,,BRA
Only in scratch_amanda,94d930e5,-26.451673584445057,-48.59129144063823,BALNEARIO BARRA DO SUL,,BRA,0.0,anchorage_overrides,,,,,,0,,,0,,,BRA
Only in scratch_amanda,94d9310f,-26.46356654792992,-48.61132706930704,BALNEARIO BARRA DO SUL,,BRA,0.0,anchorage_overrides,,,,,,0,,,0,,,BRA
Only in scratch_amanda,94d93145,-26.449454414938497,-48.62635853382148,BALNEARIO BARRA DO SUL,,BRA,0.0,anchorage_overrides,,,,,,0,,,0,,,BRA
Only in scratch_amanda,94d9310d,-26.46532780285927,-48.61633710584011,BALNEARIO BARRA DO SUL,,BRA,0.0,anchorage_overrides,,,,,,0,,,0,,,BRA
Only in scratch_amanda,94d93113,-26.460479430490565,-48.6163371058401,BALNEARIO BARRA DO SUL,,BRA,0.0,anchorage_overrides,,,,,,0,,,0,,,BRA
Only in scratch_amanda,94d93111,-26.458718400777332,-48.61132706930704,BALNEARIO BARRA DO SUL,,BRA,0.0,anchorage_overrides,,,,,,0,,,0,,,BRA
Only in scratch_amanda,94d9315b,-26.451214558996444,-48.63136992517715,BALNEARIO BARRA DO SUL,,BRA,0.0,anchorage_overrides,,,,,,0,,,0,,,BRA
Only in scratch_amanda,94d93121,-26.4455005408542,-48.601308351387594,BALNEARIO BARRA DO SUL,,BRA,0.0,anchorage_overrides,,,,,,0,,,0,,,BRA
Only in scratch_amanda,94d93143,-26.45430343607459,-48.62635853382148,BALNEARIO BARRA DO SUL,,BRA,0.0,anchorage_overrides,,,,,,0,,,0,,,BRA
Only in scratch_amanda,94d93159,-26.452974633006352,-48.63638176804761,BALNEARIO BARRA DO SUL,,BRA,0.0,anchorage_overrides,,,,,,0,,,0,,,BRA
Only in scratch_amanda,94d936b3,-26.434906956366355,-48.62635853382148,BALNEARIO BARRA DO SUL,,BRA,0.0,anchorage_overrides,,,,,,0,,,0,,,BRA
Only in scratch_amanda,94d936b5,-26.43314741862404,-48.621347594027014,BALNEARIO BARRA DO SUL,,BRA,0.0,anchorage_overrides,,,,,,0,,,0,,,BRA
Only in scratch_amanda,94d93137,-26.441085280696168,-48.61633710584011,BALNEARIO BARRA DO SUL,,BRA,0.0,anchorage_overrides,,,,,,0,,,0,,,BRA
Only in scratch_amanda,94d9313f,-26.45078248744859,-48.6163371058401,BALNEARIO BARRA DO SUL,,BRA,0.0,anchorage_overrides,,,,,,0,,,0,,,BRA
Only in scratch_amanda,94d93169,-26.459152391176076,-48.62635853382148,BALNEARIO BARRA DO SUL,,BRA,0.0,anchorage_overrides,,,,,,0,,,0,,,BRA
Only in scratch_amanda,94d93155,-26.44327549160197,-48.63638176804761,BALNEARIO BARRA DO SUL,,BRA,0.0,anchorage_overrides,,,,,,0,,,0,,,BRA
Only in scratch_amanda,94d930e3,-26.453434892997315,-48.596299670093565,BALNEARIO BARRA DO SUL,,BRA,0.0,anchorage_overrides,,,,,,0,,,0,,,BRA
Only in scratch_amanda,94d9316b,-26.457391726555716,-48.621347594027014,BALNEARIO BARRA DO SUL,,BRA,0.0,anchorage_overrides,,,,,,0,,,0,,,BRA
Only in scratch_amanda,94d93151,-26.446365246581756,-48.63136992517715,BALNEARIO BARRA DO SUL,,BRA,0.0,anchorage_overrides,,,,,,0,,,0,,,BRA
Only in scratch_amanda,94d93123,-26.447261259437894,-48.60631748447415,BALNEARIO BARRA DO SUL,,BRA,0.0,anchorage_overrides,,,,,,0,,,0,,,BRA
Only in scratch_amanda,94d93157,-26.44812509527057,-48.63638176804761,BALNEARIO BARRA DO SUL,,BRA,0.0,anchorage_overrides,,,,,,0,,,0,,,BRA
Only in scratch_amanda,94d93153,-26.44151586828773,-48.631369925177154,BALNEARIO BARRA DO SUL,,BRA,0.0,anchorage_overrides,,,,,,0,,,0,,,BRA
Only in scratch_amanda,94d93147,-26.44769420090889,-48.621347594027014,BALNEARIO BARRA DO SUL,,BRA,0.0,anchorage_overrides,,,,,,0,,,0,,,BRA
Only in scratch_amanda,94d9311f,-26.45034836934001,-48.601308351387594,BALNEARIO BARRA DO SUL,,BRA,0.0,anchorage_overrides,,,,,,0,,,0,,,BRA
Only in scratch_amanda,94d936a9,-26.433576086883978,-48.63638176804762,BALNEARIO BARRA DO SUL,,BRA,0.0,anchorage_overrides,,,,,,0,,,0,,,BRA
Only in scratch_amanda,94d9314d,-26.439756174979983,-48.62635853382148,BALNEARIO BARRA DO SUL,,BRA,0.0,anchorage_overrides,,,,,,0,,,0,,,BRA
Only in scratch_amanda,94d93101,-26.464891459151396,-48.601308351387594,BALNEARIO BARRA DO SUL,,BRA,0.0,anchorage_overrides,,,,,,0,,,0,,,BRA
Only in scratch_amanda,94d9311b,-26.456957301239807,-48.60631748447415,BALNEARIO BARRA DO SUL,,BRA,0.0,anchorage_overrides,,,,,,0,,,0,,,BRA
Only in scratch_amanda,94d93109,-26.46841462889541,-48.61132706930704,BALNEARIO BARRA DO SUL,,BRA,0.0,anchorage_overrides,,,,,,0,,,0,,,BRA
Only in scratch_amanda,94d936b1,-26.430057672135693,-48.62635853382148,BALNEARIO BARRA DO SUL,,BRA,0.0,anchorage_overrides,,,,,,0,,,0,,,BRA
Only in scratch_amanda,94d93141,-26.452542996722865,-48.621347594027014,BALNEARIO BARRA DO SUL,,BRA,0.0,anchorage_overrides,,,,,,0,,,0,,,BRA
Only in scratch_amanda,94d936ad,-26.436666424218785,-48.631369925177154,BALNEARIO BARRA DO SUL,,BRA,0.0,anchorage_overrides,,,,,,0,,,0,,,BRA
Only in scratch_amanda,94d9314f,-26.444605327872164,-48.62635853382148,BALNEARIO BARRA DO SUL,,BRA,0.0,anchorage_overrides,,,,,,0,,,0,,,BRA
Only in scratch_amanda,94d93401,-26.440185149948523,-48.64139406238644,BALNEARIO BARRA DO SUL,,BRA,0.0,anchorage_overrides,,,,,,0,,,0,,,BRA
Only in scratch_amanda,9697c34d,-27.51225833333333,-70.8947,BARRANQUILLA,,CHL,0.0,anchorage_overrides,,,,,,0,,,0,,,CHL
Only in scratch_amanda,9696ccab,-28.850161111111113,-71.47656388888889,BASCUNAN,,CHL,0.0,anchorage_overrides,,,,,,0,,,0,,,CHL
Only in scratch_amanda,07b85085,-4.402539973741473,-37.85918953025008,BEBERIBE,,BRA,0.0,anchorage_overrides,,,,,,0,,,0,,,BRA
Only in scratch_amanda,07b8508f,-4.4067008281584785,-37.8591895302501,BEBERIBE,,BRA,0.0,anchorage_overrides,,,,,,0,,,0,,,BRA
Only in scratch_amanda,07b85077,-4.399640812153375,-37.837964461502565,BEBERIBE,,BRA,0.0,anchorage_overrides,,,,,,0,,,0,,,BRA
Only in scratch_amanda,07b85061,-4.411494531845425,-37.84857781349757,BEBERIBE,,BRA,0.0,anchorage_overrides,,,,,,0,,,0,,,BRA
Only in scratch_amanda,07b85a87,-4.390689301827533,-37.84857781349757,BEBERIBE,,BRA,0.0,anchorage_overrides,,,,,,0,,,0,,,BRA
Only in scratch_amanda,07b85083,-4.398379519535221,-37.8591895302501,BEBERIBE,,BRA,0.0,anchorage_overrides,,,,,,0,,,0,,,BRA
Only in scratch_amanda,07b85a7f,-4.394534513165133,-37.8538838763188,BEBERIBE,,BRA,0.0,anchorage_overrides,,,,,,0,,,0,,,BRA
Only in scratch_amanda,07b8507b,-4.403486851309783,-37.84327134186566,BEBERIBE,,BRA,0.0,anchorage_overrides,,,,,,0,,,0,,,BRA
Only in scratch_amanda,07b85089,-4.407016763528756,-37.8538838763188,BEBERIBE,,BRA,0.0,anchorage_overrides,,,,,,0,,,0,,,BRA
Only in scratch_amanda,07b85087,-4.402855613155626,-37.85388387631881,BEBERIBE,,BRA,0.0,anchorage_overrides,,,,,,0,,,0,,,BRA
Only in scratch_amanda,07b8507f,-4.399010192955423,-37.84857781349757,BEBERIBE,,BRA,0.0,anchorage_overrides,,,,,,0,,,0,,,BRA
Only in scratch_amanda,07b85a83,-4.395164567704951,-37.843271341865645,BEBERIBE,,BRA,0.0,anchorage_overrides,,,,,,0,,,0,,,BRA
Only in scratch_amanda,07b85079,-4.399325509340228,-37.84327134186566,BEBERIBE,,BRA,0.0,anchorage_overrides,,,,,,0,,,0,,,BRA
Only in scratch_amanda,07b85065,-4.407648593555509,-37.84327134186566,BEBERIBE,,BRA,0.0,anchorage_overrides,,,,,,0,,,0,,,BRA
Only in scratch_amanda,07b8508b,-4.411178314076336,-37.8538838763188,BEBERIBE,,BRA,0.0,anchorage_overrides,,,,,,0,,,0,,,BRA
Only in scratch_amanda,07b85063,-4.40733268533314,-37.84857781349758,BEBERIBE,,BRA,0.0,anchorage_overrides,,,,,,0,,,0,,,BRA
Only in scratch_amanda,07b85081,-4.398694863015057,-37.8538838763188,BEBERIBE,,BRA,0.0,anchorage_overrides,,,,,,0,,,0,,,BRA
Only in scratch_amanda,07b85071,-4.4038024500175705,-37.837964461502565,BEBERIBE,,BRA,0.0,anchorage_overrides,,,,,,0,,,0,,,BRA
Only in scratch_amanda,07b8507d,-4.403171239017098,-37.84857781349757,BEBERIBE,,BRA,0.0,anchorage_overrides,,,,,,0,,,0,,,BRA
Only in scratch_amanda,07b85a81,-4.39484954720621,-37.84857781349757,BEBERIBE,,BRA,0.0,anchorage_overrides,,,,,,0,,,0,,,BRA
Only in scratch_amanda,92a48deb,-1.475584951413612,-48.46123622021892,BELEM,,BRA,0.0,anchorage_overrides,,,,,,0,,,0,,,BRA
Only in scratch_amanda,92a46681,-1.285945797183399,-48.476226976060246,BELEM,,BRA,0.0,anchorage_overrides,,,,,,0,,,0,,,BRA
Only in scratch_amanda,92a48a01,-1.3734899959613247,-48.476226976060246,BELEM,,BRA,0.0,anchorage_overrides,,,,,,0,,,0,,,BRA
Only in scratch_amanda,92a46679,-1.2786612445808334,-48.476226976060246,BELEM,,BRA,0.0,anchorage_overrides,,,,,,0,,,0,,,BRA
Only in scratch_amanda,92a4668b,-1.2856479363362157,-48.46123622021892,BELEM,,BRA,0.0,anchorage_overrides,,,,,,0,,,0,,,BRA
Only in scratch_amanda,92a48dc3,-1.4720354136269445,-48.466232685825496,BELEM,,BRA,0.0,anchorage_overrides,,,,,,0,,,0,,,BRA
Only in scratch_amanda,92a48ea5,-1.4395271681673552,-48.486223078023755,BELEM,,BRA,0.0,anchorage_overrides,,,,,,0,,,0,,,BRA
Only in scratch_amanda,92a48de9,-1.4756988954189554,-48.4662326858255,BELEM,,BRA,0.0,anchorage_overrides,,,,,,0,,,0,,,BRA
Only in scratch_amanda,92a4667f,-1.2823033131036563,-48.476226976060246,BELEM,,BRA,0.0,anchorage_overrides,,,,,,0,,,0,,,BRA
Only in scratch_amanda,92a461f9,-1.366185515746673,-48.476226976060246,BELEM,,BRA,0.0,anchorage_overrides,,,,,,0,,,0,,,BRA
Only in scratch_amanda,92a48dc7,-1.4682589667934909,-48.46123622021892,BELEM,,BRA,0.0,anchorage_overrides,,,,,,0,,,0,,,BRA
Only in scratch_amanda,92a46669,-1.274724259936305,-48.46123622021892,BELEM,,BRA,0.0,anchorage_overrides,,,,,,0,,,0,,,BRA
Only in scratch_amanda,92a48dbd,-1.471694426803441,-48.451244648251816,BELEM,,BRA,0.0,anchorage_overrides,,,,,,0,,,0,,,BRA
Only in scratch_amanda,92a48dc5,-1.4683723455863098,-48.466232685825496,BELEM,,BRA,0.0,anchorage_overrides,,,,,,0,,,0,,,BRA
Only in scratch_amanda,92a4669f,-1.2968757424336403,-48.476226976060246,BELEM,,BRA,0.0,anchorage_overrides,,,,,,0,,,0,,,BRA
Only in scratch_amanda,92a46697,-1.2966754826863518,-48.4662326858255,BELEM,,BRA,0.0,anchorage_overrides,,,,,,0,,,0,,,BRA
Only in scratch_amanda,92a48de5,-1.479477016683333,-48.471229604454265,BELEM,,BRA,0.0,anchorage_overrides,,,,,,0,,,0,,,BRA
Only in scratch_amanda,92a46163,-1.33333589083842,-48.476226976060246,BELEM,,BRA,0.0,anchorage_overrides,,,,,,0,,,0,,,BRA
Only in scratch_amanda,92a48ddf,-1.4722627336990457,-48.476226976060246,BELEM,,BRA,0.0,anchorage_overrides,,,,,,0,,,0,,,BRA
Only in scratch_amanda,92a48da1,-1.471467097835042,-48.44125488891166,BELEM,,BRA,0.0,anchorage_overrides,,,,,,0,,,0,,,BRA
Only in scratch_amanda,92a48d87,-1.4862326493768367,-48.446249541981,BELEM,,BRA,0.0,anchorage_overrides,,,,,,0,,,0,,,BRA
Only in scratch_amanda,92a4669b,-1.2931321635385733,-48.471229604454265,BELEM,,BRA,0.0,anchorage_overrides,,,,,,0,,,0,,,BRA
Only in scratch_amanda,92a46157,-1.3187468485040608,-48.476226976060246,BELEM,,BRA,0.0,anchorage_overrides,,,,,,0,,,0,,,BRA
Only in scratch_amanda,92a48da7,-1.467805442773197,-48.44125488891166,BELEM,,BRA,0.0,anchorage_overrides,,,,,,0,,,0,,,BRA
Only in scratch_amanda,92a4895d,-1.4175705499878777,-48.486223078023755,BELEM,,BRA,0.0,anchorage_overrides,,,,,,0,,,0,,,BRA
Only in scratch_amanda,92a48967,-1.413912563760982,-48.486223078023755,BELEM,,BRA,0.0,anchorage_overrides,,,,,,0,,,0,,,BRA
Only in scratch_amanda,92a46671,-1.2749211485213383,-48.471229604454265,BELEM,,BRA,0.0,anchorage_overrides,,,,,,0,,,0,,,BRA
Only in scratch_amanda,92a461ff,-1.3698375484748602,-48.47622697606024,BELEM,,BRA,0.0,anchorage_overrides,,,,,,0,,,0,,,BRA
Only in scratch_amanda,92a48a1d,-1.3807961350749265,-48.476226976060246,BELEM,,BRA,0.0,anchorage_overrides,,,,,,0,,,0,,,BRA
Only in scratch_amanda,92a48a03,-1.3771428581725318,-48.476226976060246,BELEM,,BRA,0.0,anchorage_overrides,,,,,,0,,,0,,,BRA
Only in scratch_amanda,92a48de3,-1.4795912415318646,-48.47622697606024,BELEM,,BRA,0.0,anchorage_overrides,,,,,,0,,,0,,,BRA
Only in scratch_amanda,92a4668d,-1.2892899927118908,-48.46123622021892,BELEM,,BRA,0.0,anchorage_overrides,,,,,,0,,,0,,,BRA
Only in scratch_amanda,92a4920b,-1.4902418846275256,-48.461236220218915,BELEM,,BRA,0.0,anchorage_overrides,,,,,,0,,,0,,,BRA
Only in scratch_amanda,92a48d95,-1.4754710065138994,-48.4562402076794,BELEM,,BRA,0.0,anchorage_overrides,,,,,,0,,,0,,,BRA
Only in scratch_amanda,92a48dbf,-1.4718080899667494,-48.4562402076794,BELEM,,BRA,0.0,anchorage_overrides,,,,,,0,,,0,,,BRA
Only in scratch_amanda,92a46699,-1.2967756129561452,-48.471229604454265,BELEM,,BRA,0.0,anchorage_overrides,,,,,,0,,,0,,,BRA
Only in scratch_amanda,92a48db9,-1.4681455871108535,-48.4562402076794,BELEM,,BRA,0.0,anchorage_overrides,,,,,,0,,,0,,,BRA
Only in scratch_amanda,92a4617d,-1.3369841892364696,-48.476226976060246,BELEM,,BRA,0.0,anchorage_overrides,,,,,,0,,,0,,,BRA
Only in scratch_amanda,92a4668f,-1.2893895615218154,-48.4662326858255,BELEM,,BRA,0.0,anchorage_overrides,,,,,,0,,,0,,,BRA
Only in scratch_amanda,92a4895b,-1.421228950595844,-48.486223078023755,BELEM,,BRA,0.0,anchorage_overrides,,,,,,0,,,0,,,BRA
Only in scratch_amanda,92a46159,-1.3223934863324007,-48.476226976060246,BELEM,,BRA,0.0,anchorage_overrides,,,,,,0,,,0,,,BRA
Only in scratch_amanda,92a48ddd,-1.472149074113972,-48.471229604454265,BELEM,,BRA,0.0,anchorage_overrides,,,,,,0,,,0,,,BRA
Only in scratch_amanda,92a46683,-1.2895886967870211,-48.476226976060246,BELEM,,BRA,0.0,anchorage_overrides,,,,,,0,,,0,,,BRA
Only in scratch_amanda,92a48d99,-1.4752431140511306,-48.446249541981,BELEM,,BRA,0.0,anchorage_overrides,,,,,,0,,,0,,,BRA
Only in scratch_amanda,92a466f3,-1.289190423122844,-48.4562402076794,BELEM,,BRA,0.0,anchorage_overrides,,,,,,0,,,0,,,BRA
Only in scratch_amanda,92a48953,-1.4285469948196927,-48.486223078023755,BELEM,,BRA,0.0,anchorage_overrides,,,,,,0,,,0,,,BRA
Only in scratch_amanda,92a48d91,-1.4790201082731935,-48.451244648251816,BELEM,,BRA,0.0,anchorage_overrides,,,,,,0,,,0,,,BRA
Only in scratch_amanda,92a4666f,-1.274822704616033,-48.466232685825496,BELEM,,BRA,0.0,anchorage_overrides,,,,,,0,,,0,,,BRA
Only in scratch_amanda,92a48eaf,-1.4358666961617303,-48.486223078023755,BELEM,,BRA,0.0,anchorage_overrides,,,,,,0,,,0,,,BRA
Only in scratch_amanda,92a48d83,-1.482454544490715,-48.44125488891166,BELEM,,BRA,0.0,anchorage_overrides,,,,,,0,,,0,,,BRA
Only in scratch_amanda,92a46665,-1.2784637955819926,-48.466232685825496,BELEM,,BRA,0.0,anchorage_overrides,,,,,,0,,,0,,,BRA
Only in scratch_amanda,92a48ded,-1.4792485642715554,-48.46123622021892,BELEM,,BRA,0.0,anchorage_overrides,,,,,,0,,,0,,,BRA
Only in scratch_amanda,92a4665f,-1.2819072879345168,-48.4562402076794,BELEM,,BRA,0.0,anchorage_overrides,,,,,,0,,,0,,,BRA
Only in scratch_amanda,92a46693,-1.2929324644870404,-48.46123622021892,BELEM,,BRA,0.0,anchorage_overrides,,,,,,0,,,0,,,BRA
Only in scratch_amanda,92a46661,-1.2820062953930509,-48.46123622021892,BELEM,,BRA,0.0,anchorage_overrides,,,,,,0,,,0,,,BRA
Only in scratch_amanda,92a48dc1,-1.4719217522428931,-48.461236220218915,BELEM,,BRA,0.0,anchorage_overrides,,,,,,0,,,0,,,BRA
Only in scratch_amanda,92a48ea3,-1.4431880543508273,-48.486223078023755,BELEM,,BRA,0.0,anchorage_overrides,,,,,,0,,,0,,,BRA
Only in scratch_amanda,92a48ead,-1.432206638367876,-48.48622307802376,BELEM,,BRA,0.0,anchorage_overrides,,,,,,0,,,0,,,BRA
Only in scratch_amanda,92a48d85,-1.482569057394698,-48.446249541981,BELEM,,BRA,0.0,anchorage_overrides,,,,,,0,,,0,,,BRA
Only in scratch_amanda,92a48d9f,-1.475129166497953,-48.44125488891166,BELEM,,BRA,0.0,anchorage_overrides,,,,,,0,,,0,,,BRA
Only in scratch_amanda,92a48d9d,-1.47879164872787,-48.44125488891166,BELEM,,BRA,0.0,anchorage_overrides,,,,,,0,,,0,,,BRA
Only in scratch_amanda,92a48de1,-1.4759267807267638,-48.476226976060246,BELEM,,BRA,0.0,anchorage_overrides,,,,,,0,,,0,,,BRA
Only in scratch_amanda,92a46161,-1.329688007532857,-48.476226976060246,BELEM,,BRA,0.0,anchorage_overrides,,,,,,0,,,0,,,BRA
Only in scratch_amanda,92a461f5,-1.3588826946991637,-48.476226976060246,BELEM,,BRA,0.0,anchorage_overrides,,,,,,0,,,0,,,BRA
Only in scratch_amanda,92a48da5,-1.4679188250957922,-48.446249541981,BELEM,,BRA,0.0,anchorage_overrides,,,,,,0,,,0,,,BRA
Only in scratch_amanda,92a48d97,-1.475357060724759,-48.451244648251816,BELEM,,BRA,0.0,anchorage_overrides,,,,,,0,,,0,,,BRA
Only in scratch_amanda,92a46691,-1.2930323144056552,-48.466232685825496,BELEM,,BRA,0.0,anchorage_overrides,,,,,,0,,,0,,,BRA
Only in scratch_amanda,92a48951,-1.424887765551062,-48.486223078023755,BELEM,,BRA,0.0,anchorage_overrides,,,,,,0,,,0,,,BRA
Only in scratch_amanda,92a48965,-1.410254991948955,-48.486223078023755,BELEM,,BRA,0.0,anchorage_overrides,,,,,,0,,,0,,,BRA
Only in scratch_amanda,92a4615f,-1.326040539353088,-48.47622697606024,BELEM,,BRA,0.0,anchorage_overrides,,,,,,0,,,0,,,BRA
Only in scratch_amanda,92a48da3,-1.4715807627578972,-48.446249541981,BELEM,,BRA,0.0,anchorage_overrides,,,,,,0,,,0,,,BRA
Only in scratch_amanda,92a46189,-1.3515815330866603,-48.476226976060246,BELEM,,BRA,0.0,anchorage_overrides,,,,,,0,,,0,,,BRA
Only in scratch_amanda,92a46663,-1.2821053020769488,-48.4662326858255,BELEM,,BRA,0.0,anchorage_overrides,,,,,,0,,,0,,,BRA
Only in scratch_amanda,92a48e71,-1.4688258517610342,-48.486223078023755,BELEM,,BRA,0.0,anchorage_overrides,,,,,,0,,,0,,,BRA
Only in scratch_amanda,92a48e77,-1.4687124765766768,-48.481224800598426,BELEM,,BRA,0.0,anchorage_overrides,,,,,,0,,,0,,,BRA
Only in scratch_amanda,92a46667,-1.2783650699154154,-48.46123622021892,BELEM,,BRA,0.0,anchorage_overrides,,,,,,0,,,0,,,BRA
Only in scratch_amanda,92a48def,-1.4793627909282443,-48.466232685825496,BELEM,,BRA,0.0,anchorage_overrides,,,,,,0,,,0,,,BRA
Only in scratch_amanda,92a48dd9,-1.4685991004828236,-48.476226976060246,BELEM,,BRA,0.0,anchorage_overrides,,,,,,0,,,0,,,BRA
Only in scratch_amanda,92a48d9b,-1.478905878941427,-48.446249541981,BELEM,,BRA,0.0,anchorage_overrides,,,,,,0,,,0,,,BRA
Only in scratch_amanda,92a46687,-1.2858465110183952,-48.471229604454265,BELEM,,BRA,0.0,anchorage_overrides,,,,,,0,,,0,,,BRA
Only in scratch_amanda,92a48de7,-1.475812838524987,-48.471229604454265,BELEM,,BRA,0.0,anchorage_overrides,,,,,,0,,,0,,,BRA
Only in scratch_amanda,92a466f5,-1.2855486478276534,-48.4562402076794,BELEM,,BRA,0.0,anchorage_overrides,,,,,,0,,,0,,,BRA
Only in scratch_amanda,92a4669d,-1.2932320118814622,-48.47622697606024,BELEM,,BRA,0.0,anchorage_overrides,,,,,,0,,,0,,,BRA
Only in scratch_amanda,92a4667d,-1.282204307981916,-48.471229604454265,BELEM,,BRA,0.0,anchorage_overrides,,,,,,0,,,0,,,BRA
Only in scratch_amanda,92a48dbb,-1.4680322065433156,-48.451244648251816,BELEM,,BRA,0.0,anchorage_overrides,,,,,,0,,,0,,,BRA
Only in scratch_amanda,92a46689,-1.2857472240678982,-48.4662326858255,BELEM,,BRA,0.0,anchorage_overrides,,,,,,0,,,0,,,BRA
Only in scratch_amanda,92a48d93,-1.479134336718221,-48.4562402076794,BELEM,,BRA,0.0,anchorage_overrides,,,,,,0,,,0,,,BRA
Only in scratch_amanda,92a48ddb,-1.468485723484394,-48.471229604454265,BELEM,,BRA,0.0,anchorage_overrides,,,,,,0,,,0,,,BRA
Only in scratch_amanda,92a4618b,-1.355231906446808,-48.476226976060246,BELEM,,BRA,0.0,anchorage_overrides,,,,,,0,,,0,,,BRA
Only in scratch_amanda,92a46685,-1.2894891295482986,-48.471229604454265,BELEM,,BRA,0.0,anchorage_overrides,,,,,,0,,,0,,,BRA
Only in scratch_amanda,92a461f7,-1.362533897810276,-48.476226976060246,BELEM,,BRA,0.0,anchorage_overrides,,,,,,0,,,0,,,BRA
Only in scratch_amanda,92a4667b,-1.2785625204718931,-48.471229604454265,BELEM,,BRA,0.0,anchorage_overrides,,,,,,0,,,0,,,BRA
Only in scratch_amanda,31756e4d,10.38154022,107.067655,BEN DA FISHING PORT,,VNM,0.0,anchorage_overrides,,,,,,0,,,0,,,VNM
Only in scratch_amanda,3198a86f,8.657348822,106.567145,BEN DAM FISHING PORT,,VNM,0.0,anchorage_overrides,,,,,,0,,,0,,,VNM
Only in scratch_amanda,3175bc41,10.54439441,107.5460823,BINH CHAU FISHING PORT,,VNM,0.0,anchorage_overrides,,,,,,0,,,0,,,VNM
Only in scratch_amanda,328701df,1.451995455,125.2113023,BITUNG,,IDN,0.0,anchorage_overrides,,,,,,0,,,0,,,IDN
Only in scratch_amanda,134c31dd,42.404477,18.684186,BJELLILA,,MNE,0.0,anchorage_overrides,,,,,,0,,,0,,,MNE
Only in scratch_amanda,961554f5,-38.82222222222222,-73.39500000000001,BOCA BUDI,,CHL,0.0,anchorage_overrides,,,,,,0,,,0,,,CHL
Only in scratch_amanda,9663d3ef,-33.92294444444444,-71.84418888888888,BOCA DE RAPEL,,CHL,0.0,anchorage_overrides,,,,,,0,,,0,,,CHL
Only in scratch_amanda,96686709,-36.35610277777778,-72.84875,BOCA ITATA,,CHL,0.0,anchorage_overrides,,,,,,0,,,0,,,CHL
Only in scratch_amanda,9669cbb9,-36.82535555555556,-73.15208333333334,BOCA SUR,,CHL,0.0,anchorage_overrides,,,,,,0,,,0,,,CHL
Only in scratch_amanda,96158b8d,-39.69342222222222,-73.38210833333332,BONIFACIO,,CHL,0.0,anchorage_overrides,,,,,,0,,,0,,,CHL
Only in scratch_amanda,9666a92d,-34.686274999999995,-72.04651388888888,BOYERUCA,,CHL,0.0,anchorage_overrides,,,,,,0,,,0,,,CHL
Only in scratch_amanda,92aed9f5,-1.0075084154523528,-46.75026728162686,BRAGANCA,,BRA,0.0,anchorage_overrides,,,,,,0,,,0,,,BRA
Only in scratch_amanda,92aedead,-1.0533341769520586,-46.755103679036125,BRAGANCA,,BRA,0.0,anchorage_overrides,,,,,,0,,,0,,,BRA
Only in scratch_amanda,92aed0a7,-0.9932111441790492,-46.73576088569198,BRAGANCA,,BRA,0.0,anchorage_overrides,,,,,,0,,,0,,,BRA
Only in scratch_amanda,92aed947,-1.042936905978524,-46.76477787182213,BRAGANCA,,BRA,0.0,anchorage_overrides,,,,,,0,,,0,,,BRA
Only in scratch_amanda,92aed959,-1.0426885854895425,-46.75026728162686,BRAGANCA,,BRA,0.0,anchorage_overrides,,,,,,0,,,0,,,BRA
Only in scratch_amanda,92aed9e5,-1.0006361102344032,-46.759940542444525,BRAGANCA,,BRA,0.0,anchorage_overrides,,,,,,0,,,0,,,BRA
Only in scratch_amanda,92aed0af,-0.9897764139328724,-46.74059588492496,BRAGANCA,,BRA,0.0,anchorage_overrides,,,,,,0,,,0,,,BRA
Only in scratch_amanda,92aed951,-1.046291891387204,-46.75510367903612,BRAGANCA,,BRA,0.0,anchorage_overrides,,,,,,0,,,0,,,BRA
Only in scratch_amanda,92aed749,-0.9829845320289476,-46.755103679036125,BRAGANCA,,BRA,0.0,anchorage_overrides,,,,,,0,,,0,,,BRA
Only in scratch_amanda,92aed957,-1.046208839103088,-46.75026728162686,BRAGANCA,,BRA,0.0,anchorage_overrides,,,,,,0,,,0,,,BRA
Only in scratch_amanda,92aed9f9,-1.0004772628407714,-46.75026728162686,BRAGANCA,,BRA,0.0,anchorage_overrides,,,,,,0,,,0,,,BRA
Only in scratch_amanda,92aed9f3,-1.0075883968317,-46.755103679036125,BRAGANCA,,BRA,0.0,anchorage_overrides,,,,,,0,,,0,,,BRA
Only in scratch_amanda,92aed9f7,-1.0039926357015856,-46.75026728162686,BRAGANCA,,BRA,0.0,anchorage_overrides,,,,,,0,,,0,,,BRA
Only in scratch_amanda,92aed9e3,-0.9971205864415844,-46.759940542444525,BRAGANCA,,BRA,0.0,anchorage_overrides,,,,,,0,,,0,,,BRA
Only in scratch_amanda,92aedec7,-1.0606306015750853,-46.76961566713902,BRAGANCA,,BRA,0.0,anchorage_overrides,,,,,,0,,,0,,,BRA
Only in scratch_amanda,92aedec1,-1.064154005534508,-46.76961566713902,BRAGANCA,,BRA,0.0,anchorage_overrides,,,,,,0,,,0,,,BRA
Only in scratch_amanda,92aede9b,-1.0709470042992193,-46.755103679036125,BRAGANCA,,BRA,0.0,anchorage_overrides,,,,,,0,,,0,,,BRA
Only in scratch_amanda,92aed083,-0.9928956932948771,-46.716425550239336,BRAGANCA,,BRA,0.0,anchorage_overrides,,,,,,0,,,0,,,BRA
Only in scratch_amanda,92aed757,-0.9935266035240616,-46.755103679036125,BRAGANCA,,BRA,0.0,anchorage_overrides,,,,,,0,,,0,,,BRA
Only in scratch_amanda,92aedbfd,-1.0461257873656442,-46.74543135024652,BRAGANCA,,BRA,0.0,anchorage_overrides,,,,,,0,,,0,,,BRA
Only in scratch_amanda,92aed09f,-0.9930534176669936,-46.72609228561049,BRAGANCA,,BRA,0.0,anchorage_overrides,,,,,,0,,,0,,,BRA
Only in scratch_amanda,92aed0ad,-0.98985499965057,-46.74543135024652,BRAGANCA,,BRA,0.0,anchorage_overrides,,,,,,0,,,0,,,BRA
Only in scratch_amanda,92aeda03,-1.0003978399271154,-46.74543135024652,BRAGANCA,,BRA,0.0,anchorage_overrides,,,,,,0,,,0,,,BRA
Only in scratch_amanda,92aed0cb,-0.979315822150453,-46.74543135024652,BRAGANCA,,BRA,0.0,anchorage_overrides,,,,,,0,,,0,,,BRA
Only in scratch_amanda,92aedc01,-1.0531669554348249,-46.74543135024652,BRAGANCA,,BRA,0.0,anchorage_overrides,,,,,,0,,,0,,,BRA
Only in scratch_amanda,92aeda07,-0.9968040094417971,-46.74059588492497,BRAGANCA,,BRA,0.0,anchorage_overrides,,,,,,0,,,0,,,BRA
Only in scratch_amanda,92aed753,-0.989933585889065,-46.75026728162686,BRAGANCA,,BRA,0.0,anchorage_overrides,,,,,,0,,,0,,,BRA
Only in scratch_amanda,92aed74f,-0.9864981488038886,-46.755103679036125,BRAGANCA,,BRA,0.0,anchorage_overrides,,,,,,0,,,0,,,BRA
Only in scratch_amanda,92aed0b7,-0.9827504462001518,-46.74059588492497,BRAGANCA,,BRA,0.0,anchorage_overrides,,,,,,0,,,0,,,BRA
Only in scratch_amanda,92aed085,-0.989383493264182,-46.716425550239336,BRAGANCA,,BRA,0.0,anchorage_overrides,,,,,,0,,,0,,,BRA
Only in scratch_amanda,92aed9f1,-1.0040723380941166,-46.755103679036125,BRAGANCA,,BRA,0.0,anchorage_overrides,,,,,,0,,,0,,,BRA
Only in scratch_amanda,92aeda6d,-1.003594131675792,-46.72609228561049,BRAGANCA,,BRA,0.0,anchorage_overrides,,,,,,0,,,0,,,BRA
Only in scratch_amanda,92aeda05,-1.0003184175397206,-46.74059588492496,BRAGANCA,,BRA,0.0,anchorage_overrides,,,,,,0,,,0,,,BRA
Only in scratch_amanda,92aed955,-1.0497294992557913,-46.75026728162686,BRAGANCA,,BRA,0.0,anchorage_overrides,,,,,,0,,,0,,,BRA
Only in scratch_amanda,92aed94f,-1.0463749442147334,-46.759940542444525,BRAGANCA,,BRA,0.0,anchorage_overrides,,,,,,0,,,0,,,BRA
Only in scratch_amanda,92aedea9,-1.0567720390612312,-46.75026728162687,BRAGANCA,,BRA,0.0,anchorage_overrides,,,,,,0,,,0,,,BRA
Only in scratch_amanda,92aedeb9,-1.0605464300258167,-46.76477787182213,BRAGANCA,,BRA,0.0,anchorage_overrides,,,,,,0,,,0,,,BRA
Only in scratch_amanda,92aed0b3,-0.9863415334699928,-46.74543135024652,BRAGANCA,,BRA,0.0,anchorage_overrides,,,,,,0,,,0,,,BRA
Only in scratch_amanda,92aed9ef,-1.004152041008475,-46.759940542444525,BRAGANCA,,BRA,0.0,anchorage_overrides,,,,,,0,,,0,,,BRA
Only in scratch_amanda,92aed745,-0.9865764572416184,-46.759940542444525,BRAGANCA,,BRA,0.0,anchorage_overrides,,,,,,0,,,0,,,BRA
Only in scratch_amanda,92aed0a1,-0.9931322806570738,-46.73092635257726,BRAGANCA,,BRA,0.0,anchorage_overrides,,,,,,0,,,0,,,BRA
Only in scratch_amanda,92aed759,-0.9936054696591252,-46.759940542444525,BRAGANCA,,BRA,0.0,anchorage_overrides,,,,,,0,,,0,,,BRA
Only in scratch_amanda,92aedc03,-1.0566881491582565,-46.74543135024652,BRAGANCA,,BRA,0.0,anchorage_overrides,,,,,,0,,,0,,,BRA
Only in scratch_amanda,92aed95d,-1.039251232102976,-46.755103679036125,BRAGANCA,,BRA,0.0,anchorage_overrides,,,,,,0,,,0,,,BRA
Only in scratch_amanda,92aed945,-1.0428541319427485,-46.759940542444525,BRAGANCA,,BRA,0.0,anchorage_overrides,,,,,,0,,,0,,,BRA
Only in scratch_amanda,92aeda75,-0.9965665822202971,-46.72609228561048,BRAGANCA,,BRA,0.0,anchorage_overrides,,,,,,0,,,0,,,BRA
Only in scratch_amanda,92aedec9,-1.0571076041611922,-46.76961566713902,BRAGANCA,,BRA,0.0,anchorage_overrides,,,,,,0,,,0,,,BRA
Only in scratch_amanda,92aed09b,-0.9894620763316814,-46.7212586848213,BRAGANCA,,BRA,0.0,anchorage_overrides,,,,,,0,,,0,,,BRA
Only in scratch_amanda,92aeda6f,-1.003514432479879,-46.7212586848213,BRAGANCA,,BRA,0.0,anchorage_overrides,,,,,,0,,,0,,,BRA
Only in scratch_amanda,92aed097,-0.9860283090544736,-46.72609228561049,BRAGANCA,,BRA,0.0,anchorage_overrides,,,,,,0,,,0,,,BRA
Only in scratch_amanda,92aed095,-0.9825163650532798,-46.72609228561049,BRAGANCA,,BRA,0.0,anchorage_overrides,,,,,,0,,,0,,,BRA
Only in scratch_amanda,92aed94b,-1.0499794958184745,-46.76477787182214,BRAGANCA,,BRA,0.0,anchorage_overrides,,,,,,0,,,0,,,BRA
Only in scratch_amanda,92aeda0d,-1.0001595743561742,-46.73092635257726,BRAGANCA,,BRA,0.0,anchorage_overrides,,,,,,0,,,0,,,BRA
Only in scratch_amanda,92aeda7b,-0.9999213136056552,-46.716425550239336,BRAGANCA,,BRA,0.0,anchorage_overrides,,,,,,0,,,0,,,BRA
Only in scratch_amanda,92aeda73,-1.0000801535662494,-46.72609228561049,BRAGANCA,,BRA,0.0,anchorage_overrides,,,,,,0,,,0,,,BRA
Only in scratch_amanda,92aed74b,-0.9829065029042356,-46.75026728162686,BRAGANCA,,BRA,0.0,anchorage_overrides,,,,,,0,,,0,,,BRA
Only in scratch_amanda,92aed9fb,-1.0005566862775734,-46.755103679036125,BRAGANCA,,BRA,0.0,anchorage_overrides,,,,,,0,,,0,,,BRA
Only in scratch_amanda,92aed943,-1.0393337263012783,-46.759940542444525,BRAGANCA,,BRA,0.0,anchorage_overrides,,,,,,0,,,0,,,BRA
Only in scratch_amanda,92aed0a3,-0.9896192440721964,-46.73092635257726,BRAGANCA,,BRA,0.0,anchorage_overrides,,,,,,0,,,0,,,BRA
Only in scratch_amanda,92aedeb7,-1.057023712069579,-46.76477787182213,BRAGANCA,,BRA,0.0,anchorage_overrides,,,,,,0,,,0,,,BRA
Only in scratch_amanda,92aed94d,-1.0498961630878831,-46.759940542444525,BRAGANCA,,BRA,0.0,anchorage_overrides,,,,,,0,,,0,,,BRA
Only in scratch_amanda,92aedebf,-1.0640695544966086,-46.76477787182213,BRAGANCA,,BRA,0.0,anchorage_overrides,,,,,,0,,,0,,,BRA
Only in scratch_amanda,92aed0bb,-0.9861849202119995,-46.73576088569198,BRAGANCA,,BRA,0.0,anchorage_overrides,,,,,,0,,,0,,,BRA
Only in scratch_amanda,92aedbe3,-1.0426058130786098,-46.74543135024652,BRAGANCA,,BRA,0.0,anchorage_overrides,,,,,,0,,,0,,,BRA
Only in scratch_amanda,92aeda01,-0.996883152908189,-46.74543135024652,BRAGANCA,,BRA,0.0,anchorage_overrides,,,,,,0,,,0,,,BRA
Only in scratch_amanda,92aedeb5,-1.0535014006573271,-46.76477787182214,BRAGANCA,,BRA,0.0,anchorage_overrides,,,,,,0,,,0,,,BRA
Only in scratch_amanda,92aeda0b,-0.9966457240947488,-46.73092635257726,BRAGANCA,,BRA,0.0,anchorage_overrides,,,,,,0,,,0,,,BRA
Only in scratch_amanda,92aede95,-1.0675930854525044,-46.76477787182214,BRAGANCA,,BRA,0.0,anchorage_overrides,,,,,,0,,,0,,,BRA
Only in scratch_amanda,92aedebd,-1.063985104004481,-46.759940542444525,BRAGANCA,,BRA,0.0,anchorage_overrides,,,,,,0,,,0,,,BRA
Only in scratch_amanda,92aedeb3,-1.0534177885328293,-46.759940542444525,BRAGANCA,,BRA,0.0,anchorage_overrides,,,,,,0,,,0,,,BRA
Only in scratch_amanda,92aede9f,-1.067338897078596,-46.75026728162686,BRAGANCA,,BRA,0.0,anchorage_overrides,,,,,,0,,,0,,,BRA
Only in scratch_amanda,92aeda1f,-1.0074284345997724,-46.74543135024652,BRAGANCA,,BRA,0.0,anchorage_overrides,,,,,,0,,,0,,,BRA
Only in scratch_amanda,92aed0ab,-0.993368872806318,-46.74543135024652,BRAGANCA,,BRA,0.0,anchorage_overrides,,,,,,0,,,0,,,BRA
Only in scratch_amanda,92aed09d,-0.9929745552118988,-46.7212586848213,BRAGANCA,,BRA,0.0,anchorage_overrides,,,,,,0,,,0,,,BRA
Only in scratch_amanda,92aeda77,-0.9964874408826954,-46.7212586848213,BRAGANCA,,BRA,0.0,anchorage_overrides,,,,,,0,,,0,,,BRA
Only in scratch_amanda,92aede9d,-1.0708619958491394,-46.75026728162686,BRAGANCA,,BRA,0.0,anchorage_overrides,,,,,,0,,,0,,,BRA
Only in scratch_amanda,92aed0b9,-0.9826724186269014,-46.735760885691974,BRAGANCA,,BRA,0.0,anchorage_overrides,,,,,,0,,,0,,,BRA
Only in scratch_amanda,92aed751,-0.9900121726452744,-46.755103679036125,BRAGANCA,,BRA,0.0,anchorage_overrides,,,,,,0,,,0,,,BRA
Only in scratch_amanda,92aed949,-1.0464579975824144,-46.76477787182213,BRAGANCA,,BRA,0.0,anchorage_overrides,,,,,,0,,,0,,,BRA
Only in scratch_amanda,92aedea5,-1.060378088562571,-46.755103679036125,BRAGANCA,,BRA,0.0,anchorage_overrides,,,,,,0,,,0,,,BRA
Only in scratch_amanda,92aedebb,-1.0604622590205437,-46.759940542444525,BRAGANCA,,BRA,0.0,anchorage_overrides,,,,,,0,,,0,,,BRA
Only in scratch_amanda,92aed935,-1.0500628290877327,-46.76961566713902,BRAGANCA,,BRA,0.0,anchorage_overrides,,,,,,0,,,0,,,BRA
Only in scratch_amanda,92aeda0f,-1.0002389956817026,-46.73576088569198,BRAGANCA,,BRA,0.0,anchorage_overrides,,,,,,0,,,0,,,BRA
Only in scratch_amanda,92aed099,-0.989540659935379,-46.72609228561049,BRAGANCA,,BRA,0.0,anchorage_overrides,,,,,,0,,,0,,,BRA
Only in scratch_amanda,92aedecb,-1.0535850133222682,-46.76961566713902,BRAGANCA,,BRA,0.0,anchorage_overrides,,,,,,0,,,0,,,BRA
Only in scratch_amanda,92aed091,-0.9859500042710584,-46.7212586848213,BRAGANCA,,BRA,0.0,anchorage_overrides,,,,,,0,,,0,,,BRA
Only in scratch_amanda,92aedeaf,-1.0568559295163045,-46.755103679036125,BRAGANCA,,BRA,0.0,anchorage_overrides,,,,,,0,,,0,,,BRA
Only in scratch_amanda,92aed0bd,-0.9861066143691436,-46.73092635257726,BRAGANCA,,BRA,0.0,anchorage_overrides,,,,,,0,,,0,,,BRA
Only in scratch_amanda,92aed093,-0.9824383390590236,-46.7212586848213,BRAGANCA,,BRA,0.0,anchorage_overrides,,,,,,0,,,0,,,BRA
Only in scratch_amanda,92aed74d,-0.9864198408789888,-46.75026728162687,BRAGANCA,,BRA,0.0,anchorage_overrides,,,,,,0,,,0,,,BRA
Only in scratch_amanda,92aed95f,-1.0391687384444896,-46.75026728162686,BRAGANCA,,BRA,0.0,anchorage_overrides,,,,,,0,,,0,,,BRA
Only in scratch_amanda,92aede91,-1.0710320133052968,-46.759940542444525,BRAGANCA,,BRA,0.0,anchorage_overrides,,,,,,0,,,0,,,BRA
Only in scratch_amanda,92aedeab,-1.0532505659182965,-46.75026728162686,BRAGANCA,,BRA,0.0,anchorage_overrides,,,,,,0,,,0,,,BRA
Only in scratch_amanda,92aed9fd,-0.9970414414111882,-46.755103679036125,BRAGANCA,,BRA,0.0,anchorage_overrides,,,,,,0,,,0,,,BRA
Only in scratch_amanda,92aed75b,-0.9900907599161136,-46.759940542444525,BRAGANCA,,BRA,0.0,anchorage_overrides,,,,,,0,,,0,,,BRA
Only in scratch_amanda,92aed0bf,-0.9825943915769249,-46.73092635257726,BRAGANCA,,BRA,0.0,anchorage_overrides,,,,,,0,,,0,,,BRA
Only in scratch_amanda,92aedea7,-1.0602939186552027,-46.75026728162686,BRAGANCA,,BRA,0.0,anchorage_overrides,,,,,,0,,,0,,,BRA
Only in scratch_amanda,92aeda71,-1.0000007333150394,-46.7212586848213,BRAGANCA,,BRA,0.0,anchorage_overrides,,,,,,0,,,0,,,BRA
Only in scratch_amanda,92aedbff,-1.0496461681608318,-46.74543135024652,BRAGANCA,,BRA,0.0,anchorage_overrides,,,,,,0,,,0,,,BRA
Only in scratch_amanda,92aed0b1,-0.9862632265799732,-46.74059588492497,BRAGANCA,,BRA,0.0,anchorage_overrides,,,,,,0,,,0,,,BRA
Only in scratch_amanda,92aed953,-1.0498128308992316,-46.755103679036125,BRAGANCA,,BRA,0.0,anchorage_overrides,,,,,,0,,,0,,,BRA
Only in scratch_amanda,92aed08f,-0.9858717000219644,-46.71642555023933,BRAGANCA,,BRA,0.0,anchorage_overrides,,,,,,0,,,0,,,BRA
Only in scratch_amanda,92aed755,-0.9934477379054276,-46.75026728162686,BRAGANCA,,BRA,0.0,anchorage_overrides,,,,,,0,,,0,,,BRA
Only in scratch_amanda,92aeda79,-0.9964083000850442,-46.716425550239336,BRAGANCA,,BRA,0.0,anchorage_overrides,,,,,,0,,,0,,,BRA
Only in scratch_amanda,92aed95b,-1.0427713584453382,-46.755103679036125,BRAGANCA,,BRA,0.0,anchorage_overrides,,,,,,0,,,0,,,BRA
Only in scratch_amanda,92aed0b5,-0.9828284742936164,-46.74543135024652,BRAGANCA,,BRA,0.0,anchorage_overrides,,,,,,0,,,0,,,BRA
Only in scratch_amanda,92aed9ff,-0.9969622968990212,-46.75026728162686,BRAGANCA,,BRA,0.0,anchorage_overrides,,,,,,0,,,0,,,BRA
Only in scratch_amanda,92aede99,-1.0674236259834744,-46.755103679036125,BRAGANCA,,BRA,0.0,anchorage_overrides,,,,,,0,,,0,,,BRA
Only in scratch_amanda,92aedea3,-1.0639006540614395,-46.755103679036125,BRAGANCA,,BRA,0.0,anchorage_overrides,,,,,,0,,,0,,,BRA
Only in scratch_amanda,92aed0c9,-0.9792380728224142,-46.74059588492497,BRAGANCA,,BRA,0.0,anchorage_overrides,,,,,,0,,,0,,,BRA
Only in scratch_amanda,92aede97,-1.0675083554425526,-46.759940542444525,BRAGANCA,,BRA,0.0,anchorage_overrides,,,,,,0,,,0,,,BRA
Only in scratch_amanda,92aed0a9,-0.9932900082298278,-46.74059588492497,BRAGANCA,,BRA,0.0,anchorage_overrides,,,,,,0,,,0,,,BRA
Only in scratch_amanda,92aedea1,-1.0638162046708013,-46.75026728162686,BRAGANCA,,BRA,0.0,anchorage_overrides,,,,,,0,,,0,,,BRA
Only in scratch_amanda,92aeda1d,-1.0039129338340111,-46.74543135024652,BRAGANCA,,BRA,0.0,anchorage_overrides,,,,,,0,,,0,,,BRA
Only in scratch_amanda,92aeda09,-0.9967248665029496,-46.73576088569198,BRAGANCA,,BRA,0.0,anchorage_overrides,,,,,,0,,,0,,,BRA
Only in scratch_amanda,92aedeb1,-1.056939820520185,-46.759940542444525,BRAGANCA,,BRA,0.0,anchorage_overrides,,,,,,0,,,0,,,BRA
Only in scratch_amanda,92aed0a5,-0.9896978287390544,-46.73576088569198,BRAGANCA,,BRA,0.0,anchorage_overrides,,,,,,0,,,0,,,BRA
Only in scratch_amanda,9666abf7,-34.64002222222222,-72.04438611111111,BUCALEMU,,CHL,0.0,anchorage_overrides,,,,,,0,,,0,,,CHL
Only in scratch_amanda,8fad8167,7.75,-80.165,BUCARO,,PAN,0.0,anchorage_overrides,,,,,,0,,,0,,,PAN
Only in scratch_amanda,8fad900d,7.863583849448564,-80.28657505102946,BUCARO,,PAN,0.0,anchorage_overrides,,,,,,0,,,0,,,PAN
Only in scratch_amanda,8fad815f,7.753,-80.168,BUCARO,,PAN,0.0,anchorage_overrides,,,,,,0,,,0,,,PAN
Only in scratch_amanda,8fad815d,7.75,-80.166,BUCARO,,PAN,0.0,anchorage_overrides,,,,,,0,,,0,,,PAN
Only in scratch_amanda,96687f29,-36.078988888888894,-72.7949,BUCHUPUREO,,CHL,0.0,anchorage_overrides,,,,,,0,,,0,,,CHL
Only in scratch_amanda,9618d5fb,-42.402430555555554,-72.71872777777779,BUILL,,CHL,0.0,anchorage_overrides,,,,,,0,,,0,,,CHL
Only in scratch_amanda,134e7879,42.193812,18.961938,BULJARICA BEACH,,MNE,0.0,anchorage_overrides,,,,,,0,,,0,,,MNE
Only in scratch_amanda,966844af,-36.48523055555555,-72.90734444444445,BURCA,,CHL,0.0,anchorage_overrides,,,,,,0,,,0,,,CHL
Only in scratch_amanda,31a14913,9.1642071,105.1534117,CA MAU FISHING PORT,,VNM,0.0,anchorage_overrides,,,,,,0,,,0,,,VNM
Only in scratch_amanda,3177295b,11.3441536,108.8861221,CA NA FISHING PORT,,VNM,0.0,anchorage_overrides,,,,,,0,,,0,,,VNM
Only in scratch_amanda,07acdff5,-6.982067137181652,-34.84310061155179,CABEDELO,,BRA,0.0,anchorage_overrides,,,,,,0,,,0,,,BRA
Only in scratch_amanda,07acdfed,-6.991140524159436,-34.84310061155179,CABEDELO,,BRA,0.0,anchorage_overrides,,,,,,0,,,0,,,BRA
Only in scratch_amanda,07acdf95,-6.99614224509849,-34.83758095418784,CABEDELO,,BRA,0.0,anchorage_overrides,,,,,,0,,,0,,,BRA
Only in scratch_amanda,07acdf8d,-6.987067523366079,-34.83758095418784,CABEDELO,,BRA,0.0,anchorage_overrides,,,,,,0,,,0,,,BRA
Only in scratch_amanda,07ad2075,-6.977994290426468,-34.837580954187835,CABEDELO,,BRA,0.0,anchorage_overrides,,,,,,0,,,0,,,BRA
Only in scratch_amanda,07acdff3,-6.986603644577733,-34.84310061155179,CABEDELO,,BRA,0.0,anchorage_overrides,,,,,,0,,,0,,,BRA
Only in scratch_amanda,07ad2069,-6.9648496017421095,-34.83206094004112,CABEDELO,,BRA,0.0,anchorage_overrides,,,,,,0,,,0,,,BRA
Only in scratch_amanda,07ad206d,-6.968922546928477,-34.83758095418784,CABEDELO,,BRA,0.0,anchorage_overrides,,,,,,0,,,0,,,BRA
Only in scratch_amanda,07acdf8b,-6.9825307207566105,-34.83758095418784,CABEDELO,,BRA,0.0,anchorage_overrides,,,,,,0,,,0,,,BRA
Only in scratch_amanda,07acdfeb,-6.995677775845628,-34.84310061155179,CABEDELO,,BRA,0.0,anchorage_overrides,,,,,,0,,,0,,,BRA
Only in scratch_amanda,07acdf91,-6.992068837018593,-34.832060940041124,CABEDELO,,BRA,0.0,anchorage_overrides,,,,,,0,,,0,,,BRA
Only in scratch_amanda,07acdf8f,-6.987531367008502,-34.83206094004112,CABEDELO,,BRA,0.0,anchorage_overrides,,,,,,0,,,0,,,BRA
Only in scratch_amanda,07acdf89,-6.982994269209199,-34.83206094004112,CABEDELO,,BRA,0.0,anchorage_overrides,,,,,,0,,,0,,,BRA
Only in scratch_amanda,07ad2071,-6.973921190567465,-34.832060940041124,CABEDELO,,BRA,0.0,anchorage_overrides,,,,,,0,,,0,,,BRA
Only in scratch_amanda,07ad2077,-6.978457543701819,-34.832060940041124,CABEDELO,,BRA,0.0,anchorage_overrides,,,,,,0,,,0,,,BRA
Only in scratch_amanda,07acdfbd,-7.001144893346461,-34.83206094004112,CABEDELO,,BRA,0.0,anchorage_overrides,,,,,,0,,,0,,,BRA
Only in scratch_amanda,07acdf97,-6.996606679158309,-34.83206094004111,CABEDELO,,BRA,0.0,anchorage_overrides,,,,,,0,,,0,,,BRA
Only in scratch_amanda,07acdf93,-6.991604698173756,-34.83758095418784,CABEDELO,,BRA,0.0,anchorage_overrides,,,,,,0,,,0,,,BRA
Only in scratch_amanda,07ad206b,-6.964387233922723,-34.83758095418784,CABEDELO,,BRA,0.0,anchorage_overrides,,,,,,0,,,0,,,BRA
Only in scratch_amanda,07ad206f,-6.969385209887212,-34.83206094004112,CABEDELO,,BRA,0.0,anchorage_overrides,,,,,,0,,,0,,,BRA
Only in scratch_amanda,07acdfbf,-7.0006801640591085,-34.83758095418784,CABEDELO,,BRA,0.0,anchorage_overrides,,,,,,0,,,0,,,BRA
Only in scratch_amanda,9036f3bf,-4.243327330316743,-81.22812891402715,CABO BLANCO,,PER,0.0,anchorage_overrides,,,,,,0,,,0,,,PER
Only in scratch_amanda,9036f3c1,-4.243251153846154,-81.23217994230768,CABO BLANCO,,PER,0.0,anchorage_overrides,,,,,,0,,,0,,,PER
Only in scratch_amanda,9036f395,-4.245951263736263,-81.2280832967033,CABO BLANCO,,PER,0.0,anchorage_overrides,,,,,,0,,,0,,,PER
Only in scratch_amanda,07aae6c9,-8.225899614798648,-34.92585258489373,CABO DE SANTO AGOSTINHO,,BRA,0.0,anchorage_overrides,,,,,,0,,,0,,,BRA
Only in scratch_amanda,07aae6cf,-8.226444827281563,-34.92033829217897,CABO DE SANTO AGOSTINHO,,BRA,0.0,anchorage_overrides,,,,,,0,,,0,,,BRA
Only in scratch_amanda,07aae6a1,-8.23297737496054,-34.94790616966884,CABO DE SANTO AGOSTINHO,,BRA,0.0,anchorage_overrides,,,,,,0,,,0,,,BRA
Only in scratch_amanda,07aae69f,-8.237607408959537,-34.94790616966884,CABO DE SANTO AGOSTINHO,,BRA,0.0,anchorage_overrides,,,,,,0,,,0,,,BRA
Only in scratch_amanda,07aae6c7,-8.230530145212041,-34.92585258489374,CABO DE SANTO AGOSTINHO,,BRA,0.0,anchorage_overrides,,,,,,0,,,0,,,BRA
Only in scratch_amanda,07aae685,-8.247415392512371,-34.94239331160151,CABO DE SANTO AGOSTINHO,,BRA,0.0,anchorage_overrides,,,,,,0,,,0,,,BRA
Only in scratch_amanda,07aae6c1,-8.235161024460613,-34.92585258489374,CABO DE SANTO AGOSTINHO,,BRA,0.0,anchorage_overrides,,,,,,0,,,0,,,BRA
Only in scratch_amanda,07aae683,-8.246868522743135,-34.94790616966884,CABO DE SANTO AGOSTINHO,,BRA,0.0,anchorage_overrides,,,,,,0,,,0,,,BRA
Only in scratch_amanda,07aae6b9,-8.229984593085321,-34.93136651910706,CABO DE SANTO AGOSTINHO,,BRA,0.0,anchorage_overrides,,,,,,0,,,0,,,BRA
Only in scratch_amanda,07aae68f,-8.247962221053262,-34.93688009471197,CABO DE SANTO AGOSTINHO,,BRA,0.0,anchorage_overrides,,,,,,0,,,0,,,BRA
Only in scratch_amanda,07aae697,-8.238699913127684,-34.93688009471197,CABO DE SANTO AGOSTINHO,,BRA,0.0,anchorage_overrides,,,,,,0,,,0,,,BRA
Only in scratch_amanda,07aae69d,-8.242237791583323,-34.94790616966884,CABO DE SANTO AGOSTINHO,,BRA,0.0,anchorage_overrides,,,,,,0,,,0,,,BRA
Only in scratch_amanda,07aae135,-8.216639600832343,-34.92585258489374,CABO DE SANTO AGOSTINHO,,BRA,0.0,anchorage_overrides,,,,,,0,,,0,,,BRA
Only in scratch_amanda,07aae6af,-8.224263730284708,-34.94239331160151,CABO DE SANTO AGOSTINHO,,BRA,0.0,anchorage_overrides,,,,,,0,,,0,,,BRA
Only in scratch_amanda,07aae699,-8.238153681633591,-34.942393311601506,CABO DE SANTO AGOSTINHO,,BRA,0.0,anchorage_overrides,,,,,,0,,,0,,,BRA
Only in scratch_amanda,07aae6cd,-8.221814347378324,-34.920338292178975,CABO DE SANTO AGOSTINHO,,BRA,0.0,anchorage_overrides,,,,,,0,,,0,,,BRA
Only in scratch_amanda,07aae6c5,-8.231075656116968,-34.92033829217897,CABO DE SANTO AGOSTINHO,,BRA,0.0,anchorage_overrides,,,,,,0,,,0,,,BRA
Only in scratch_amanda,07aae6b5,-8.220724478066684,-34.93136651910706,CABO DE SANTO AGOSTINHO,,BRA,0.0,anchorage_overrides,,,,,,0,,,0,,,BRA
Only in scratch_amanda,07aae6bd,-8.234069282082297,-34.93688009471197,CABO DE SANTO AGOSTINHO,,BRA,0.0,anchorage_overrides,,,,,,0,,,0,,,BRA
Only in scratch_amanda,07aae14b,-8.216094944019577,-34.93136651910706,CABO DE SANTO AGOSTINHO,,BRA,0.0,anchorage_overrides,,,,,,0,,,0,,,BRA
Only in scratch_amanda,07aae6a5,-8.228893365286769,-34.942393311601506,CABO DE SANTO AGOSTINHO,,BRA,0.0,anchorage_overrides,,,,,,0,,,0,,,BRA
Only in scratch_amanda,07aae6bb,-8.229438999766874,-34.93688009471196,CABO DE SANTO AGOSTINHO,,BRA,0.0,anchorage_overrides,,,,,,0,,,0,,,BRA
Only in scratch_amanda,07aae693,-8.243877381593398,-34.931366519107065,CABO DE SANTO AGOSTINHO,,BRA,0.0,anchorage_overrides,,,,,,0,,,0,,,BRA
Only in scratch_amanda,07aae6bf,-8.234615173879423,-34.93136651910706,CABO DE SANTO AGOSTINHO,,BRA,0.0,anchorage_overrides,,,,,,0,,,0,,,BRA
Only in scratch_amanda,07aae6b3,-8.220179481680889,-34.93688009471197,CABO DE SANTO AGOSTINHO,,BRA,0.0,anchorage_overrides,,,,,,0,,,0,,,BRA
Only in scratch_amanda,07aae68d,-8.24850900833567,-34.93136651910706,CABO DE SANTO AGOSTINHO,,BRA,0.0,anchorage_overrides,,,,,,0,,,0,,,BRA
Only in scratch_amanda,07aae695,-8.23924610341171,-34.931366519107065,CABO DE SANTO AGOSTINHO,,BRA,0.0,anchorage_overrides,,,,,,0,,,0,,,BRA
Only in scratch_amanda,07aae691,-8.24333089281427,-34.93688009471197,CABO DE SANTO AGOSTINHO,,BRA,0.0,anchorage_overrides,,,,,,0,,,0,,,BRA
Only in scratch_amanda,07aae69b,-8.242784362800876,-34.942393311601506,CABO DE SANTO AGOSTINHO,,BRA,0.0,anchorage_overrides,,,,,,0,,,0,,,BRA
Only in scratch_amanda,07aae6b7,-8.225354361118164,-34.931366519107065,CABO DE SANTO AGOSTINHO,,BRA,0.0,anchorage_overrides,,,,,,0,,,0,,,BRA
Only in scratch_amanda,07aae6b1,-8.224809066270169,-34.93688009471197,CABO DE SANTO AGOSTINHO,,BRA,0.0,anchorage_overrides,,,,,,0,,,0,,,BRA
Only in scratch_amanda,07aae6eb,-8.23979225245558,-34.92585258489373,CABO DE SANTO AGOSTINHO,,BRA,0.0,anchorage_overrides,,,,,,0,,,0,,,BRA
Only in scratch_amanda,07aae6cb,-8.221269433309173,-34.92585258489373,CABO DE SANTO AGOSTINHO,,BRA,0.0,anchorage_overrides,,,,,,0,,,0,,,BRA
Only in scratch_amanda,07aae6a3,-8.233523349099304,-34.942393311601506,CABO DE SANTO AGOSTINHO,,BRA,0.0,anchorage_overrides,,,,,,0,,,0,,,BRA
Only in scratch_amanda,009704cf,-22.87501864333409,-42.026212713224375,CABO FRIO,,BRA,0.0,anchorage_overrides,,,,,,0,,,0,,,BRA
Only in scratch_amanda,0097ae0f,-22.59128689957871,-42.006402535628126,CABO FRIO,,BRA,0.0,anchorage_overrides,,,,,,0,,,0,,,BRA
Only in scratch_amanda,0097addf,-22.604122125849067,-41.99649470413732,CABO FRIO,,BRA,0.0,anchorage_overrides,,,,,,0,,,0,,,BRA
Only in scratch_amanda,009704c7,-22.871781784312727,-42.02126085460006,CABO FRIO,,BRA,0.0,anchorage_overrides,,,,,,0,,,0,,,BRA
Only in scratch_amanda,00970357,-22.884607513204216,-41.99649470413732,CABO FRIO,,BRA,0.0,anchorage_overrides,,,,,,0,,,0,,,BRA
Only in scratch_amanda,0097049b,-22.862067881977335,-42.006402535628126,CABO FRIO,,BRA,0.0,anchorage_overrides,,,,,,0,,,0,,,BRA
Only in scratch_amanda,00970361,-22.87009827824303,-41.99649470413732,CABO FRIO,,BRA,0.0,anchorage_overrides,,,,,,0,,,0,,,BRA
Only in scratch_amanda,009704cb,-22.88145202419537,-42.02126085460006,CABO FRIO,,BRA,0.0,anchorage_overrides,,,,,,0,,,0,,,BRA
Only in scratch_amanda,0097ade1,-22.5992867208088,-41.99649470413732,CABO FRIO,,BRA,0.0,anchorage_overrides,,,,,,0,,,0,,,BRA
Only in scratch_amanda,00971b2d,-22.883089564546463,-42.031164114597885,CABO FRIO,,BRA,0.0,anchorage_overrides,,,,,,0,,,0,,,BRA
Only in scratch_amanda,0097ae75,-22.60253939797681,-42.00144884840654,CABO FRIO,,BRA,0.0,anchorage_overrides,,,,,,0,,,0,,,BRA
Only in scratch_amanda,0097049f,-22.868501030261797,-42.00144884840654,CABO FRIO,,BRA,0.0,anchorage_overrides,,,,,,0,,,0,,,BRA
Only in scratch_amanda,00971b4d,-22.889484593732945,-42.01135576576135,CABO FRIO,,BRA,0.0,anchorage_overrides,,,,,,0,,,0,,,BRA
Only in scratch_amanda,0097ae09,-22.59286913924104,-42.00144884840654,CABO FRIO,,BRA,0.0,anchorage_overrides,,,,,,0,,,0,,,BRA
Only in scratch_amanda,0097addd,-22.605704811296565,-41.991540102861194,CABO FRIO,,BRA,0.0,anchorage_overrides,,,,,,0,,,0,,,BRA
Only in scratch_amanda,009704dd,-22.86375118713512,-42.031164114597885,CABO FRIO,,BRA,0.0,anchorage_overrides,,,,,,0,,,0,,,BRA
Only in scratch_amanda,009704c9,-22.87661689694569,-42.02126085460006,CABO FRIO,,BRA,0.0,anchorage_overrides,,,,,,0,,,0,,,BRA
Only in scratch_amanda,00971b55,-22.892681847340025,-42.001448848406525,CABO FRIO,,BRA,0.0,anchorage_overrides,,,,,,0,,,0,,,BRA
Only in scratch_amanda,0097ae07,-22.58803404128027,-42.00144884840654,CABO FRIO,,BRA,0.0,anchorage_overrides,,,,,,0,,,0,,,BRA
Only in scratch_amanda,009704d5,-22.87665634527931,-42.03611505868016,CABO FRIO,,BRA,0.0,anchorage_overrides,,,,,,0,,,0,,,BRA
Only in scratch_amanda,009704d9,-22.866987682065496,-42.03611505868016,CABO FRIO,,BRA,0.0,anchorage_overrides,,,,,,0,,,0,,,BRA
Only in scratch_amanda,0097ae0b,-22.597704258176236,-42.00144884840654,CABO FRIO,,BRA,0.0,anchorage_overrides,,,,,,0,,,0,,,BRA
Only in scratch_amanda,009704d1,-22.873420346428436,-42.031164114597885,CABO FRIO,,BRA,0.0,anchorage_overrides,,,,,,0,,,0,,,BRA
Only in scratch_amanda,00970491,-22.860470809772856,-42.01135576576135,CABO FRIO,,BRA,0.0,anchorage_overrides,,,,,,0,,,0,,,BRA
Only in scratch_amanda,009704a9,-22.883009477086663,-42.00144884840654,CABO FRIO,,BRA,0.0,anchorage_overrides,,,,,,0,,,0,,,BRA
Only in scratch_amanda,009704a7,-22.878173313562193,-42.001448848406525,CABO FRIO,,BRA,0.0,anchorage_overrides,,,,,,0,,,0,,,BRA
Only in scratch_amanda,00971b35,-22.886287165953014,-42.02126085460006,CABO FRIO,,BRA,0.0,anchorage_overrides,,,,,,0,,,0,,,BRA
Only in scratch_amanda,009704bd,-22.870142012403612,-42.01135576576135,CABO FRIO,,BRA,0.0,anchorage_overrides,,,,,,0,,,0,,,BRA
Only in scratch_amanda,0097ade5,-22.596033491557893,-41.9915401028612,CABO FRIO,,BRA,0.0,anchorage_overrides,,,,,,0,,,0,,,BRA
Only in scratch_amanda,00970359,-22.87977108701238,-41.99649470413732,CABO FRIO,,BRA,0.0,anchorage_overrides,,,,,,0,,,0,,,BRA
Only in scratch_amanda,00971b4b,-22.887885901580447,-42.016308538765536,CABO FRIO,,BRA,0.0,anchorage_overrides,,,,,,0,,,0,,,BRA
Only in scratch_amanda,009704b9,-22.873379731805876,-42.016308538765536,CABO FRIO,,BRA,0.0,anchorage_overrides,,,,,,0,,,0,,,BRA
Only in scratch_amanda,0097ade3,-22.59445133658998,-41.996494704137326,CABO FRIO,,BRA,0.0,anchorage_overrides,,,,,,0,,,0,,,BRA
Only in scratch_amanda,00970355,-22.889443953789034,-41.99649470413732,CABO FRIO,,BRA,0.0,anchorage_overrides,,,,,,0,,,0,,,BRA
Only in scratch_amanda,0097ae73,-22.60095662774746,-42.006402535628126,CABO FRIO,,BRA,0.0,anchorage_overrides,,,,,,0,,,0,,,BRA
Only in scratch_amanda,009704bb,-22.874977635890676,-42.01135576576135,CABO FRIO,,BRA,0.0,anchorage_overrides,,,,,,0,,,0,,,BRA
Only in scratch_amanda,00970499,-22.866903738711834,-42.006402535628126,CABO FRIO,,BRA,0.0,anchorage_overrides,,,,,,0,,,0,,,BRA
Only in scratch_amanda,0097adfd,-22.589615973301665,-41.99649470413732,CABO FRIO,,BRA,0.0,anchorage_overrides,,,,,,0,,,0,,,BRA
Only in scratch_amanda,009704a3,-22.87173961025528,-42.006402535628126,CABO FRIO,,BRA,0.0,anchorage_overrides,,,,,,0,,,0,,,BRA
Only in scratch_amanda,009704db,-22.86858575937432,-42.031164114597885,CABO FRIO,,BRA,0.0,anchorage_overrides,,,,,,0,,,0,,,BRA
Only in scratch_amanda,00971b53,-22.89108324234224,-42.006402535628126,CABO FRIO,,BRA,0.0,anchorage_overrides,,,,,,0,,,0,,,BRA
Only in scratch_amanda,009704ad,-22.88624731265115,-42.006402535628126,CABO FRIO,,BRA,0.0,anchorage_overrides,,,,,,0,,,0,,,BRA
Only in scratch_amanda,00971b33,-22.884688386918945,-42.026212713224375,CABO FRIO,,BRA,0.0,anchorage_overrides,,,,,,0,,,0,,,BRA
Only in scratch_amanda,009704b3,-22.884648926664138,-42.01135576576135,CABO FRIO,,BRA,0.0,anchorage_overrides,,,,,,0,,,0,,,BRA
Only in scratch_amanda,009704c1,-22.86694668640526,-42.021260854600065,CABO FRIO,,BRA,0.0,anchorage_overrides,,,,,,0,,,0,,,BRA
Only in scratch_amanda,0097adfb,-22.59119786296386,-41.991540102861194,CABO FRIO,,BRA,0.0,anchorage_overrides,,,,,,0,,,0,,,BRA
Only in scratch_amanda,00970495,-22.86370902517874,-42.01630853876554,CABO FRIO,,BRA,0.0,anchorage_overrides,,,,,,0,,,0,,,BRA
Only in scratch_amanda,009704a1,-22.873337164584292,-42.00144884840654,CABO FRIO,,BRA,0.0,anchorage_overrides,,,,,,0,,,0,,,BRA
Only in scratch_amanda,009704d3,-22.87825494818873,-42.031164114597885,CABO FRIO,,BRA,0.0,anchorage_overrides,,,,,,0,,,0,,,BRA
Only in scratch_amanda,0097ade7,-22.60086914103848,-41.991540102861194,CABO FRIO,,BRA,0.0,anchorage_overrides,,,,,,0,,,0,,,BRA
Only in scratch_amanda,009704cd,-22.87985350785016,-42.026212713224375,CABO FRIO,,BRA,0.0,anchorage_overrides,,,,,,0,,,0,,,BRA
Only in scratch_amanda,00970497,-22.865306403661403,-42.01135576576135,CABO FRIO,,BRA,0.0,anchorage_overrides,,,,,,0,,,0,,,BRA
Only in scratch_amanda,009704a5,-22.87657549649886,-42.006402535628126,CABO FRIO,,BRA,0.0,anchorage_overrides,,,,,,0,,,0,,,BRA
Only in scratch_amanda,009704c5,-22.87018379347947,-42.026212713224375,CABO FRIO,,BRA,0.0,anchorage_overrides,,,,,,0,,,0,,,BRA
Only in scratch_amanda,009704af,-22.881411397333764,-42.00640253562813,CABO FRIO,,BRA,0.0,anchorage_overrides,,,,,,0,,,0,,,BRA
Only in scratch_amanda,009704c3,-22.865348958395057,-42.026212713224375,CABO FRIO,,BRA,0.0,anchorage_overrides,,,,,,0,,,0,,,BRA
Only in scratch_amanda,009704b7,-22.878215107195004,-42.016308538765536,CABO FRIO,,BRA,0.0,anchorage_overrides,,,,,,0,,,0,,,BRA
Only in scratch_amanda,009704bf,-22.868544371097528,-42.016308538765536,CABO FRIO,,BRA,0.0,anchorage_overrides,,,,,,0,,,0,,,BRA
Only in scratch_amanda,009704d7,-22.871822006296956,-42.03611505868017,CABO FRIO,,BRA,0.0,anchorage_overrides,,,,,,0,,,0,,,BRA
Only in scratch_amanda,009704ab,-22.88784565504888,-42.00144884840654,CABO FRIO,,BRA,0.0,anchorage_overrides,,,,,,0,,,0,,,BRA
Only in scratch_amanda,0097035f,-22.874934675322372,-41.99649470413732,CABO FRIO,,BRA,0.0,anchorage_overrides,,,,,,0,,,0,,,BRA
Only in scratch_amanda,009704b5,-22.88305049715612,-42.01630853876554,CABO FRIO,,BRA,0.0,anchorage_overrides,,,,,,0,,,0,,,BRA
Only in scratch_amanda,009704b1,-22.87981327401378,-42.01135576576135,CABO FRIO,,BRA,0.0,anchorage_overrides,,,,,,0,,,0,,,BRA
Only in scratch_amanda,0097ae0d,-22.596121753208433,-42.006402535628126,CABO FRIO,,BRA,0.0,anchorage_overrides,,,,,,0,,,0,,,BRA
Only in scratch_amanda,9618b27d,-42.51102777777778,-73.26672222222223,CAGUACH,,CHL,0.0,anchorage_overrides,,,,,,0,,,0,,,CHL
Only in scratch_amanda,96615421,-34.47968055555556,-72.01768888888888,CAHUIL,,CHL,0.0,anchorage_overrides,,,,,,0,,,0,,,CHL
Only in scratch_amanda,31a41d0f,8.8586715,104.808875,CAI DOI VAM FISHING PORT,,VNM,0.0,anchorage_overrides,,,,,,0,,,0,,,VNM
Only in scratch_amanda,8d695dc9,2.8357334195679917,-51.04623879119265,CALCOENE,,BRA,0.0,anchorage_overrides,,,,,,0,,,0,,,BRA
Only in scratch_amanda,8d695dc5,2.8394724791507384,-51.04102025919554,CALCOENE,,BRA,0.0,anchorage_overrides,,,,,,0,,,0,,,BRA
Only in scratch_amanda,8d6919a1,2.5022828700500366,-50.95237021109142,CALCOENE,,BRA,0.0,anchorage_overrides,,,,,,0,,,0,,,BRA
Only in scratch_amanda,8d691975,2.4981915261430454,-50.947159329564194,CALCOENE,,BRA,0.0,anchorage_overrides,,,,,,0,,,0,,,BRA
Only in scratch_amanda,8d695db9,2.831577820056174,-51.04102025919554,CALCOENE,,BRA,0.0,anchorage_overrides,,,,,,0,,,0,,,BRA
Only in scratch_amanda,8d691909,2.498559698049356,-50.95758151822517,CALCOENE,,BRA,0.0,anchorage_overrides,,,,,,0,,,0,,,BRA
Only in scratch_amanda,8d69197d,2.493733537385728,-50.93152923930102,CALCOENE,,BRA,0.0,anchorage_overrides,,,,,,0,,,0,,,BRA
Only in scratch_amanda,8d691941,2.482567833984331,-50.94715932956419,CALCOENE,,BRA,0.0,anchorage_overrides,,,,,,0,,,0,,,BRA
Only in scratch_amanda,8d69196d,2.4903788440416506,-50.94715932956419,CALCOENE,,BRA,0.0,anchorage_overrides,,,,,,0,,,0,,,BRA
Only in scratch_amanda,8d691969,2.486289896922382,-50.94194887371143,CALCOENE,,BRA,0.0,anchorage_overrides,,,,,,0,,,0,,,BRA
Only in scratch_amanda,8d69197f,2.497639225944318,-50.93152923930102,CALCOENE,,BRA,0.0,anchorage_overrides,,,,,,0,,,0,,,BRA
Only in scratch_amanda,8d695dd3,2.843838535577205,-51.05145774756438,CALCOENE,,BRA,0.0,anchorage_overrides,,,,,,0,,,0,,,BRA
Only in scratch_amanda,8d695dcb,2.8359418902081948,-51.05145774756438,CALCOENE,,BRA,0.0,anchorage_overrides,,,,,,0,,,0,,,BRA
Only in scratch_amanda,8d691911,2.4907458674580427,-50.95758151822517,CALCOENE,,BRA,0.0,anchorage_overrides,,,,,,0,,,0,,,BRA
Only in scratch_amanda,8d69199d,2.5019141124934836,-50.94194887371143,CALCOENE,,BRA,0.0,anchorage_overrides,,,,,,0,,,0,,,BRA
Only in scratch_amanda,8d695dc3,2.839263706004973,-51.03580215164186,CALCOENE,,BRA,0.0,anchorage_overrides,,,,,,0,,,0,,,BRA
Only in scratch_amanda,8d691979,2.4978233316438243,-50.93673884360109,CALCOENE,,BRA,0.0,anchorage_overrides,,,,,,0,,,0,,,BRA
Only in scratch_amanda,8d691977,2.498007431713059,-50.94194887371143,CALCOENE,,BRA,0.0,anchorage_overrides,,,,,,0,,,0,,,BRA
Only in scratch_amanda,8d691907,2.4987437755077178,-50.96279325089739,CALCOENE,,BRA,0.0,anchorage_overrides,,,,,,0,,,0,,,BRA
Only in scratch_amanda,8d691913,2.4905623585694663,-50.95237021109142,CALCOENE,,BRA,0.0,anchorage_overrides,,,,,,0,,,0,,,BRA
Only in scratch_amanda,8d691939,2.4788456094337974,-50.95237021109142,CALCOENE,,BRA,0.0,anchorage_overrides,,,,,,0,,,0,,,BRA
Only in scratch_amanda,8d69191d,2.491112868281661,-50.968005409040074,CALCOENE,,BRA,0.0,anchorage_overrides,,,,,,0,,,0,,,BRA
Only in scratch_amanda,8d691963,2.489828266712284,-50.93152923930102,CALCOENE,,BRA,0.0,anchorage_overrides,,,,,,0,,,0,,,BRA
Only in scratch_amanda,8d691973,2.494284976108815,-50.94715932956419,CALCOENE,,BRA,0.0,anchorage_overrides,,,,,,0,,,0,,,BRA
Only in scratch_amanda,8d691967,2.486106658246871,-50.93673884360109,CALCOENE,,BRA,0.0,anchorage_overrides,,,,,,0,,,0,,,BRA
Only in scratch_amanda,8d69190f,2.4946525737428633,-50.957581518225176,CALCOENE,,BRA,0.0,anchorage_overrides,,,,,,0,,,0,,,BRA
Only in scratch_amanda,8d695c33,2.840098758889715,-51.0566771282418,CALCOENE,,BRA,0.0,anchorage_overrides,,,,,,0,,,0,,,BRA
Only in scratch_amanda,8d695c4b,2.8322023642172565,-51.0566771282418,CALCOENE,,BRA,0.0,anchorage_overrides,,,,,,0,,,0,,,BRA
Only in scratch_amanda,8d691905,2.4948363640785853,-50.9627932508974,CALCOENE,,BRA,0.0,anchorage_overrides,,,,,,0,,,0,,,BRA
Only in scratch_amanda,8d695db1,2.827839011172082,-51.04623879119265,CALCOENE,,BRA,0.0,anchorage_overrides,,,,,,0,,,0,,,BRA
Only in scratch_amanda,8d69193f,2.482750774367457,-50.95237021109142,CALCOENE,,BRA,0.0,anchorage_overrides,,,,,,0,,,0,,,BRA
Only in scratch_amanda,8d691961,2.4859234139679143,-50.93152923930102,CALCOENE,,BRA,0.0,anchorage_overrides,,,,,,0,,,0,,,BRA
Only in scratch_amanda,8d6919a3,2.506190543081631,-50.95237021109142,CALCOENE,,BRA,0.0,anchorage_overrides,,,,,,0,,,0,,,BRA
Only in scratch_amanda,8d691985,2.5056365366574775,-50.93673884360109,CALCOENE,,BRA,0.0,anchorage_overrides,,,,,,0,,,0,,,BRA
Only in scratch_amanda,8d69196f,2.4901953238835484,-50.94194887371143,CALCOENE,,BRA,0.0,anchorage_overrides,,,,,,0,,,0,,,BRA
Only in scratch_amanda,8d69195d,2.4822019363899424,-50.93673884360109,CALCOENE,,BRA,0.0,anchorage_overrides,,,,,,0,,,0,,,BRA
Only in scratch_amanda,8d6919a9,2.5026516049418124,-50.96279325089739,CALCOENE,,BRA,0.0,anchorage_overrides,,,,,,0,,,0,,,BRA
Only in scratch_amanda,8d69190d,2.4944687777499497,-50.95237021109142,CALCOENE,,BRA,0.0,anchorage_overrides,,,,,,0,,,0,,,BRA
Only in scratch_amanda,8d691903,2.4950201487481474,-50.968005409040074,CALCOENE,,BRA,0.0,anchorage_overrides,,,,,,0,,,0,,,BRA
Only in scratch_amanda,8d69199b,2.5058212111256983,-50.94194887371143,CALCOENE,,BRA,0.0,anchorage_overrides,,,,,,0,,,0,,,BRA
Only in scratch_amanda,8d695dc7,2.8355249423173774,-51.04102025919554,CALCOENE,,BRA,0.0,anchorage_overrides,,,,,,0,,,0,,,BRA
Only in scratch_amanda,8d691945,2.4784802971268554,-50.94194887371143,CALCOENE,,BRA,0.0,anchorage_overrides,,,,,,0,,,0,,,BRA
Only in scratch_amanda,8d695dc1,2.835316458466561,-51.03580215164186,CALCOENE,,BRA,0.0,anchorage_overrides,,,,,,0,,,0,,,BRA
Only in scratch_amanda,8d69193d,2.4829337091293073,-50.95758151822517,CALCOENE,,BRA,0.0,anchorage_overrides,,,,,,0,,,0,,,BRA
Only in scratch_amanda,8d695db3,2.828046903339162,-51.05145774756437,CALCOENE,,BRA,0.0,anchorage_overrides,,,,,,0,,,0,,,BRA
Only in scratch_amanda,8d691987,2.505451856541095,-50.93152923930102,CALCOENE,,BRA,0.0,anchorage_overrides,,,,,,0,,,0,,,BRA
Only in scratch_amanda,8d69197b,2.49391735591774,-50.93673884360109,CALCOENE,,BRA,0.0,anchorage_overrides,,,,,,0,,,0,,,BRA
Only in scratch_amanda,8d695dbb,2.8276311124133495,-51.04102025919554,CALCOENE,,BRA,0.0,anchorage_overrides,,,,,,0,,,0,,,BRA
Only in scratch_amanda,8d695db7,2.8317860080476316,-51.04623879119265,CALCOENE,,BRA,0.0,anchorage_overrides,,,,,,0,,,0,,,BRA
Only in scratch_amanda,8d695dd7,2.847578141535501,-51.04623879119265,CALCOENE,,BRA,0.0,anchorage_overrides,,,,,,0,,,0,,,BRA
Only in scratch_amanda,8d69199f,2.50209849410036,-50.947159329564194,CALCOENE,,BRA,0.0,anchorage_overrides,,,,,,0,,,0,,,BRA
Only in scratch_amanda,8d695dd1,2.843629486358196,-51.04623879119265,CALCOENE,,BRA,0.0,anchorage_overrides,,,,,,0,,,0,,,BRA
Only in scratch_amanda,8d69190b,2.498375614924804,-50.95237021109142,CALCOENE,,BRA,0.0,anchorage_overrides,,,,,,0,,,0,,,BRA
Only in scratch_amanda,8d691971,2.4941011688284234,-50.94194887371143,CALCOENE,,BRA,0.0,anchorage_overrides,,,,,,0,,,0,,,BRA
Only in scratch_amanda,8d691943,2.4823848879888515,-50.94194887371143,CALCOENE,,BRA,0.0,anchorage_overrides,,,,,,0,,,0,,,BRA
Only in scratch_amanda,8d695c35,2.8361503542277755,-51.05667712824181,CALCOENE,,BRA,0.0,anchorage_overrides,,,,,,0,,,0,,,BRA
Only in scratch_amanda,8d691915,2.4866563574273206,-50.95237021109142,CALCOENE,,BRA,0.0,anchorage_overrides,,,,,,0,,,0,,,BRA
Only in scratch_amanda,8d691983,2.5017297252383996,-50.93673884360109,CALCOENE,,BRA,0.0,anchorage_overrides,,,,,,0,,,0,,,BRA
Only in scratch_amanda,8d691901,2.498927847290907,-50.968005409040074,CALCOENE,,BRA,0.0,anchorage_overrides,,,,,,0,,,0,,,BRA
Only in scratch_amanda,8d695dbf,2.8313696254738807,-51.03580215164186,CALCOENE,,BRA,0.0,anchorage_overrides,,,,,,0,,,0,,,BRA
Only in scratch_amanda,8d69191b,2.490929370698426,-50.9627932508974,CALCOENE,,BRA,0.0,anchorage_overrides,,,,,,0,,,0,,,BRA
Only in scratch_amanda,8d6919a5,2.506375200551328,-50.95758151822517,CALCOENE,,BRA,0.0,anchorage_overrides,,,,,,0,,,0,,,BRA
Only in scratch_amanda,8d691965,2.4900117981041094,-50.93673884360109,CALCOENE,,BRA,0.0,anchorage_overrides,,,,,,0,,,0,,,BRA
Only in scratch_amanda,8d691917,2.4868395792388727,-50.95758151822517,CALCOENE,,BRA,0.0,anchorage_overrides,,,,,,0,,,0,,,BRA
Only in scratch_amanda,8d69196b,2.486473129985511,-50.94715932956419,CALCOENE,,BRA,0.0,anchorage_overrides,,,,,,0,,,0,,,BRA
Only in scratch_amanda,8d695ddb,2.8434204305100095,-51.04102025919554,CALCOENE,,BRA,0.0,anchorage_overrides,,,,,,0,,,0,,,BRA
Only in scratch_amanda,8d6919a7,2.50246724033352,-50.95758151822517,CALCOENE,,BRA,0.0,anchorage_overrides,,,,,,0,,,0,,,BRA
Only in scratch_amanda,8d695db5,2.8319941894380576,-51.05145774756437,CALCOENE,,BRA,0.0,anchorage_overrides,,,,,,0,,,0,,,BRA
Only in scratch_amanda,8d691919,2.4870227954112285,-50.9627932508974,CALCOENE,,BRA,0.0,anchorage_overrides,,,,,,0,,,0,,,BRA
Only in scratch_amanda,8d691947,2.47866295608202,-50.94715932956419,CALCOENE,,BRA,0.0,anchorage_overrides,,,,,,0,,,0,,,BRA
Only in scratch_amanda,8d695dcf,2.839681245686932,-51.04623879119265,CALCOENE,,BRA,0.0,anchorage_overrides,,,,,,0,,,0,,,BRA
Only in scratch_amanda,8d695dcd,2.8398900056033325,-51.05145774756438,CALCOENE,,BRA,0.0,anchorage_overrides,,,,,,0,,,0,,,BRA
Only in scratch_amanda,8d691981,2.5015453323440995,-50.93152923930102,CALCOENE,,BRA,0.0,anchorage_overrides,,,,,,0,,,0,,,BRA
Only in scratch_amanda,96971d67,-28.298625,-71.185675,CALETA  PUNTA LOBOS,,CHL,0.0,anchorage_overrides,,,,,,0,,,0,,,CHL
Only in scratch_amanda,96b1d12d,-23.5132,-70.53147777777778,CALETA ABTAO (JUAN LOPEZ),,CHL,0.0,anchorage_overrides,,,,,,0,,,0,,,CHL
Only in scratch_amanda,96913421,-28.942319444444443,-71.50622777777778,CALETA AGUA DE LA ZORRA,,CHL,0.0,anchorage_overrides,,,,,,0,,,0,,,CHL
Only in scratch_amanda,969702b7,-28.260625,-71.17098611111112,CALETA ANGOSTA,,CHL,0.0,anchorage_overrides,,,,,,0,,,0,,,CHL
Only in scratch_amanda,96afd53d,-23.64101944444445,-70.39830555555557,CALETA ANTOFAGASTA,,CHL,0.0,anchorage_overrides,,,,,,0,,,0,,,CHL
Only in scratch_amanda,915aa997,-18.47222222222222,-70.31611111111111,CALETA ARICA,,CHL,0.0,anchorage_overrides,,,,,,0,,,0,,,CHL
Only in scratch_amanda,96baa9df,-24.37405,-70.55044722222222,CALETA BLANCO ENCALADA,,CHL,0.0,anchorage_overrides,,,,,,0,,,0,,,CHL
Only in scratch_amanda,96b02669,-23.852341666666668,-70.50836944444444,CALETA BOLFIN,,CHL,0.0,anchorage_overrides,,,,,,0,,,0,,,CHL
Only in scratch_amanda,96baaef1,-24.503511111111113,-70.56098055555556,CALETA BOTIJA,,CHL,0.0,anchorage_overrides,,,,,,0,,,0,,,CHL
Only in scratch_amanda,96ad8ded,-22.438980555555556,-70.25659722222223,CALETA BUENA,,CHL,0.0,anchorage_overrides,,,,,,0,,,0,,,CHL
Only in scratch_amanda,91502d3d,-19.20611111111111,-70.27083333333333,CALETA CAMARONES,,CHL,0.0,anchorage_overrides,,,,,,0,,,0,,,CHL
Only in scratch_amanda,96913bfb,-29.114225,-71.4675,CALETA CARRIZALILLO O MAMANI,,CHL,0.0,anchorage_overrides,,,,,,0,,,0,,,CHL
Only in scratch_amanda,96bcc56f,-26.35450555555556,-70.63361944444445,CALETA CHANARAL,,CHL,0.0,anchorage_overrides,,,,,,0,,,0,,,CHL
Only in scratch_amanda,9691399d,-29.07774722222222,-71.49113888888888,CALETA CHANARAL DE ACEITUNO,,CHL,0.0,anchorage_overrides,,,,,,0,,,0,,,CHL
Only in scratch_amanda,96bb4537,-25.65216388888889,-70.64630277777779,CALETA CIFUNCHO,,CHL,0.0,anchorage_overrides,,,,,,0,,,0,,,CHL
Only in scratch_amanda,96adf2f5,-22.550722222222223,-70.26761111111111,CALETA COBIJA,,CHL,0.0,anchorage_overrides,,,,,,0,,,0,,,CHL
Only in scratch_amanda,96b029b1,-23.75963888888889,-70.46326111111111,CALETA COLOSO,,CHL,0.0,anchorage_overrides,,,,,,0,,,0,,,CHL
Only in scratch_amanda,96b1db19,-23.412197222222225,-70.59426388888889,CALETA CONSTITUCION,,CHL,0.0,anchorage_overrides,,,,,,0,,,0,,,CHL
Only in scratch_amanda,9033f717,-3.636820001899814,-80.59989837917931,CALETA CRUZ,,PER,0.0,anchorage_overrides,,,,,,0,,,0,,,PER
Only in scratch_amanda,9033f6e1,-3.6355435968060426,-80.58728035726794,CALETA CRUZ,,PER,0.0,anchorage_overrides,,,,,,0,,,0,,,PER
Only in scratch_amanda,9033f723,-3.6322533210762313,-80.5967377810572,CALETA CRUZ,,PER,0.0,anchorage_overrides,,,,,,0,,,0,,,PER
Only in scratch_amanda,9033f6df,-3.631973367631212,-80.58627720041592,CALETA CRUZ,,PER,0.0,anchorage_overrides,,,,,,0,,,0,,,PER
Only in scratch_amanda,9033f719,-3.634769095651994,-80.59639366759981,CALETA CRUZ,,PER,0.0,anchorage_overrides,,,,,,0,,,0,,,PER
Only in scratch_amanda,96adfbbd,-22.760791666666663,-70.30416388888888,CALETA GUALAGUALA,,CHL,0.0,anchorage_overrides,,,,,,0,,,0,,,CHL
Only in scratch_amanda,9619b301,-41.65275,-72.6661388888889,CALETA GUTIERREZ,,CHL,0.0,anchorage_overrides,,,,,,0,,,0,,,CHL
Only in scratch_amanda,96ae0705,-22.918772222222223,-70.29653611111111,CALETA HORNITOS,,CHL,0.0,anchorage_overrides,,,,,,0,,,0,,,CHL
Only in scratch_amanda,96ad485d,-21.55281388888889,-70.08886388888888,CALETA HUACHAN,,CHL,0.0,anchorage_overrides,,,,,,0,,,0,,,CHL
Only in scratch_amanda,9696dfd9,-28.460638888888887,-71.22442777777778,CALETA HUASCO,,CHL,0.0,anchorage_overrides,,,,,,0,,,0,,,CHL
Only in scratch_amanda,96ad8fdd,-22.34975,-70.251,CALETA INDIGENA,,CHL,0.0,anchorage_overrides,,,,,,0,,,0,,,CHL
Only in scratch_amanda,96ae2a41,-23.555683333333334,-70.40571666666668,CALETA LA CHIMBA,,CHL,0.0,anchorage_overrides,,,,,,0,,,0,,,CHL
Only in scratch_amanda,9696d11f,-28.698141666666668,-71.31510833333333,CALETA LA PENA,,CHL,0.0,anchorage_overrides,,,,,,0,,,0,,,CHL
Only in scratch_amanda,9696d9ff,-28.643277777777776,-71.28418333333333,CALETA LOS BRONCES,,CHL,0.0,anchorage_overrides,,,,,,0,,,0,,,CHL
Only in scratch_amanda,9691344f,-28.91498888888889,-71.51454166666667,CALETA LOS BURROS SUR,,CHL,0.0,anchorage_overrides,,,,,,0,,,0,,,CHL
Only in scratch_amanda,9669c1e1,-37.09730833333334,-73.15916111111112,CALETA LOTA BAJO,,CHL,0.0,anchorage_overrides,,,,,,0,,,0,,,CHL
Only in scratch_amanda,96bad485,-25.008758333333333,-70.46877222222223,CALETA PAPOSO,,CHL,0.0,anchorage_overrides,,,,,,0,,,0,,,CHL
Only in scratch_amanda,96ad6ef3,-21.89685555555555,-70.17318611111112,CALETA PAQUICA,,CHL,0.0,anchorage_overrides,,,,,,0,,,0,,,CHL
Only in scratch_amanda,961920b9,-42.222550000000005,-72.68961111111112,CALETA POYO,,CHL,0.0,anchorage_overrides,,,,,,0,,,0,,,CHL
Only in scratch_amanda,91500745,-18.51944444444444,-70.31861111111111,CALETA QUIANE,,CHL,0.0,anchorage_overrides,,,,,,0,,,0,,,CHL
Only in scratch_amanda,96ad421d,-21.749691666666667,-70.15127222222223,CALETA URCU,,CHL,0.0,anchorage_overrides,,,,,,0,,,0,,,CHL
Only in scratch_amanda,9615f48d,-39.78641388888889,-73.39066111111111,CALFUCO,,CHL,0.0,anchorage_overrides,,,,,,0,,,0,,,CHL
Only in scratch_amanda,9105cc4d,-12.001812502893696,-77.1363942988071,CALLAO,,PER,0.0,anchorage_overrides,,,,,,0,,,0,,,PER
Only in scratch_amanda,9105cded,-11.970753333333333,-77.12504,CALLAO,,PER,0.0,anchorage_overrides,,,,,,0,,,0,,,PER
Only in scratch_amanda,9105d275,-11.95313007586207,-77.12777838620688,CALLAO,,PER,0.0,anchorage_overrides,,,,,,0,,,0,,,PER
Only in scratch_amanda,9105cc75,-12.043019333333334,-77.13042003333334,CALLAO,,PER,0.0,anchorage_overrides,,,,,,0,,,0,,,PER
Only in scratch_amanda,9105cd91,-11.9704384,-77.1323270125,CALLAO,,PER,0.0,anchorage_overrides,,,,,,0,,,0,,,PER
Only in scratch_amanda,9105cc53,-12.001715194053473,-77.13916020873265,CALLAO,,PER,0.0,anchorage_overrides,,,,,,0,,,0,,,PER
Only in scratch_amanda,9105d20b,-11.95129,-77.12548,CALLAO,,PER,0.0,anchorage_overrides,,,,,,0,,,0,,,PER
Only in scratch_amanda,9105cdc9,-11.99368,-77.124155,CALLAO,,PER,0.0,anchorage_overrides,,,,,,0,,,0,,,PER
Only in scratch_amanda,9105cdb3,-11.998229371183497,-77.13626204068692,CALLAO,,PER,0.0,anchorage_overrides,,,,,,0,,,0,,,PER
Only in scratch_amanda,9105cb9d,-12.0599308,-77.1483076,CALLAO,,PER,0.0,anchorage_overrides,,,,,,0,,,0,,,PER
Only in scratch_amanda,9105cb7b,-12.05584556559913,-77.15506006756726,CALLAO,,PER,0.0,anchorage_overrides,,,,,,0,,,0,,,PER
Only in scratch_amanda,9105cc63,-12.0305,-77.1485,CALLAO,,PER,0.0,anchorage_overrides,,,,,,0,,,0,,,PER
Only in scratch_amanda,9105cb8d,-12.0556,-77.1286,CALLAO,,PER,0.0,anchorage_overrides,,,,,,0,,,0,,,PER
Only in scratch_amanda,9105cc41,-12.0229,-77.1292,CALLAO,,PER,0.0,anchorage_overrides,,,,,,0,,,0,,,PER
Only in scratch_amanda,9615ee3f,-39.83530555555556,-73.25835555555555,CAMANCHACA,,CHL,0.0,anchorage_overrides,,,,,,0,,,0,,,CHL
Only in scratch_amanda,07ebda4b,-2.9130438805758128,-40.834871505969495,CAMOCIM,,BRA,0.0,anchorage_overrides,,,,,,0,,,0,,,BRA
Only in scratch_amanda,07ebdbcd,-2.9051085712993574,-40.839930490579576,CAMOCIM,,BRA,0.0,anchorage_overrides,,,,,,0,,,0,,,BRA
Only in scratch_amanda,07ebdbb5,-2.91282196107876,-40.839930490579576,CAMOCIM,,BRA,0.0,anchorage_overrides,,,,,,0,,,0,,,BRA
Only in scratch_amanda,07ebdbc9,-2.9087434347996246,-40.84498902880222,CAMOCIM,,BRA,0.0,anchorage_overrides,,,,,,0,,,0,,,BRA
Only in scratch_amanda,07ebdbd1,-2.9010314368951,-40.84498902880222,CAMOCIM,,BRA,0.0,anchorage_overrides,,,,,,0,,,0,,,BRA
Only in scratch_amanda,07ebda29,-2.897838287633971,-40.82981207502329,CAMOCIM,,BRA,0.0,anchorage_overrides,,,,,,0,,,0,,,BRA
Only in scratch_amanda,07ebdbb7,-2.9126000384088995,-40.84498902880222,CAMOCIM,,BRA,0.0,anchorage_overrides,,,,,,0,,,0,,,BRA
Only in scratch_amanda,07ebd987,-2.89398241846225,-40.82981207502328,CAMOCIM,,BRA,0.0,anchorage_overrides,,,,,,0,,,0,,,BRA
Only in scratch_amanda,07ebdbd7,-2.897176042686771,-40.84498902880222,CAMOCIM,,BRA,0.0,anchorage_overrides,,,,,,0,,,0,,,BRA
Only in scratch_amanda,07ebd983,-2.889906792900859,-40.83487150596949,CAMOCIM,,BRA,0.0,anchorage_overrides,,,,,,0,,,0,,,BRA
Only in scratch_amanda,07ebdbd3,-2.9012524811283007,-40.839930490579576,CAMOCIM,,BRA,0.0,anchorage_overrides,,,,,,0,,,0,,,BRA
Only in scratch_amanda,07ebda2d,-2.901473522201943,-40.83487150596949,CAMOCIM,,BRA,0.0,anchorage_overrides,,,,,,0,,,0,,,BRA
Only in scratch_amanda,07ebd97d,-2.8933210516989716,-40.84498902880222,CAMOCIM,,BRA,0.0,anchorage_overrides,,,,,,0,,,0,,,BRA
Only in scratch_amanda,07ebda33,-2.9053299051542063,-40.83487150596949,CAMOCIM,,BRA,0.0,anchorage_overrides,,,,,,0,,,0,,,BRA
Only in scratch_amanda,07ebda49,-2.913265796890073,-40.82981207502328,CAMOCIM,,BRA,0.0,anchorage_overrides,,,,,,0,,,0,,,BRA
Only in scratch_amanda,07ebda4d,-2.9169014729581515,-40.83487150596949,CAMOCIM,,BRA,0.0,anchorage_overrides,,,,,,0,,,0,,,BRA
Only in scratch_amanda,07ebdbcb,-2.908965064630671,-40.839930490579576,CAMOCIM,,BRA,0.0,anchorage_overrides,,,,,,0,,,0,,,BRA
Only in scratch_amanda,07ebd979,-2.889686630011144,-40.839930490579576,CAMOCIM,,BRA,0.0,anchorage_overrides,,,,,,0,,,0,,,BRA
Only in scratch_amanda,07ebda35,-2.9091866912933275,-40.834871505969495,CAMOCIM,,BRA,0.0,anchorage_overrides,,,,,,0,,,0,,,BRA
Only in scratch_amanda,07ebdbcf,-2.9048872342805345,-40.84498902880222,CAMOCIM,,BRA,0.0,anchorage_overrides,,,,,,0,,,0,,,BRA
Only in scratch_amanda,07ebdbb3,-2.9166792606001226,-40.83993049057957,CAMOCIM,,BRA,0.0,anchorage_overrides,,,,,,0,,,0,,,BRA
Only in scratch_amanda,96a53bc9,-24.798194444444444,-70.18627777777778,CANAMO,,CHL,0.0,anchorage_overrides,,,,,,0,,,0,,,CHL
Only in scratch_amanda,94daf01b,-25.03311562371268,-47.909454749173875,CANANEIA,,BRA,0.0,anchorage_overrides,,,,,,0,,,0,,,BRA
Only in scratch_amanda,94dae57b,-25.001338488877305,-47.92924114029106,CANANEIA,,BRA,0.0,anchorage_overrides,,,,,,0,,,0,,,BRA
Only in scratch_amanda,94dae555,-25.02859734414895,-47.92429385599118,CANANEIA,,BRA,0.0,anchorage_overrides,,,,,,0,,,0,,,BRA
Only in scratch_amanda,94daf001,-25.031713119308744,-47.919347029345005,CANANEIA,,BRA,0.0,anchorage_overrides,,,,,,0,,,0,,,BRA
Only in scratch_amanda,94daef8f,-25.00103434688635,-47.914400660392566,CANANEIA,,BRA,0.0,anchorage_overrides,,,,,,0,,,0,,,BRA
Only in scratch_amanda,94dae563,-25.00445620621443,-47.92429385599118,CANANEIA,,BRA,0.0,anchorage_overrides,,,,,,0,,,0,,,BRA
Only in scratch_amanda,94daefe3,-25.02346084897709,-47.909454749173875,CANANEIA,,BRA,0.0,anchorage_overrides,,,,,,0,,,0,,,BRA
Only in scratch_amanda,94daf01d,-25.028288252857443,-47.909454749173875,CANANEIA,,BRA,0.0,anchorage_overrides,,,,,,0,,,0,,,BRA
Only in scratch_amanda,94daf019,-25.031402869406712,-47.90450929572887,CANANEIA,,BRA,0.0,anchorage_overrides,,,,,,0,,,0,,,BRA
Only in scratch_amanda,94daf005,-25.034828325056928,-47.914400660392566,CANANEIA,,BRA,0.0,anchorage_overrides,,,,,,0,,,0,,,BRA
Only in scratch_amanda,94dae55f,-25.014112759754383,-47.92429385599118,CANANEIA,,BRA,0.0,anchorage_overrides,,,,,,0,,,0,,,BRA
Only in scratch_amanda,94daef8b,-25.007573354245437,-47.919347029345005,CANANEIA,,BRA,0.0,anchorage_overrides,,,,,,0,,,0,,,BRA
Only in scratch_amanda,94daf007,-25.036540973366765,-47.919347029345005,CANANEIA,,BRA,0.0,anchorage_overrides,,,,,,0,,,0,,,BRA
Only in scratch_amanda,94daeff1,-25.01551767715092,-47.91440066039257,CANANEIA,,BRA,0.0,anchorage_overrides,,,,,,0,,,0,,,BRA
Only in scratch_amanda,94daeff3,-25.01068993301387,-47.91440066039257,CANANEIA,,BRA,0.0,anchorage_overrides,,,,,,0,,,0,,,BRA
Only in scratch_amanda,94dae543,-25.01753537427053,-47.93418888220449,CANANEIA,,BRA,0.0,anchorage_overrides,,,,,,0,,,0,,,BRA
Only in scratch_amanda,94dae55b,-25.02065256301002,-47.929241140291055,CANANEIA,,BRA,0.0,anchorage_overrides,,,,,,0,,,0,,,BRA
Only in scratch_amanda,94dae561,-25.009284499308333,-47.92429385599118,CANANEIA,,BRA,0.0,anchorage_overrides,,,,,,0,,,0,,,BRA
Only in scratch_amanda,94daefe1,-25.02174857799835,-47.904509295728865,CANANEIA,,BRA,0.0,anchorage_overrides,,,,,,0,,,0,,,BRA
Only in scratch_amanda,94dae54f,-25.027192763609072,-47.93418888220449,CANANEIA,,BRA,0.0,anchorage_overrides,,,,,,0,,,0,,,BRA
Only in scratch_amanda,94dafaab,-25.03342547294722,-47.92429385599118,CANANEIA,,BRA,0.0,anchorage_overrides,,,,,,0,,,0,,,BRA
Only in scratch_amanda,94dae559,-25.018940987446907,-47.92429385599118,CANANEIA,,BRA,0.0,anchorage_overrides,,,,,,0,,,0,,,BRA
Only in scratch_amanda,94dae557,-25.02376918228031,-47.92429385599118,CANANEIA,,BRA,0.0,anchorage_overrides,,,,,,0,,,0,,,BRA
Only in scratch_amanda,94daeff9,-25.022057311921262,-47.919347029345005,CANANEIA,,BRA,0.0,anchorage_overrides,,,,,,0,,,0,,,BRA
Only in scratch_amanda,94daef8d,-25.00586215622381,-47.91440066039257,CANANEIA,,BRA,0.0,anchorage_overrides,,,,,,0,,,0,,,BRA
Only in scratch_amanda,94daefff,-25.02688523212505,-47.919347029345005,CANANEIA,,BRA,0.0,anchorage_overrides,,,,,,0,,,0,,,BRA
Only in scratch_amanda,94dae553,-25.03030940304256,-47.92924114029106,CANANEIA,,BRA,0.0,anchorage_overrides,,,,,,0,,,0,,,BRA
Only in scratch_amanda,94dae565,-25.006167056404816,-47.92924114029106,CANANEIA,,BRA,0.0,anchorage_overrides,,,,,,0,,,0,,,BRA
Only in scratch_amanda,94dae569,-25.012706630267395,-47.93418888220449,CANANEIA,,BRA,0.0,anchorage_overrides,,,,,,0,,,0,,,BRA
Only in scratch_amanda,94daefe5,-25.01863341217719,-47.909454749173875,CANANEIA,,BRA,0.0,anchorage_overrides,,,,,,0,,,0,,,BRA
Only in scratch_amanda,94dae56f,-25.007877853515907,-47.934188882204495,CANANEIA,,BRA,0.0,anchorage_overrides,,,,,,0,,,0,,,BRA
Only in scratch_amanda,94daf003,-25.030000712587928,-47.91440066039257,CANANEIA,,BRA,0.0,anchorage_overrides,,,,,,0,,,0,,,BRA
Only in scratch_amanda,94daef87,-24.997917219297367,-47.919347029345005,CANANEIA,,BRA,0.0,anchorage_overrides,,,,,,0,,,0,,,BRA
Only in scratch_amanda,94dae571,-25.003049044121735,-47.934188882204495,CANANEIA,,BRA,0.0,anchorage_overrides,,,,,,0,,,0,,,BRA
Only in scratch_amanda,94daeff7,-25.01722935880299,-47.919347029345005,CANANEIA,,BRA,0.0,anchorage_overrides,,,,,,0,,,0,,,BRA
Only in scratch_amanda,94daef89,-25.0027453030174,-47.919347029345005,CANANEIA,,BRA,0.0,anchorage_overrides,,,,,,0,,,0,,,BRA
Only in scratch_amanda,94dae551,-25.02548099953381,-47.929241140291055,CANANEIA,,BRA,0.0,anchorage_overrides,,,,,,0,,,0,,,BRA
Only in scratch_amanda,94dae545,-25.02236408541964,-47.934188882204495,CANANEIA,,BRA,0.0,anchorage_overrides,,,,,,0,,,0,,,BRA
Only in scratch_amanda,94dae55d,-25.01582409357683,-47.929241140291055,CANANEIA,,BRA,0.0,anchorage_overrides,,,,,,0,,,0,,,BRA
Only in scratch_amanda,94dae567,-25.01099559133987,-47.92924114029106,CANANEIA,,BRA,0.0,anchorage_overrides,,,,,,0,,,0,,,BRA
Only in scratch_amanda,94dafaad,-25.035137773430662,-47.92924114029106,CANANEIA,,BRA,0.0,anchorage_overrides,,,,,,0,,,0,,,BRA
Only in scratch_amanda,94daf011,-25.037942961437253,-47.909454749173875,CANANEIA,,BRA,0.0,anchorage_overrides,,,,,,0,,,0,,,BRA
Only in scratch_amanda,94daeffd,-25.02517306704354,-47.914400660392566,CANANEIA,,BRA,0.0,anchorage_overrides,,,,,,0,,,0,,,BRA
Only in scratch_amanda,94daeff5,-25.012401372875843,-47.919347029345005,CANANEIA,,BRA,0.0,anchorage_overrides,,,,,,0,,,0,,,BRA
Only in scratch_amanda,94daf01f,-25.02657574018995,-47.90450929572887,CANANEIA,,BRA,0.0,anchorage_overrides,,,,,,0,,,0,,,BRA
Only in scratch_amanda,94dae57d,-24.9996278805783,-47.92429385599118,CANANEIA,,BRA,0.0,anchorage_overrides,,,,,,0,,,0,,,BRA
Only in scratch_amanda,94daeffb,-25.020345388529343,-47.91440066039257,CANANEIA,,BRA,0.0,anchorage_overrides,,,,,,0,,,0,,,BRA
Only in scratch_amanda,073743c9,-15.671435134575605,-38.93810306684403,CANAVIEIRAS,,BRA,0.0,anchorage_overrides,,,,,,0,,,0,,,BRA
Only in scratch_amanda,07374235,-15.669241140443033,-38.94854225243563,CANAVIEIRAS,,BRA,0.0,anchorage_overrides,,,,,,0,,,0,,,BRA
Only in scratch_amanda,07374185,-15.692398659549028,-38.95376120880735,CANAVIEIRAS,,BRA,0.0,anchorage_overrides,,,,,,0,,,0,,,BRA
Only in scratch_amanda,0737424d,-15.659539955235534,-38.94854225243564,CANAVIEIRAS,,BRA,0.0,anchorage_overrides,,,,,,0,,,0,,,BRA
Only in scratch_amanda,0737417d,-15.690842103719984,-38.93810306684403,CANAVIEIRAS,,BRA,0.0,anchorage_overrides,,,,,,0,,,0,,,BRA
Only in scratch_amanda,073743ad,-15.655785737860183,-38.9433228717582,CANAVIEIRAS,,BRA,0.0,anchorage_overrides,,,,,,0,,,0,,,BRA
Only in scratch_amanda,073743d7,-15.68599009192465,-38.93810306684403,CANAVIEIRAS,,BRA,0.0,anchorage_overrides,,,,,,0,,,0,,,BRA
Only in scratch_amanda,0737424f,-15.658443498964232,-38.95376120880735,CANAVIEIRAS,,BRA,0.0,anchorage_overrides,,,,,,0,,,0,,,BRA
Only in scratch_amanda,0737424b,-15.664390457796676,-38.94854225243563,CANAVIEIRAS,,BRA,0.0,anchorage_overrides,,,,,,0,,,0,,,BRA
Only in scratch_amanda,073743af,-15.656881796626593,-38.93810306684403,CANAVIEIRAS,,BRA,0.0,anchorage_overrides,,,,,,0,,,0,,,BRA
Only in scratch_amanda,073743b9,-15.667680464420238,-38.93288283776215,CANAVIEIRAS,,BRA,0.0,anchorage_overrides,,,,,,0,,,0,,,BRA
Only in scratch_amanda,07374237,-15.66814407400622,-38.95376120880735,CANAVIEIRAS,,BRA,0.0,anchorage_overrides,,,,,,0,,,0,,,BRA
Only in scratch_amanda,073743b7,-15.666583841843751,-38.93810306684403,CANAVIEIRAS,,BRA,0.0,anchorage_overrides,,,,,,0,,,0,,,BRA
Only in scratch_amanda,073743c5,-15.677383839822658,-38.93288283776215,CANAVIEIRAS,,BRA,0.0,anchorage_overrides,,,,,,0,,,0,,,BRA
Only in scratch_amanda,07374179,-15.694595796215744,-38.943322871758205,CANAVIEIRAS,,BRA,0.0,anchorage_overrides,,,,,,0,,,0,,,BRA
Only in scratch_amanda,07374183,-15.693497251046974,-38.94854225243563,CANAVIEIRAS,,BRA,0.0,anchorage_overrides,,,,,,0,,,0,,,BRA
Only in scratch_amanda,073743b1,-15.661732729156885,-38.93810306684403,CANAVIEIRAS,,BRA,0.0,anchorage_overrides,,,,,,0,,,0,,,BRA
Only in scratch_amanda,07374229,-15.682696286243411,-38.95376120880735,CANAVIEIRAS,,BRA,0.0,anchorage_overrides,,,,,,0,,,0,,,BRA
Only in scratch_amanda,07374231,-15.672994631573644,-38.95376120880735,CANAVIEIRAS,,BRA,0.0,anchorage_overrides,,,,,,0,,,0,,,BRA
Only in scratch_amanda,073743db,-15.682235797282,-38.93288283776215,CANAVIEIRAS,,BRA,0.0,anchorage_overrides,,,,,,0,,,0,,,BRA
Only in scratch_amanda,07374249,-15.663293696432564,-38.95376120880735,CANAVIEIRAS,,BRA,0.0,anchorage_overrides,,,,,,0,,,0,,,BRA
Only in scratch_amanda,073743cf,-15.6762866072408,-38.93810306684403,CANAVIEIRAS,,BRA,0.0,anchorage_overrides,,,,,,0,,,0,,,BRA
Only in scratch_amanda,073743b5,-15.665487172951485,-38.9433228717582,CANAVIEIRAS,,BRA,0.0,anchorage_overrides,,,,,,0,,,0,,,BRA
Only in scratch_amanda,073743d1,-15.681138259727703,-38.93810306684403,CANAVIEIRAS,,BRA,0.0,anchorage_overrides,,,,,,0,,,0,,,BRA
Only in scratch_amanda,073743d9,-15.687087934431208,-38.93288283776215,CANAVIEIRAS,,BRA,0.0,anchorage_overrides,,,,,,0,,,0,,,BRA
Only in scratch_amanda,07374253,-15.654689632871182,-38.94854225243563,CANAVIEIRAS,,BRA,0.0,anchorage_overrides,,,,,,0,,,0,,,BRA
Only in scratch_amanda,073743c7,-15.672532062164846,-38.93288283776215,CANAVIEIRAS,,BRA,0.0,anchorage_overrides,,,,,,0,,,0,,,BRA
Only in scratch_amanda,07374187,-15.687547383122553,-38.95376120880735,CANAVIEIRAS,,BRA,0.0,anchorage_overrides,,,,,,0,,,0,,,BRA
Only in scratch_amanda,0737422f,-15.67784536902324,-38.95376120880735,CANAVIEIRAS,,BRA,0.0,anchorage_overrides,,,,,,0,,,0,,,BRA
Only in scratch_amanda,073743b3,-15.660636365317488,-38.9433228717582,CANAVIEIRAS,,BRA,0.0,anchorage_overrides,,,,,,0,,,0,,,BRA
Only in scratch_amanda,9036a381,-3.9429979903116017,-80.94078387805708,CANCAS,,PER,0.0,anchorage_overrides,,,,,,0,,,0,,,PER
Only in scratch_amanda,9036a47f,-3.937917,-80.94,CANCAS,,PER,0.0,anchorage_overrides,,,,,,0,,,0,,,PER
Only in scratch_amanda,9036a37f,-3.9425888930817616,-80.94561512704402,CANCAS,,PER,0.0,anchorage_overrides,,,,,,0,,,0,,,PER
Only in scratch_amanda,966837d5,-36.628797222222225,-73.09119166666666,CANDELARIA,,CHL,0.0,anchorage_overrides,,,,,,0,,,0,,,CHL
Only in scratch_amanda,314756cd,17.46323694,106.6279968,CANG CA NHAT LE,,VNM,0.0,anchorage_overrides,,,,,,0,,,0,,,VNM
Only in scratch_amanda,966837d7,-36.62481388888889,-73.09337222222221,CANTERA,,CHL,0.0,anchorage_overrides,,,,,,0,,,0,,,CHL
Only in scratch_amanda,91526265,-20.6605,-70.18297222222223,CARAMUCHO,,CHL,0.0,anchorage_overrides,,,,,,0,,,0,,,CHL
Only in scratch_amanda,0734d76b,-17.74065663939744,-39.26092615938609,CARAVELAS,,BRA,0.0,anchorage_overrides,,,,,,0,,,0,,,BRA
Only in scratch_amanda,0734d73b,-17.75292423382341,-39.25053812698902,CARAVELAS,,BRA,0.0,anchorage_overrides,,,,,,0,,,0,,,BRA
Only in scratch_amanda,0734d0cb,-17.751718562158732,-39.23495286690182,CARAVELAS,,BRA,0.0,anchorage_overrides,,,,,,0,,,0,,,BRA
Only in scratch_amanda,0734d74f,-17.739450360788293,-39.24534346842609,CARAVELAS,,BRA,0.0,anchorage_overrides,,,,,,0,,,0,,,BRA
Only in scratch_amanda,0734d751,-17.734548520434032,-39.24534346842609,CARAVELAS,,BRA,0.0,anchorage_overrides,,,,,,0,,,0,,,BRA
Only in scratch_amanda,0734d733,-17.755389055481686,-39.24014838170828,CARAVELAS,,BRA,0.0,anchorage_overrides,,,,,,0,,,0,,,BRA
Only in scratch_amanda,0734d749,-17.744352332701954,-39.24534346842609,CARAVELAS,,BRA,0.0,anchorage_overrides,,,,,,0,,,0,,,BRA
Only in scratch_amanda,0734d74b,-17.745584126261377,-39.24014838170828,CARAVELAS,,BRA,0.0,anchorage_overrides,,,,,,0,,,0,,,BRA
Only in scratch_amanda,0734d0b5,-17.746815867618167,-39.23495286690182,CARAVELAS,,BRA,0.0,anchorage_overrides,,,,,,0,,,0,,,BRA
Only in scratch_amanda,0734d737,-17.74925443605965,-39.24534346842609,CARAVELAS,,BRA,0.0,anchorage_overrides,,,,,,0,,,0,,,BRA
Only in scratch_amanda,0734d735,-17.75048652522131,-39.24014838170828,CARAVELAS,,BRA,0.0,anchorage_overrides,,,,,,0,,,0,,,BRA
Only in scratch_amanda,0734d74d,-17.74068185871733,-39.24014838170829,CARAVELAS,,BRA,0.0,anchorage_overrides,,,,,,0,,,0,,,BRA
Only in scratch_amanda,0734d745,-17.738218810737152,-39.250538126989035,CARAVELAS,,BRA,0.0,anchorage_overrides,,,,,,0,,,0,,,BRA
Only in scratch_amanda,0734d75b,-17.733317266062965,-39.25053812698902,CARAVELAS,,BRA,0.0,anchorage_overrides,,,,,,0,,,0,,,BRA
Only in scratch_amanda,0734d743,-17.736987208622843,-39.255732357331055,CARAVELAS,,BRA,0.0,anchorage_overrides,,,,,,0,,,0,,,BRA
Only in scratch_amanda,0734d731,-17.754156670745967,-39.245343468426086,CARAVELAS,,BRA,0.0,anchorage_overrides,,,,,,0,,,0,,,BRA
Only in scratch_amanda,0734d753,-17.735779722704578,-39.24014838170829,CARAVELAS,,BRA,0.0,anchorage_overrides,,,,,,0,,,0,,,BRA
Only in scratch_amanda,0734d73d,-17.751691744772977,-39.255732357331055,CARAVELAS,,BRA,0.0,anchorage_overrides,,,,,,0,,,0,,,BRA
Only in scratch_amanda,0734d0b3,-17.741913304465328,-39.234952866901835,CARAVELAS,,BRA,0.0,anchorage_overrides,,,,,,0,,,0,,,BRA
Only in scratch_amanda,0734d715,-17.745557855819015,-39.260926159386095,CARAVELAS,,BRA,0.0,anchorage_overrides,,,,,,0,,,0,,,BRA
Only in scratch_amanda,962296e1,-41.74813888888889,-73.70533333333334,CARELMAPU,,CHL,0.0,anchorage_overrides,,,,,,0,,,0,,,CHL
Only in scratch_amanda,9697aa87,-28.079894444444445,-71.14876666666667,CARRIZAL BAJO,,CHL,0.0,anchorage_overrides,,,,,,0,,,0,,,CHL
Only in scratch_amanda,96623f2b,-33.55098888888889,-71.614425,CARTAGENA,,CHL,0.0,anchorage_overrides,,,,,,0,,,0,,,CHL
Only in scratch_amanda,92ac3075,-1.2082867800111474,-46.03486754630598,CARUTAPERA,,BRA,0.0,anchorage_overrides,,,,,,0,,,0,,,BRA
Only in scratch_amanda,92ac3a5f,-1.1904151143090578,-46.01580563686019,CARUTAPERA,,BRA,0.0,anchorage_overrides,,,,,,0,,,0,,,BRA
Only in scratch_amanda,92ac3af5,-1.190510629326057,-46.02057040910557,CARUTAPERA,,BRA,0.0,anchorage_overrides,,,,,,0,,,0,,,BRA
Only in scratch_amanda,92ac3a7d,-1.2009043072145138,-46.01580563686019,CARUTAPERA,,BRA,0.0,anchorage_overrides,,,,,,0,,,0,,,BRA
Only in scratch_amanda,92ac3079,-1.2080929399162836,-46.02533565144413,CARUTAPERA,,BRA,0.0,anchorage_overrides,,,,,,0,,,0,,,BRA
Only in scratch_amanda,92ac3af9,-1.183519275927409,-46.02057040910557,CARUTAPERA,,BRA,0.0,anchorage_overrides,,,,,,0,,,0,,,BRA
Only in scratch_amanda,92ac3a85,-1.2010970206988367,-46.02533565144413,CARUTAPERA,,BRA,0.0,anchorage_overrides,,,,,,0,,,0,,,BRA
Only in scratch_amanda,92ac3a93,-1.194198501126996,-46.03010136385217,CARUTAPERA,,BRA,0.0,anchorage_overrides,,,,,,0,,,0,,,BRA
Only in scratch_amanda,92ac3a81,-1.204498142302953,-46.020570409105574,CARUTAPERA,,BRA,0.0,anchorage_overrides,,,,,,0,,,0,,,BRA
Only in scratch_amanda,92ac3073,-1.2117859012776035,-46.03486754630598,CARUTAPERA,,BRA,0.0,anchorage_overrides,,,,,,0,,,0,,,BRA
Only in scratch_amanda,92ac307b,-1.2115915001684872,-46.02533565144413,CARUTAPERA,,BRA,0.0,anchorage_overrides,,,,,,0,,,0,,,BRA
Only in scratch_amanda,92ac3a8f,-1.1975996617919829,-46.02533565144413,CARUTAPERA,,BRA,0.0,anchorage_overrides,,,,,,0,,,0,,,BRA
Only in scratch_amanda,92ac3a61,-1.1939111114793397,-46.01580563686019,CARUTAPERA,,BRA,0.0,anchorage_overrides,,,,,,0,,,0,,,BRA
Only in scratch_amanda,92ac3a7b,-1.2008079522686153,-46.011041334731715,CARUTAPERA,,BRA,0.0,anchorage_overrides,,,,,,0,,,0,,,BRA
Only in scratch_amanda,92ac3a63,-1.197407509124203,-46.01580563686019,CARUTAPERA,,BRA,0.0,anchorage_overrides,,,,,,0,,,0,,,BRA
Only in scratch_amanda,92ac3a7f,-1.2044015057211197,-46.01580563686019,CARUTAPERA,,BRA,0.0,anchorage_overrides,,,,,,0,,,0,,,BRA
Only in scratch_amanda,92ac307f,-1.2079960216645744,-46.02057040910557,CARUTAPERA,,BRA,0.0,anchorage_overrides,,,,,,0,,,0,,,BRA
Only in scratch_amanda,92ac3af3,-1.1906061455278474,-46.02533565144413,CARUTAPERA,,BRA,0.0,anchorage_overrides,,,,,,0,,,0,,,BRA
Only in scratch_amanda,92ac3a8b,-1.1940069068415236,-46.02057040910557,CARUTAPERA,,BRA,0.0,anchorage_overrides,,,,,,0,,,0,,,BRA
Only in scratch_amanda,92ac3a5d,-1.1903196004804215,-46.011041334731715,CARUTAPERA,,BRA,0.0,anchorage_overrides,,,,,,0,,,0,,,BRA
Only in scratch_amanda,92ac3a59,-1.1869195176424752,-46.01580563686019,CARUTAPERA,,BRA,0.0,anchorage_overrides,,,,,,0,,,0,,,BRA
Only in scratch_amanda,92ac3077,-1.2081898593663498,-46.03010136385217,CARUTAPERA,,BRA,0.0,anchorage_overrides,,,,,,0,,,0,,,BRA
Only in scratch_amanda,92ac3a9d,-1.2046914190586409,-46.03010136385217,CARUTAPERA,,BRA,0.0,anchorage_overrides,,,,,,0,,,0,,,BRA
Only in scratch_amanda,92ac3aed,-1.190701662910855,-46.03010136385217,CARUTAPERA,,BRA,0.0,anchorage_overrides,,,,,,0,,,0,,,BRA
Only in scratch_amanda,92ac3a8d,-1.1941027033919367,-46.02533565144413,CARUTAPERA,,BRA,0.0,anchorage_overrides,,,,,,0,,,0,,,BRA
Only in scratch_amanda,92ac3a5b,-1.1868242841248808,-46.011041334731715,CARUTAPERA,,BRA,0.0,anchorage_overrides,,,,,,0,,,0,,,BRA
Only in scratch_amanda,92ac3081,-1.2078991046148488,-46.01580563686019,CARUTAPERA,,BRA,0.0,anchorage_overrides,,,,,,0,,,0,,,BRA
Only in scratch_amanda,92ac3af1,-1.1871099882288452,-46.02533565144413,CARUTAPERA,,BRA,0.0,anchorage_overrides,,,,,,0,,,0,,,BRA
Only in scratch_amanda,92ac3a91,-1.1976957399097805,-46.03010136385217,CARUTAPERA,,BRA,0.0,anchorage_overrides,,,,,,0,,,0,,,BRA
Only in scratch_amanda,92ac3a99,-1.201289738949166,-46.03486754630598,CARUTAPERA,,BRA,0.0,anchorage_overrides,,,,,,0,,,0,,,BRA
Only in scratch_amanda,92ac307d,-1.2114943014147883,-46.020570409105574,CARUTAPERA,,BRA,0.0,anchorage_overrides,,,,,,0,,,0,,,BRA
Only in scratch_amanda,92ac3a89,-1.1975035848622593,-46.02057040910557,CARUTAPERA,,BRA,0.0,anchorage_overrides,,,,,,0,,,0,,,BRA
Only in scratch_amanda,92ac3a9f,-1.2047880592252629,-46.03486754630598,CARUTAPERA,,BRA,0.0,anchorage_overrides,,,,,,0,,,0,,,BRA
Only in scratch_amanda,92ac3a65,-1.1973114345814075,-46.011041334731715,CARUTAPERA,,BRA,0.0,anchorage_overrides,,,,,,0,,,0,,,BRA
Only in scratch_amanda,92ac3a67,-1.1938153173089674,-46.011041334731715,CARUTAPERA,,BRA,0.0,anchorage_overrides,,,,,,0,,,0,,,BRA
Only in scratch_amanda,92ac3a57,-1.1834243215086897,-46.01580563686019,CARUTAPERA,,BRA,0.0,anchorage_overrides,,,,,,0,,,0,,,BRA
Only in scratch_amanda,92ac3a87,-1.201000663359122,-46.02057040910557,CARUTAPERA,,BRA,0.0,anchorage_overrides,,,,,,0,,,0,,,BRA
Only in scratch_amanda,92ac3071,-1.211688700123971,-46.03010136385217,CARUTAPERA,,BRA,0.0,anchorage_overrides,,,,,,0,,,0,,,BRA
Only in scratch_amanda,92ac3a83,-1.204594780083332,-46.02533565144413,CARUTAPERA,,BRA,0.0,anchorage_overrides,,,,,,0,,,0,,,BRA
Only in scratch_amanda,92ac3a97,-1.197791819212057,-46.03486754630598,CARUTAPERA,,BRA,0.0,anchorage_overrides,,,,,,0,,,0,,,BRA
Only in scratch_amanda,92ac3a9b,-1.201193379230053,-46.03010136385217,CARUTAPERA,,BRA,0.0,anchorage_overrides,,,,,,0,,,0,,,BRA
Only in scratch_amanda,92ac3af7,-1.187014752344984,-46.02057040910557,CARUTAPERA,,BRA,0.0,anchorage_overrides,,,,,,0,,,0,,,BRA
Only in scratch_amanda,961f2ea1,-42.56435277777778,-72.82518333333333,CASA DE PESCA,,CHL,0.0,anchorage_overrides,,,,,,0,,,0,,,CHL
Only in scratch_amanda,96893eb9,-31.978755555555555,-71.49899444444445,CASCABELES,,CHL,0.0,anchorage_overrides,,,,,,0,,,0,,,CHL
Only in scratch_amanda,961997df,-41.619194444444446,-72.3261111111111,CASCAJAL,,CHL,0.0,anchorage_overrides,,,,,,0,,,0,,,CHL
Only in scratch_amanda,07b89ac7,-4.095443876168246,-38.16093335392816,CASCAVEL,,BRA,0.0,anchorage_overrides,,,,,,0,,,0,,,BRA
Only in scratch_amanda,07b89acb,-4.096035209751041,-38.15036850527298,CASCAVEL,,BRA,0.0,anchorage_overrides,,,,,,0,,,0,,,BRA
Only in scratch_amanda,07b89ab9,-4.09955977514457,-38.16093335392816,CASCAVEL,,BRA,0.0,anchorage_overrides,,,,,,0,,,0,,,BRA
Only in scratch_amanda,07b89acf,-4.09162375769339,-38.15565113626559,CASCAVEL,,BRA,0.0,anchorage_overrides,,,,,,0,,,0,,,BRA
Only in scratch_amanda,07b89acd,-4.0919191235110475,-38.15036850527298,CASCAVEL,,BRA,0.0,anchorage_overrides,,,,,,0,,,0,,,BRA
Only in scratch_amanda,07b89009,-4.116027399106304,-38.16093335392816,CASCAVEL,,BRA,0.0,anchorage_overrides,,,,,,0,,,0,,,BRA
Only in scratch_amanda,07b89ab5,-4.100151698953437,-38.15036850527298,CASCAVEL,,BRA,0.0,anchorage_overrides,,,,,,0,,,0,,,BRA
Only in scratch_amanda,07b89aab,-4.112503583778925,-38.15036850527298,CASCAVEL,,BRA,0.0,anchorage_overrides,,,,,,0,,,0,,,BRA
Only in scratch_amanda,07b89aa1,-4.111613023911542,-38.16621515818424,CASCAVEL,,BRA,0.0,anchorage_overrides,,,,,,0,,,0,,,BRA
Only in scratch_amanda,07b89007,-4.116324547610589,-38.15565113626559,CASCAVEL,,BRA,0.0,anchorage_overrides,,,,,,0,,,0,,,BRA
Only in scratch_amanda,07b89ab3,-4.104268591062635,-38.15036850527298,CASCAVEL,,BRA,0.0,anchorage_overrides,,,,,,0,,,0,,,BRA
Only in scratch_amanda,07b8854d,-4.10456483038256,-38.14508546102678,CASCAVEL,,BRA,0.0,anchorage_overrides,,,,,,0,,,0,,,BRA
Only in scratch_amanda,07b89ac9,-4.095739548849232,-38.15565113626559,CASCAVEL,,BRA,0.0,anchorage_overrides,,,,,,0,,,0,,,BRA
Only in scratch_amanda,07b89abb,-4.103676076982151,-38.16093335392816,CASCAVEL,,BRA,0.0,anchorage_overrides,,,,,,0,,,0,,,BRA
Only in scratch_amanda,07b89aa5,-4.107792781625388,-38.16093335392816,CASCAVEL,,BRA,0.0,anchorage_overrides,,,,,,0,,,0,,,BRA
Only in scratch_amanda,07b89aa9,-4.112206742312778,-38.15565113626559,CASCAVEL,,BRA,0.0,anchorage_overrides,,,,,,0,,,0,,,BRA
Only in scratch_amanda,07b89aaf,-4.108089339732088,-38.15565113626559,CASCAVEL,,BRA,0.0,anchorage_overrides,,,,,,0,,,0,,,BRA
Only in scratch_amanda,07b89aa3,-4.107496211717887,-38.16621515818423,CASCAVEL,,BRA,0.0,anchorage_overrides,,,,,,0,,,0,,,BRA
Only in scratch_amanda,07b89ab7,-4.09985574294469,-38.15565113626559,CASCAVEL,,BRA,0.0,anchorage_overrides,,,,,,0,,,0,,,BRA
Only in scratch_amanda,07b89aa7,-4.111909889018657,-38.16093335392816,CASCAVEL,,BRA,0.0,anchorage_overrides,,,,,,0,,,0,,,BRA
Only in scratch_amanda,07b8854b,-4.100447643155864,-38.14508546102678,CASCAVEL,,BRA,0.0,anchorage_overrides,,,,,,0,,,0,,,BRA
Only in scratch_amanda,07b89aad,-4.108385886023013,-38.15036850527298,CASCAVEL,,BRA,0.0,anchorage_overrides,,,,,,0,,,0,,,BRA
Only in scratch_amanda,07b89abd,-4.103379802251507,-38.16621515818423,CASCAVEL,,BRA,0.0,anchorage_overrides,,,,,,0,,,0,,,BRA
Only in scratch_amanda,07b88555,-4.112800413402107,-38.14508546102678,CASCAVEL,,BRA,0.0,anchorage_overrides,,,,,,0,,,0,,,BRA
Only in scratch_amanda,07b89ab1,-4.10397233992418,-38.15565113626559,CASCAVEL,,BRA,0.0,anchorage_overrides,,,,,,0,,,0,,,BRA
Only in scratch_amanda,07b88553,-4.108682420483194,-38.14508546102678,CASCAVEL,,BRA,0.0,anchorage_overrides,,,,,,0,,,0,,,BRA
Only in scratch_amanda,96221759,-42.473333333333336,-73.76244444444444,CASTRO,,CHL,0.0,anchorage_overrides,,,,,,0,,,0,,,CHL
Only in scratch_amanda,96189d13,-42.147083333333335,-73.43680555555557,CAUCAHUE,,CHL,0.0,anchorage_overrides,,,,,,0,,,0,,,CHL
Only in scratch_amanda,07c74a0b,-3.700774352074952,-38.587413384676616,CAUCAIA,,BRA,0.0,anchorage_overrides,,,,,,0,,,0,,,BRA
Only in scratch_amanda,07c7358d,-3.6923959384506775,-38.592661453771534,CAUCAIA,,BRA,0.0,anchorage_overrides,,,,,,0,,,0,,,BRA
Only in scratch_amanda,07c735f1,-3.692934240009242,-38.582164896150346,CAUCAIA,,BRA,0.0,anchorage_overrides,,,,,,0,,,0,,,BRA
Only in scratch_amanda,07c74a73,-3.704559552750192,-38.59266145377154,CAUCAIA,,BRA,0.0,anchorage_overrides,,,,,,0,,,0,,,BRA
Only in scratch_amanda,07c735f5,-3.696719520050652,-38.58741338467661,CAUCAIA,,BRA,0.0,anchorage_overrides,,,,,,0,,,0,,,BRA
Only in scratch_amanda,07c74a6b,-3.712670658289321,-38.592661453771534,CAUCAIA,,BRA,0.0,anchorage_overrides,,,,,,0,,,0,,,BRA
Only in scratch_amanda,07c74a77,-3.7002348558263622,-38.59790910336278,CAUCAIA,,BRA,0.0,anchorage_overrides,,,,,,0,,,0,,,BRA
Only in scratch_amanda,07c74a6d,-3.7086149026206745,-38.59266145377154,CAUCAIA,,BRA,0.0,anchorage_overrides,,,,,,0,,,0,,,BRA
Only in scratch_amanda,07c74a0f,-3.705099617718631,-38.582164896150346,CAUCAIA,,BRA,0.0,anchorage_overrides,,,,,,0,,,0,,,BRA
Only in scratch_amanda,07c74a11,-3.709155555488459,-38.582164896150346,CAUCAIA,,BRA,0.0,anchorage_overrides,,,,,,0,,,0,,,BRA
Only in scratch_amanda,07c7358b,-3.696450070612922,-38.59266145377154,CAUCAIA,,BRA,0.0,anchorage_overrides,,,,,,0,,,0,,,BRA
Only in scratch_amanda,07c74a69,-3.7124000234879704,-38.59790910336278,CAUCAIA,,BRA,0.0,anchorage_overrides,,,,,,0,,,0,,,BRA
Only in scratch_amanda,07c74a65,-3.708074211430493,-38.60315633337805,CAUCAIA,,BRA,0.0,anchorage_overrides,,,,,,0,,,0,,,BRA
Only in scratch_amanda,07c74a6f,-3.7083445618091706,-38.59790910336278,CAUCAIA,,BRA,0.0,anchorage_overrides,,,,,,0,,,0,,,BRA
Only in scratch_amanda,07c74a0d,-3.7048295900260273,-38.58741338467661,CAUCAIA,,BRA,0.0,anchorage_overrides,,,,,,0,,,0,,,BRA
Only in scratch_amanda,07c74a13,-3.70888523385158,-38.58741338467661,CAUCAIA,,BRA,0.0,anchorage_overrides,,,,,,0,,,0,,,BRA
Only in scratch_amanda,07c7358f,-3.6921267733584657,-38.59790910336278,CAUCAIA,,BRA,0.0,anchorage_overrides,,,,,,0,,,0,,,BRA
Only in scratch_amanda,07c74a79,-3.6999650933768993,-38.60315633337805,CAUCAIA,,BRA,0.0,anchorage_overrides,,,,,,0,,,0,,,BRA
Only in scratch_amanda,07c74a71,-3.7042895059045353,-38.59790910336278,CAUCAIA,,BRA,0.0,anchorage_overrides,,,,,,0,,,0,,,BRA
Only in scratch_amanda,07c735f3,-3.692665094005394,-38.587413384676616,CAUCAIA,,BRA,0.0,anchorage_overrides,,,,,,0,,,0,,,BRA
Only in scratch_amanda,07c735f7,-3.696988959926728,-38.582164896150346,CAUCAIA,,BRA,0.0,anchorage_overrides,,,,,,0,,,0,,,BRA
Only in scratch_amanda,07c74a75,-3.700504608730179,-38.592661453771534,CAUCAIA,,BRA,0.0,anchorage_overrides,,,,,,0,,,0,,,BRA
Only in scratch_amanda,07c73589,-3.696180611626924,-38.59790910336278,CAUCAIA,,BRA,0.0,anchorage_overrides,,,,,,0,,,0,,,BRA
Only in scratch_amanda,07c74a7b,-3.7040194495024705,-38.60315633337805,CAUCAIA,,BRA,0.0,anchorage_overrides,,,,,,0,,,0,,,BRA
Only in scratch_amanda,07c74a09,-3.701044085847283,-38.582164896150346,CAUCAIA,,BRA,0.0,anchorage_overrides,,,,,,0,,,0,,,BRA
Only in scratch_amanda,91055797,-13.023922857157142,-76.4887454285857,CERRO AZUL,,PER,0.0,anchorage_overrides,,,,,,0,,,0,,,PER
Only in scratch_amanda,96684ca3,-36.72166111111111,-72.98648055555556,CERRO VERDE,,CHL,0.0,anchorage_overrides,,,,,,0,,,0,,,CHL
Only in scratch_amanda,9619b375,-41.631055555555555,-72.66619444444446,CHAICAS,,CHL,0.0,anchorage_overrides,,,,,,0,,,0,,,CHL
Only in scratch_amanda,961f1d5b,-42.91218333333333,-72.71628611111112,CHAITEN,,CHL,0.0,anchorage_overrides,,,,,,0,,,0,,,CHL
Only in scratch_amanda,963e04bb,-39.95339722222222,-73.5768361111111,CHAIUIN,,CHL,0.0,anchorage_overrides,,,,,,0,,,0,,,CHL
Only in scratch_amanda,96183133,-41.48305555555556,-72.83916666666666,CHAMIZA,,CHL,0.0,anchorage_overrides,,,,,,0,,,0,,,CHL
Only in scratch_amanda,96159b15,-39.51608888888889,-73.25027777777778,CHAN CHAN,,CHL,0.0,anchorage_overrides,,,,,,0,,,0,,,CHL
Only in scratch_amanda,961f23bd,-42.74055833333333,-72.83627777777777,CHANA,,CHL,0.0,anchorage_overrides,,,,,,0,,,0,,,CHL
Only in scratch_amanda,9152922d,-20.894416666666665,-70.13680555555557,CHANAVAYA,,CHL,0.0,anchorage_overrides,,,,,,0,,,0,,,CHL
Only in scratch_amanda,915289b3,-20.706222222222223,-70.19319444444444,CHANAVAYITA,,CHL,0.0,anchorage_overrides,,,,,,0,,,0,,,CHL
Only in scratch_amanda,910688c7,-11.582425089615588,-77.27313556568791,CHANCAY,,PER,0.0,anchorage_overrides,,,,,,0,,,0,,,PER
Only in scratch_amanda,910688b7,-11.583192540092169,-77.27546061935483,CHANCAY,,PER,0.0,anchorage_overrides,,,,,,0,,,0,,,PER
Only in scratch_amanda,9622a4c5,-41.58198055555556,-73.63638333333334,CHANHUE,,CHL,0.0,anchorage_overrides,,,,,,0,,,0,,,CHL
Only in scratch_amanda,9697c80d,-27.686805555555555,-71.01046388888889,CHASCO,,CHL,0.0,anchorage_overrides,,,,,,0,,,0,,,CHL
Only in scratch_amanda,9618fc77,-41.97430555555556,-72.80024999999999,CHAUCHIL,,CHL,0.0,anchorage_overrides,,,,,,0,,,0,,,CHL
Only in scratch_amanda,961f5219,-42.626305555555554,-73.29822222222222,CHAULINEC,,CHL,0.0,anchorage_overrides,,,,,,0,,,0,,,CHL
Only in scratch_amanda,9622e93f,-41.792425,-73.95981944444445,CHAUMAN,,CHL,0.0,anchorage_overrides,,,,,,0,,,0,,,CHL
Only in scratch_amanda,96185dc9,-41.81475,-73.04713888888888,CHAUQUEAR & ISLA PULUQUI,,CHL,0.0,anchorage_overrides,,,,,,0,,,0,,,CHL
Only in scratch_amanda,92a0925b,-0.1929343523301368,-49.17524780220776,CHAVES,,BRA,0.0,anchorage_overrides,,,,,,0,,,0,,,BRA
Only in scratch_amanda,92a091b1,-0.1467973648656389,-49.17524780220776,CHAVES,,BRA,0.0,anchorage_overrides,,,,,,0,,,0,,,BRA
Only in scratch_amanda,92a0917d,-0.1680310427662279,-49.15501097119778,CHAVES,,BRA,0.0,anchorage_overrides,,,,,,0,,,0,,,BRA
Only in scratch_amanda,92a09163,-0.1680182176178569,-49.1499528794138,CHAVES,,BRA,0.0,anchorage_overrides,,,,,,0,,,0,,,BRA
Only in scratch_amanda,92a0925d,-0.1929490727022266,-49.1803081256723,CHAVES,,BRA,0.0,anchorage_overrides,,,,,,0,,,0,,,BRA
Only in scratch_amanda,92a0924d,-0.1893538777887612,-49.16512849403051,CHAVES,,BRA,0.0,anchorage_overrides,,,,,,0,,,0,,,BRA
Only in scratch_amanda,92a0919b,-0.1609733484162557,-49.17018792497672,CHAVES,,BRA,0.0,anchorage_overrides,,,,,,0,,,0,,,BRA
Only in scratch_amanda,92a091bf,-0.1539023805509617,-49.1803081256723,CHAVES,,BRA,0.0,anchorage_overrides,,,,,,0,,,0,,,BRA
Only in scratch_amanda,92a091bd,-0.1538906390768735,-49.17524780220776,CHAVES,,BRA,0.0,anchorage_overrides,,,,,,0,,,0,,,BRA
Only in scratch_amanda,92a0924f,-0.1893683275943005,-49.17018792497672,CHAVES,,BRA,0.0,anchorage_overrides,,,,,,0,,,0,,,BRA
Only in scratch_amanda,92a091a1,-0.1538671556346887,-49.16512849403051,CHAVES,,BRA,0.0,anchorage_overrides,,,,,,0,,,0,,,BRA
Only in scratch_amanda,92a09161,-0.1680053922923198,-49.14489523411967,CHAVES,,BRA,0.0,anchorage_overrides,,,,,,0,,,0,,,BRA
Only in scratch_amanda,92a0917f,-0.1680438677368561,-49.16006950942043,CHAVES,,BRA,0.0,anchorage_overrides,,,,,,0,,,0,,,BRA
Only in scratch_amanda,92a09175,-0.1574018831133711,-49.16006950942043,CHAVES,,BRA,0.0,anchorage_overrides,,,,,,0,,,0,,,BRA
Only in scratch_amanda,92a091b9,-0.1503552580556218,-49.1803081256723,CHAVES,,BRA,0.0,anchorage_overrides,,,,,,0,,,0,,,BRA
Only in scratch_amanda,92a09239,-0.1822809147034559,-49.17524780220776,CHAVES,,BRA,0.0,anchorage_overrides,,,,,,0,,,0,,,BRA
Only in scratch_amanda,92a09107,-0.1467637630850463,-49.160069509420424,CHAVES,,BRA,0.0,anchorage_overrides,,,,,,0,,,0,,,BRA
Only in scratch_amanda,92a09193,-0.1609979141863658,-49.180308125672305,CHAVES,,BRA,0.0,anchorage_overrides,,,,,,0,,,0,,,BRA
Only in scratch_amanda,92a09143,-0.1608996469981436,-49.13983803536652,CHAVES,,BRA,0.0,anchorage_overrides,,,,,,0,,,0,,,BRA
Only in scratch_amanda,92a091bb,-0.1503437871950214,-49.17524780220776,CHAVES,,BRA,0.0,anchorage_overrides,,,,,,0,,,0,,,BRA
Only in scratch_amanda,92a09197,-0.1574379204835871,-49.17524780220776,CHAVES,,BRA,0.0,anchorage_overrides,,,,,,0,,,0,,,BRA
Only in scratch_amanda,92a09231,-0.1787169905252403,-49.17018792497672,CHAVES,,BRA,0.0,anchorage_overrides,,,,,,0,,,0,,,BRA
Only in scratch_amanda,92a091a5,-0.1503323161733753,-49.17018792497672,CHAVES,,BRA,0.0,anchorage_overrides,,,,,,0,,,0,,,BRA
Only in scratch_amanda,92a09185,-0.1645212180747442,-49.17018792497672,CHAVES,,BRA,0.0,anchorage_overrides,,,,,,0,,,0,,,BRA
Only in scratch_amanda,92a0917b,-0.1644835559639351,-49.15501097119778,CHAVES,,BRA,0.0,anchorage_overrides,,,,,,0,,,0,,,BRA
Only in scratch_amanda,92a0925f,-0.196501348058774,-49.1803081256723,CHAVES,,BRA,0.0,anchorage_overrides,,,,,,0,,,0,,,BRA
Only in scratch_amanda,92a09253,-0.1929049109665877,-49.165128494030505,CHAVES,,BRA,0.0,anchorage_overrides,,,,,,0,,,0,,,BRA
Only in scratch_amanda,92a09141,-0.1573538309505887,-49.13983803536652,CHAVES,,BRA,0.0,anchorage_overrides,,,,,,0,,,0,,,BRA
Only in scratch_amanda,92a091a9,-0.1467749638349836,-49.165128494030505,CHAVES,,BRA,0.0,anchorage_overrides,,,,,,0,,,0,,,BRA
Only in scratch_amanda,92a0910b,-0.1538554136676487,-49.16006950942043,CHAVES,,BRA,0.0,anchorage_overrides,,,,,,0,,,0,,,BRA
Only in scratch_amanda,92a09195,-0.1574499326037545,-49.1803081256723,CHAVES,,BRA,0.0,anchorage_overrides,,,,,,0,,,0,,,BRA
Only in scratch_amanda,92a0915d,-0.1644458922872194,-49.13983803536652,CHAVES,,BRA,0.0,anchorage_overrides,,,,,,0,,,0,,,BRA
Only in scratch_amanda,92a09109,-0.1503093736490107,-49.16006950942043,CHAVES,,BRA,0.0,anchorage_overrides,,,,,,0,,,0,,,BRA
Only in scratch_amanda,92a09259,-0.1964863566825187,-49.17524780220776,CHAVES,,BRA,0.0,anchorage_overrides,,,,,,0,,,0,,,BRA
Only in scratch_amanda,92a09249,-0.1858174526523925,-49.17018792497672,CHAVES,,BRA,0.0,anchorage_overrides,,,,,,0,,,0,,,BRA
Only in scratch_amanda,92a0919d,-0.1609610652730832,-49.16512849403051,CHAVES,,BRA,0.0,anchorage_overrides,,,,,,0,,,0,,,BRA
Only in scratch_amanda,92a09191,-0.1609856313875342,-49.17524780220776,CHAVES,,BRA,0.0,anchorage_overrides,,,,,,0,,,0,,,BRA
Only in scratch_amanda,92a0919f,-0.157413895737855,-49.16512849403051,CHAVES,,BRA,0.0,anchorage_overrides,,,,,,0,,,0,,,BRA
Only in scratch_amanda,92a0916f,-0.1609242148177259,-49.1499528794138,CHAVES,,BRA,0.0,anchorage_overrides,,,,,,0,,,0,,,BRA
Only in scratch_amanda,92a09169,-0.160911930992501,-49.14489523411968,CHAVES,,BRA,0.0,anchorage_overrides,,,,,,0,,,0,,,BRA
Only in scratch_amanda,92a09269,-0.1894116757949873,-49.185368895318845,CHAVES,,BRA,0.0,anchorage_overrides,,,,,,0,,,0,,,BRA
Only in scratch_amanda,92a093df,-0.17155276678429,-49.14489523411968,CHAVES,,BRA,0.0,anchorage_overrides,,,,,,0,,,0,,,BRA
Only in scratch_amanda,92a09241,-0.1858458097741186,-49.1803081256723,CHAVES,,BRA,0.0,anchorage_overrides,,,,,,0,,,0,,,BRA
Only in scratch_amanda,92a0915f,-0.1679925667901928,-49.13983803536652,CHAVES,,BRA,0.0,anchorage_overrides,,,,,,0,,,0,,,BRA
Only in scratch_amanda,92a09173,-0.1573898703218626,-49.15501097119779,CHAVES,,BRA,0.0,anchorage_overrides,,,,,,0,,,0,,,BRA
Only in scratch_amanda,92a09237,-0.1822670069534457,-49.17018792497672,CHAVES,,BRA,0.0,anchorage_overrides,,,,,,0,,,0,,,BRA
Only in scratch_amanda,92a0924b,-0.1858032737935669,-49.16512849403051,CHAVES,,BRA,0.0,anchorage_overrides,,,,,,0,,,0,,,BRA
Only in scratch_amanda,92a09235,-0.1822530990087986,-49.16512849403051,CHAVES,,BRA,0.0,anchorage_overrides,,,,,,0,,,0,,,BRA
Only in scratch_amanda,92a09247,-0.185831631312789,-49.17524780220776,CHAVES,,BRA,0.0,anchorage_overrides,,,,,,0,,,0,,,BRA
Only in scratch_amanda,92a09165,-0.164471001578267,-49.1499528794138,CHAVES,,BRA,0.0,anchorage_overrides,,,,,,0,,,0,,,BRA
Only in scratch_amanda,92a09257,-0.19647136509578,-49.17018792497672,CHAVES,,BRA,0.0,anchorage_overrides,,,,,,0,,,0,,,BRA
Only in scratch_amanda,92a0926b,-0.1858599880357431,-49.185368895318845,CHAVES,,BRA,0.0,anchorage_overrides,,,,,,0,,,0,,,BRA
Only in scratch_amanda,92a0923b,-0.1787306273974053,-49.17524780220776,CHAVES,,BRA,0.0,anchorage_overrides,,,,,,0,,,0,,,BRA
Only in scratch_amanda,92a09177,-0.1609487819585691,-49.16006950942043,CHAVES,,BRA,0.0,anchorage_overrides,,,,,,0,,,0,,,BRA
Only in scratch_amanda,92a0913f,-0.1538084441721583,-49.13983803536653,CHAVES,,BRA,0.0,anchorage_overrides,,,,,,0,,,0,,,BRA
Only in scratch_amanda,92a0918f,-0.164533771761067,-49.17524780220776,CHAVES,,BRA,0.0,anchorage_overrides,,,,,,0,,,0,,,BRA
Only in scratch_amanda,92a09243,-0.1893972265980638,-49.180308125672305,CHAVES,,BRA,0.0,anchorage_overrides,,,,,,0,,,0,,,BRA
Only in scratch_amanda,92a09245,-0.1893827771976181,-49.17524780220776,CHAVES,,BRA,0.0,anchorage_overrides,,,,,,0,,,0,,,BRA
Only in scratch_amanda,92a0910d,-0.1538436715373478,-49.15501097119778,CHAVES,,BRA,0.0,anchorage_overrides,,,,,,0,,,0,,,BRA
Only in scratch_amanda,92a09183,-0.1645086642127382,-49.16512849403051,CHAVES,,BRA,0.0,anchorage_overrides,,,,,,0,,,0,,,BRA
Only in scratch_amanda,92a09171,-0.1609364984732658,-49.15501097119778,CHAVES,,BRA,0.0,anchorage_overrides,,,,,,0,,,0,,,BRA
Only in scratch_amanda,92a091af,-0.1467861644286824,-49.17018792497672,CHAVES,,BRA,0.0,anchorage_overrides,,,,,,0,,,0,,,BRA
Only in scratch_amanda,92a0923d,-0.1787442640781118,-49.1803081256723,CHAVES,,BRA,0.0,anchorage_overrides,,,,,,0,,,0,,,BRA
Only in scratch_amanda,92a0923f,-0.1822948222582036,-49.1803081256723,CHAVES,,BRA,0.0,anchorage_overrides,,,,,,0,,,0,,,BRA
Only in scratch_amanda,92a091a7,-0.1503208449911997,-49.165128494030505,CHAVES,,BRA,0.0,anchorage_overrides,,,,,,0,,,0,,,BRA
Only in scratch_amanda,92a09179,-0.1644961101756136,-49.160069509420424,CHAVES,,BRA,0.0,anchorage_overrides,,,,,,0,,,0,,,BRA
Only in scratch_amanda,92a0910f,-0.1502979021473241,-49.15501097119778,CHAVES,,BRA,0.0,anchorage_overrides,,,,,,0,,,0,,,BRA
Only in scratch_amanda,92a091a3,-0.1538788974379397,-49.17018792497672,CHAVES,,BRA,0.0,anchorage_overrides,,,,,,0,,,0,,,BRA
Only in scratch_amanda,92a09167,-0.1644584470191737,-49.14489523411968,CHAVES,,BRA,0.0,anchorage_overrides,,,,,,0,,,0,,,BRA
Only in scratch_amanda,92a09251,-0.1929196317513697,-49.17018792497671,CHAVES,,BRA,0.0,anchorage_overrides,,,,,,0,,,0,,,BRA
Only in scratch_amanda,92a093d9,-0.1715658629088399,-49.1499528794138,CHAVES,,BRA,0.0,anchorage_overrides,,,,,,0,,,0,,,BRA
Only in scratch_amanda,92a09199,-0.1574259081947737,-49.17018792497672,CHAVES,,BRA,0.0,anchorage_overrides,,,,,,0,,,0,,,BRA
Only in scratch_amanda,92a093e1,-0.1715396704794208,-49.13983803536652,CHAVES,,BRA,0.0,anchorage_overrides,,,,,,0,,,0,,,BRA
Only in scratch_amanda,9621ff77,-42.60244444444445,-73.51669444444444,CHELIN,,CHL,0.0,anchorage_overrides,,,,,,0,,,0,,,CHL
Only in scratch_amanda,9618bd23,-42.27802777777778,-73.25405555555555,CHENIAO,,CHL,0.0,anchorage_overrides,,,,,,0,,,0,,,CHL
Only in scratch_amanda,96225885,-42.049213888888886,-73.97377777777778,CHEPU,,CHL,0.0,anchorage_overrides,,,,,,0,,,0,,,CHL
Only in scratch_amanda,96893457,-31.75328888888889,-71.51803611111112,CHIGUALOCO,,CHL,0.0,anchorage_overrides,,,,,,0,,,0,,,CHL
Only in scratch_amanda,91ab8405,-9.10527757693893,-78.5569608263897,CHIMBOTE,,PER,0.0,anchorage_overrides,,,,,,0,,,0,,,PER
Only in scratch_amanda,91ab841f,-9.100766666666669,-78.54806666666667,CHIMBOTE,,PER,0.0,anchorage_overrides,,,,,,0,,,0,,,PER
Only in scratch_amanda,91ab845f,-9.1386,-78.5428,CHIMBOTE,,PER,0.0,anchorage_overrides,,,,,,0,,,0,,,PER
Only in scratch_amanda,91ab8483,-9.150375,-78.56486333333334,CHIMBOTE,,PER,0.0,anchorage_overrides,,,,,,0,,,0,,,PER
Only in scratch_amanda,91ab814f,-9.084113133333334,-78.57596866666667,CHIMBOTE,,PER,0.0,anchorage_overrides,,,,,,0,,,0,,,PER
Only in scratch_amanda,91ab810d,-9.071880872,-78.60085775999998,CHIMBOTE,,PER,0.0,anchorage_overrides,,,,,,0,,,0,,,PER
Only in scratch_amanda,91ab846b,-9.11932,-78.54851,CHIMBOTE,,PER,0.0,anchorage_overrides,,,,,,0,,,0,,,PER
Only in scratch_amanda,91ab8131,-9.0692275,-78.5763125,CHIMBOTE,,PER,0.0,anchorage_overrides,,,,,,0,,,0,,,PER
Only in scratch_amanda,91ab83fd,-9.101996455572069,-78.57632400594358,CHIMBOTE,,PER,0.0,anchorage_overrides,,,,,,0,,,0,,,PER
Only in scratch_amanda,91ab8345,-9.1688,-78.5806,CHIMBOTE,,PER,0.0,anchorage_overrides,,,,,,0,,,0,,,PER
Only in scratch_amanda,91ab8183,-9.091342666666668,-78.61611033333334,CHIMBOTE,,PER,0.0,anchorage_overrides,,,,,,0,,,0,,,PER
Only in scratch_amanda,91ab849d,-9.154732816537466,-78.56110754521964,CHIMBOTE,,PER,0.0,anchorage_overrides,,,,,,0,,,0,,,PER
Only in scratch_amanda,91ab8147,-9.08082180327869,-78.58250819672134,CHIMBOTE,,PER,0.0,anchorage_overrides,,,,,,0,,,0,,,PER
Only in scratch_amanda,91ab8229,-9.1001,-78.621,CHIMBOTE,,PER,0.0,anchorage_overrides,,,,,,0,,,0,,,PER
Only in scratch_amanda,91ab840d,-9.115338720297274,-78.5601568613109,CHIMBOTE,,PER,0.0,anchorage_overrides,,,,,,0,,,0,,,PER
Only in scratch_amanda,91ab8157,-9.093475815306125,-78.57263969387753,CHIMBOTE,,PER,0.0,anchorage_overrides,,,,,,0,,,0,,,PER
Only in scratch_amanda,91ab837b,-9.1501,-78.575699,CHIMBOTE,,PER,0.0,anchorage_overrides,,,,,,0,,,0,,,PER
Only in scratch_amanda,91ab848b,-9.1435,-78.5466,CHIMBOTE,,PER,0.0,anchorage_overrides,,,,,,0,,,0,,,PER
Only in scratch_amanda,91ab86cb,-9.07335,-78.56321,CHIMBOTE,,PER,0.0,anchorage_overrides,,,,,,0,,,0,,,PER
Only in scratch_amanda,91ab813d,-9.06900493670886,-78.58621708860761,CHIMBOTE,,PER,0.0,anchorage_overrides,,,,,,0,,,0,,,PER
Only in scratch_amanda,91ab8113,-9.072274618055555,-78.59616118055557,CHIMBOTE,,PER,0.0,anchorage_overrides,,,,,,0,,,0,,,PER
Only in scratch_amanda,91ab831b,-9.1567682,-78.6024322,CHIMBOTE,,PER,0.0,anchorage_overrides,,,,,,0,,,0,,,PER
Only in scratch_amanda,91ab8311,-9.156140111111112,-78.59515677777777,CHIMBOTE,,PER,0.0,anchorage_overrides,,,,,,0,,,0,,,PER
Only in scratch_amanda,91ab8463,-9.13968,-78.55139,CHIMBOTE,,PER,0.0,anchorage_overrides,,,,,,0,,,0,,,PER
Only in scratch_amanda,91ab86a9,-9.0970608415493,-78.55833258098586,CHIMBOTE,,PER,0.0,anchorage_overrides,,,,,,0,,,0,,,PER
Only in scratch_amanda,91ab8413,-9.11773110344828,-78.54980096551722,CHIMBOTE,,PER,0.0,anchorage_overrides,,,,,,0,,,0,,,PER
Only in scratch_amanda,91ab8233,-9.1142066,-78.6168076,CHIMBOTE,,PER,0.0,anchorage_overrides,,,,,,0,,,0,,,PER
Only in scratch_amanda,9152b5eb,-21.321527777777774,-70.07094444444444,CHIPANA,,CHL,0.0,anchorage_overrides,,,,,,0,,,0,,,CHL
Only in scratch_amanda,9669ea33,-37.14241944444444,-73.16936666666668,CHIVILINGO,,CHL,0.0,anchorage_overrides,,,,,,0,,,0,,,CHL
Only in scratch_amanda,3138a1db,17.71019004,106.4708318,CHO CAU TAU (QUANG PHUC) FISHING PORT,,VNM,0.0,anchorage_overrides,,,,,,0,,,0,,,VNM
Only in scratch_amanda,96191659,-42.08765277777778,-72.46102777777779,CHOLGO,,CHL,0.0,anchorage_overrides,,,,,,0,,,0,,,CHL
Only in scratch_amanda,96184421,-41.66536111111111,-72.96616666666667,CHOLGUE,,CHL,0.0,anchorage_overrides,,,,,,0,,,0,,,CHL
Only in scratch_amanda,96683333,-36.77397222222222,-73.21196944444445,CHOME,,CHL,0.0,anchorage_overrides,,,,,,0,,,0,,,CHL
Only in scratch_amanda,8facaf4f,8.945200996111987,-79.54755933570641,CHORRILLO,,PAN,0.0,anchorage_overrides,,,,,,0,,,0,,,PAN
Only in scratch_amanda,9663d775,-34.00921666666667,-71.900075,CHORRILLOS,,CHL,0.0,anchorage_overrides,,,,,,0,,,0,,,CHL
Only in scratch_amanda,961f37ff,-42.6755,-73.08302777777777,CHUIT,,CHL,0.0,anchorage_overrides,,,,,,0,,,0,,,CHL
Only in scratch_amanda,9621f63f,-42.638083333333334,-73.72175,CHULCUY,,CHL,0.0,anchorage_overrides,,,,,,0,,,0,,,CHL
Only in scratch_amanda,961f36ff,-42.63075,-73.04011111111112,CHULIN,,CHL,0.0,anchorage_overrides,,,,,,0,,,0,,,CHL
Only in scratch_amanda,961f2c9f,-42.50763888888889,-72.80638055555555,CHUMELDEN,,CHL,0.0,anchorage_overrides,,,,,,0,,,0,,,CHL
Only in scratch_amanda,96910419,-29.45080555555555,-71.30927777777778,CHUNGUNGO,,CHL,0.0,anchorage_overrides,,,,,,0,,,0,,,CHL
Only in scratch_amanda,96687c17,-36.13506111111111,-72.7821111111111,COBQUECURA,,CHL,0.0,anchorage_overrides,,,,,,0,,,0,,,CHL
Only in scratch_amanda,96199547,-41.49516666666667,-72.31061111111111,COCHAMO,,CHL,0.0,anchorage_overrides,,,,,,0,,,0,,,CHL
Only in scratch_amanda,96684f39,-36.59708333333334,-72.97695833333333,COCHOLGUE CALETA CHICA,,CHL,0.0,anchorage_overrides,,,,,,0,,,0,,,CHL
Only in scratch_amanda,96684f47,-36.593113888888894,-72.97799166666667,COCHOLGUE CALETA GRANDE,,CHL,0.0,anchorage_overrides,,,,,,0,,,0,,,CHL
Only in scratch_amanda,961830d3,-41.488455555555554,-72.86308888888888,COIHUIN,,CHL,0.0,anchorage_overrides,,,,,,0,,,0,,,CHL
Only in scratch_amanda,91ab800d,-9.021087337805264,-78.63513359384557,COISHCO,,PER,0.0,anchorage_overrides,,,,,,0,,,0,,,PER
Only in scratch_amanda,91ac7f89,-9.008987570873789,-78.62841643948221,COISHCO,,PER,0.0,anchorage_overrides,,,,,,0,,,0,,,PER
Only in scratch_amanda,91ab806d,-9.024070022705867,-78.6334559077864,COISHCO,,PER,0.0,anchorage_overrides,,,,,,0,,,0,,,PER
Only in scratch_amanda,91ab8013,-9.02408318436934,-78.6350041783342,COISHCO,,PER,0.0,anchorage_overrides,,,,,,0,,,0,,,PER
Only in scratch_amanda,961870db,-41.768875,-73.35358055555555,COLACO,,CHL,0.0,anchorage_overrides,,,,,,0,,,0,,,CHL
Only in scratch_amanda,9049e203,-5.0087,-81.073199,COLAN,,PER,0.0,anchorage_overrides,,,,,,0,,,0,,,PER
Only in scratch_amanda,9669ea73,-37.107102777777776,-73.15481944444446,COLCURA,,CHL,0.0,anchorage_overrides,,,,,,0,,,0,,,CHL
Only in scratch_amanda,966845b3,-36.52983888888889,-72.95852777777777,COLIUMO,,CHL,0.0,anchorage_overrides,,,,,,0,,,0,,,CHL
Only in scratch_amanda,964021b1,-38.44611944444444,-73.52188611111112,COMILLAHUE (TIRUA SUR 6),,CHL,0.0,anchorage_overrides,,,,,,0,,,0,,,CHL
Only in scratch_amanda,9621e8e3,-42.872638888888886,-73.69683333333333,COMPU,,CHL,0.0,anchorage_overrides,,,,,,0,,,0,,,CHL
Only in scratch_amanda,314129a7,17.15344159,107.3349006,CON CO FISHING PORT,,VNM,0.0,anchorage_overrides,,,,,,0,,,0,,,VNM
Only in scratch_amanda,3198a87b,8.651895949,106.5727845,CON DAO FISHING PORT,,VNM,0.0,anchorage_overrides,,,,,,0,,,0,,,VNM
Only in scratch_amanda,963d7555,-40.77588333333333,-73.84106666666666,CONDOR,,CHL,0.0,anchorage_overrides,,,,,,0,,,0,,,CHL
Only in scratch_amanda,962283d5,-41.89619444444445,-73.516,CONIMO & HUEIHUE,,CHL,0.0,anchorage_overrides,,,,,,0,,,0,,,CHL
Only in scratch_amanda,961854c7,-41.80038888888889,-72.72427777777779,CONTAO,,CHL,0.0,anchorage_overrides,,,,,,0,,,0,,,CHL
Only in scratch_amanda,9691c8ff,-29.95305,-71.33545555555555,COQUIMBO & MUELLE AIP & MUELLE BRACPESCA & MUELLE PESCABEL 2,,CHL,0.0,anchorage_overrides,,,,,,0,,,0,,,CHL
Only in scratch_amanda,96ae1d59,-23.093152777777775,-70.42601388888889,CORPESCA MEJILLONES,,CHL,0.0,anchorage_overrides,,,,,,0,,,0,,,CHL
Only in scratch_amanda,9697ac7d,-27.989275,-71.14271944444445,CORRALES NORTE,,CHL,0.0,anchorage_overrides,,,,,,0,,,0,,,CHL
Only in scratch_amanda,3139d31b,18.7589352,105.7501758,CUA HOI FISHING PORT,,VNM,0.0,anchorage_overrides,,,,,,0,,,0,,,VNM
Only in scratch_amanda,314a00db,20.36602994,106.5727844,CUA LAN FISHING PORT,,VNM,0.0,anchorage_overrides,,,,,,0,,,0,,,VNM
Only in scratch_amanda,31385cf9,18.26046696,106.1045493,CUA NHUONG FISHING PORT,,VNM,0.0,anchorage_overrides,,,,,,0,,,0,,,VNM
Only in scratch_amanda,31384901,18.4511792,105.9201437,CUA SOT FISHING PORT,,VNM,0.0,anchorage_overrides,,,,,,0,,,0,,,VNM
Only in scratch_amanda,3140dcad,17.01345129,107.1044901,CUA TUNG FISHING PORT,,VNM,0.0,anchorage_overrides,,,,,,0,,,0,,,VNM
Only in scratch_amanda,3140e737,16.8991178,107.1879172,CUA VIET FISHING PORT,,VNM,0.0,anchorage_overrides,,,,,,0,,,0,,,VNM
Only in scratch_amanda,3140e73f,16.8999109,107.1773798,CUA VIET MARKET FISHING PORT,,VNM,0.0,anchorage_overrides,,,,,,0,,,0,,,VNM
Only in scratch_amanda,8f75a275,10.952,-85.7097,CUAJINIQUIL,,CRI,0.0,anchorage_overrides,,,,,,0,,,0,,,CRI
Only in scratch_amanda,8f75989f,10.9505,-85.7093,CUAJINIQUIL,,CRI,0.0,anchorage_overrides,,,,,,0,,,0,,,CRI
Only in scratch_amanda,8f75a277,10.9511,-85.7107,CUAJINIQUIL,,CRI,0.0,anchorage_overrides,,,,,,0,,,0,,,CRI
Only in scratch_amanda,9618e2ab,-42.01225,-72.71177777777778,CUBERO,,CHL,0.0,anchorage_overrides,,,,,,0,,,0,,,CHL
Only in scratch_amanda,9622327f,-42.53188055555555,-74.16850833333334,CUCAO,,CHL,0.0,anchorage_overrides,,,,,,0,,,0,,,CHL
Only in scratch_amanda,9697d96b,-27.402827777777777,-70.93218333333334,CUEVA DE PEREZ,,CHL,0.0,anchorage_overrides,,,,,,0,,,0,,,CHL
Only in scratch_amanda,91aa393b,-9.947514150943393,-78.23237987169813,CULEBRAS,,PER,0.0,anchorage_overrides,,,,,,0,,,0,,,PER
Only in scratch_amanda,96220f77,-42.44080555555555,-73.60438888888888,CURACO DE VELEZ,,CHL,0.0,anchorage_overrides,,,,,,0,,,0,,,CHL
Only in scratch_amanda,9666320d,-35.84266388888889,-72.63840833333335,CURANIPE,,CHL,0.0,anchorage_overrides,,,,,,0,,,0,,,CHL
Only in scratch_amanda,9621da23,-43.03575,-73.56813888888888,CURANUE,,CHL,0.0,anchorage_overrides,,,,,,0,,,0,,,CHL
Only in scratch_amanda,96158b3f,-39.73918333333334,-73.39495000000001,CURINANCO,,CHL,0.0,anchorage_overrides,,,,,,0,,,0,,,CHL
Only in scratch_amanda,92a6691b,-0.7089188429021187,-47.87484619053899,CURUCA,,BRA,0.0,anchorage_overrides,,,,,,0,,,0,,,BRA
Only in scratch_amanda,92a669b3,-0.6912619054028645,-47.87978889650503,CURUCA,,BRA,0.0,anchorage_overrides,,,,,,0,,,0,,,BRA
Only in scratch_amanda,92a66903,-0.7054308612046665,-47.87978889650503,CURUCA,,BRA,0.0,anchorage_overrides,,,,,,0,,,0,,,BRA
Only in scratch_amanda,92a6691d,-0.7089741420416334,-47.87978889650503,CURUCA,,BRA,0.0,anchorage_overrides,,,,,,0,,,0,,,BRA
Only in scratch_amanda,92a66857,-0.6984544898559809,-47.88967568243507,CURUCA,,BRA,0.0,anchorage_overrides,,,,,,0,,,0,,,BRA
Only in scratch_amanda,92a66851,-0.6949119068437802,-47.88967568243507,CURUCA,,BRA,0.0,anchorage_overrides,,,,,,0,,,0,,,BRA
Only in scratch_amanda,92a668e3,-0.7090294410277707,-47.884732060483636,CURUCA,,BRA,0.0,anchorage_overrides,,,,,,0,,,0,,,BRA
Only in scratch_amanda,92a6684d,-0.6913158231310546,-47.88473206048362,CURUCA,,BRA,0.0,anchorage_overrides,,,,,,0,,,0,,,BRA
Only in scratch_amanda,92a668e5,-0.709084739858207,-47.88967568243507,CURUCA,,BRA,0.0,anchorage_overrides,,,,,,0,,,0,,,BRA
Only in scratch_amanda,92a669af,-0.694749325096734,-47.87484619053899,CURUCA,,BRA,0.0,anchorage_overrides,,,,,,0,,,0,,,BRA
Only in scratch_amanda,92a66919,-0.7124622640883322,-47.87484619053899,CURUCA,,BRA,0.0,anchorage_overrides,,,,,,0,,,0,,,BRA
Only in scratch_amanda,92a66853,-0.6948577130798773,-47.88473206048362,CURUCA,,BRA,0.0,anchorage_overrides,,,,,,0,,,0,,,BRA
Only in scratch_amanda,92a6691f,-0.7125178395751905,-47.87978889650503,CURUCA,,BRA,0.0,anchorage_overrides,,,,,,0,,,0,,,BRA
Only in scratch_amanda,92a669a9,-0.6982910794491659,-47.87484619053899,CURUCA,,BRA,0.0,anchorage_overrides,,,,,,0,,,0,,,BRA
Only in scratch_amanda,92a668f9,-0.7019974897151208,-47.88967568243507,CURUCA,,BRA,0.0,anchorage_overrides,,,,,,0,,,0,,,BRA
Only in scratch_amanda,92a669ad,-0.6948035191634363,-47.87978889650503,CURUCA,,BRA,0.0,anchorage_overrides,,,,,,0,,,0,,,BRA
Only in scratch_amanda,92a66901,-0.701887997093312,-47.87978889650503,CURUCA,,BRA,0.0,anchorage_overrides,,,,,,0,,,0,,,BRA
Only in scratch_amanda,92a66855,-0.6984000198729416,-47.88473206048362,CURUCA,,BRA,0.0,anchorage_overrides,,,,,,0,,,0,,,BRA
Only in scratch_amanda,92a669ab,-0.698345549736574,-47.879788896505026,CURUCA,,BRA,0.0,anchorage_overrides,,,,,,0,,,0,,,BRA
Only in scratch_amanda,92a668fd,-0.705485883875889,-47.88473206048362,CURUCA,,BRA,0.0,anchorage_overrides,,,,,,0,,,0,,,BRA
Only in scratch_amanda,92a668fb,-0.705540906392202,-47.88967568243507,CURUCA,,BRA,0.0,anchorage_overrides,,,,,,0,,,0,,,BRA
Only in scratch_amanda,92a66907,-0.701833250553529,-47.87484619053899,CURUCA,,BRA,0.0,anchorage_overrides,,,,,,0,,,0,,,BRA
Only in scratch_amanda,92a668ff,-0.7019427434812758,-47.884732060483636,CURUCA,,BRA,0.0,anchorage_overrides,,,,,,0,,,0,,,BRA
Only in scratch_amanda,92a66905,-0.7053758383808455,-47.87484619053899,CURUCA,,BRA,0.0,anchorage_overrides,,,,,,0,,,0,,,BRA
Only in scratch_amanda,92a668e1,-0.712573414907891,-47.884732060483636,CURUCA,,BRA,0.0,anchorage_overrides,,,,,,0,,,0,,,BRA
Only in scratch_amanda,92a668e7,-0.7126289900840994,-47.88967568243507,CURUCA,,BRA,0.0,anchorage_overrides,,,,,,0,,,0,,,BRA
Only in scratch_amanda,3170ed01,11.90191007,109.1418171,DA BAC FISHING PORT,,VNM,0.0,anchorage_overrides,,,,,,0,,,0,,,VNM
Only in scratch_amanda,316fe2c5,12.83390995,109.364683,DAI LANH FISHING PORT,,VNM,0.0,anchorage_overrides,,,,,,0,,,0,,,VNM
Only in scratch_amanda,962211ff,-42.38194444444444,-73.65477777777778,DALCAHUE,,CHL,0.0,anchorage_overrides,,,,,,0,,,0,,,CHL
Only in scratch_amanda,316f9f2f,13.44038358,109.2248836,DAN PHUOC FISHING PORT,,VNM,0.0,anchorage_overrides,,,,,,0,,,0,,,VNM
Only in scratch_amanda,316f49ef,14.12656692,109.2041789,DE GI FISHING PORT,,VNM,0.0,anchorage_overrides,,,,,,0,,,0,,,VNM
Only in scratch_amanda,902a7e59,-0.047841,-80.14169,DESEMBAERCADERO CABUYAL,,ECU,0.0,anchorage_overrides,,,,,,0,,,0,,,ECU
Only in scratch_amanda,902c1fa7,-1.476726,-80.768207,DESEMBARCACDERO MACHALILLA,,ECU,0.0,anchorage_overrides,,,,,,0,,,0,,,ECU
Only in scratch_amanda,902df8ed,-2.406649,-80.692384,DESEMBARCADERO CHANDUY,,ECU,0.0,anchorage_overrides,,,,,,0,,,0,,,ECU
Only in scratch_amanda,902a7ad9,-0.137146,-80.233529,DESEMBARCADERO DON JUAN,,ECU,0.0,anchorage_overrides,,,,,,0,,,0,,,ECU
Only in scratch_amanda,8fd57f73,0.045628,-80.076567,DESEMBARCADERO LA CHORRERA,,ECU,0.0,anchorage_overrides,,,,,,0,,,0,,,ECU
Only in scratch_amanda,8fd506bb,0.505884,-80.024615,DESEMBARCADERO MOMPICHE,,ECU,0.0,anchorage_overrides,,,,,,0,,,0,,,ECU
Only in scratch_amanda,902dd96b,-2.019893,-80.738324,DESEMBARCADERO PALMAR,,ECU,0.0,anchorage_overrides,,,,,,0,,,0,,,ECU
Only in scratch_amanda,902be6c7,-0.949959,-80.709251,DESEMBARCADERO PLAYITA MIA,,ECU,0.0,anchorage_overrides,,,,,,0,,,0,,,ECU
Only in scratch_amanda,902e9dcf,-1.592306,-80.84482,DESEMBARCADERO SALANGO,,ECU,0.0,anchorage_overrides,,,,,,0,,,0,,,ECU
Only in scratch_amanda,966239b5,-33.61921666666667,-71.62268055555555,DESEMBOCADURA RIO MAIPO,,CHL,0.0,anchorage_overrides,,,,,,0,,,0,,,CHL
Only in scratch_amanda,96684575,-36.54764444444445,-72.94443333333334,DICHATO,,CHL,0.0,anchorage_overrides,,,,,,0,,,0,,,CHL
Only in scratch_amanda,31a0316d,9.615941541,106.2862748,DINH AN FISHING PORT,,VNM,0.0,anchorage_overrides,,,,,,0,,,0,,,VNM
Only in scratch_amanda,316fedd3,13.07708334,109.3333328,DONG TAC FISHING PORT,,VNM,0.0,anchorage_overrides,,,,,,0,,,0,,,VNM
Only in scratch_amanda,904964cf,-5.83529087,-80.9313134730952,DPA GALILEO,,PER,0.0,anchorage_overrides,,,,,,0,,,0,,,PER
Only in scratch_amanda,904964db,-5.838439492198815,-80.93357067426646,DPA GALILEO,,PER,0.0,anchorage_overrides,,,,,,0,,,0,,,PER
Only in scratch_amanda,904964c5,-5.837635678353989,-80.93135007926672,DPA GALILEO,,PER,0.0,anchorage_overrides,,,,,,0,,,0,,,PER
Only in scratch_amanda,904964d1,-5.8352914534305125,-80.93370731213454,DPA GALILEO,,PER,0.0,anchorage_overrides,,,,,,0,,,0,,,PER
Only in scratch_amanda,9666bd1f,-34.88531666666667,-72.16547222222223,DUAO,,CHL,0.0,anchorage_overrides,,,,,,0,,,0,,,CHL
Only in scratch_amanda,9622f9ef,-41.98832222222222,-74.04383888888889,DUHATAO,,CHL,0.0,anchorage_overrides,,,,,,0,,,0,,,CHL
Only in scratch_amanda,96913e6d,-29.187216666666668,-71.495025,EL APOLILLADO,,CHL,0.0,anchorage_overrides,,,,,,0,,,0,,,CHL
Only in scratch_amanda,9669c193,-37.080536111111115,-73.16619722222222,EL BLANCO,,CHL,0.0,anchorage_overrides,,,,,,0,,,0,,,CHL
Only in scratch_amanda,96bd637d,-27.248230555555555,-70.96117222222223,EL CISNE,,CHL,0.0,anchorage_overrides,,,,,,0,,,0,,,CHL
Only in scratch_amanda,96b00477,-24.245722222222224,-70.5270861111111,EL COBRE,,CHL,0.0,anchorage_overrides,,,,,,0,,,0,,,CHL
Only in scratch_amanda,9622ec5b,-41.82658333333334,-73.89850000000001,EL DIQUE,,CHL,0.0,anchorage_overrides,,,,,,0,,,0,,,CHL
Only in scratch_amanda,91415aef,-17.01390386396182,-72.10655823078757,EL FARO,,PER,0.0,anchorage_overrides,,,,,,0,,,0,,,PER
Only in scratch_amanda,91415af1,-17.01375,-72.10583,EL FARO,,PER,0.0,anchorage_overrides,,,,,,0,,,0,,,PER
Only in scratch_amanda,96adf1c7,-22.632080555555557,-70.26346944444444,EL FIERRO,,CHL,0.0,anchorage_overrides,,,,,,0,,,0,,,CHL
Only in scratch_amanda,963d9481,-40.48218055555556,-73.749875,EL MANZANO,,CHL,0.0,anchorage_overrides,,,,,,0,,,0,,,CHL
Only in scratch_amanda,96191cb9,-42.011916666666664,-72.63452777777779,EL MANZANO (HUALAIHUE),,CHL,0.0,anchorage_overrides,,,,,,0,,,0,,,CHL
Only in scratch_amanda,9689e6c5,-33.022105555555555,-71.6326111111111,EL MEMBRILLO,,CHL,0.0,anchorage_overrides,,,,,,0,,,0,,,CHL
Only in scratch_amanda,96bd3d13,-26.799597222222225,-70.78435,EL MORADO,,CHL,0.0,anchorage_overrides,,,,,,0,,,0,,,CHL
Only in scratch_amanda,96bd6f0f,-27.124808333333338,-70.94378888888889,EL MORRO,,CHL,0.0,anchorage_overrides,,,,,,0,,,0,,,CHL
Only in scratch_amanda,9669c197,-37.075433333333336,-73.16229722222222,EL MORRO (LOTA) & LA CONCHILLA,,CHL,0.0,anchorage_overrides,,,,,,0,,,0,,,CHL
Only in scratch_amanda,96683571,-36.726911111111114,-73.105375,EL MORRO (TALCAHUANO),,CHL,0.0,anchorage_overrides,,,,,,0,,,0,,,CHL
Only in scratch_amanda,96664fc3,-35.51161944444444,-72.54955277777778,EL PARRON,,CHL,0.0,anchorage_overrides,,,,,,0,,,0,,,CHL
Only in scratch_amanda,134c3a9d,42.436254,18.611834,EL PRESIDENTE BEACH,,MNE,0.0,anchorage_overrides,,,,,,0,,,0,,,MNE
Only in scratch_amanda,966216cd,-33.39434722222222,-71.69803611111111,EL QUISCO,,CHL,0.0,anchorage_overrides,,,,,,0,,,0,,,CHL
Only in scratch_amanda,96bcc649,-26.259541666666667,-70.64860833333334,EL REFUGIO,,CHL,0.0,anchorage_overrides,,,,,,0,,,0,,,CHL
Only in scratch_amanda,9618688f,-41.752580555555554,-73.1413888888889,EL ROSARIO,,CHL,0.0,anchorage_overrides,,,,,,0,,,0,,,CHL
Only in scratch_amanda,968e1119,-30.54704166666667,-71.69677777777778,EL SAUCE,,CHL,0.0,anchorage_overrides,,,,,,0,,,0,,,CHL
Only in scratch_amanda,96683437,-36.69670555555555,-73.14100833333335,EL SOLDADO,,CHL,0.0,anchorage_overrides,,,,,,0,,,0,,,CHL
Only in scratch_amanda,9696cd1f,-28.818991666666665,-71.42664722222223,ENSUENO - SARCO,,CHL,0.0,anchorage_overrides,,,,,,0,,,0,,,CHL
Only in scratch_amanda,963d4aa9,-41.39552777777778,-73.83966666666666,ESTAQUILLA,,CHL,0.0,anchorage_overrides,,,,,,0,,,0,,,CHL
Only in scratch_amanda,902e0e65,-2.209322,-80.949948,FACILIDAD PESQUERA DE SANTA ROSA,,ECU,0.0,anchorage_overrides,,,,,,0,,,0,,,ECU
Only in scratch_amanda,9622eb8d,-41.794666666666664,-73.90869444444445,FARO CORONA,,CHL,0.0,anchorage_overrides,,,,,,0,,,0,,,CHL
Only in scratch_amanda,96228d5b,-41.87380555555555,-73.82919444444444,FATIMA,,CHL,0.0,anchorage_overrides,,,,,,0,,,0,,,CHL
Only in scratch_amanda,06365259,-3.8303648815951807,-32.40425136891337,FERNANDO DE NORONHA,,BRA,0.0,anchorage_overrides,,,,,,0,,,0,,,BRA
Only in scratch_amanda,063652f3,-3.835205314791524,-32.39292248196526,FERNANDO DE NORONHA,,BRA,0.0,anchorage_overrides,,,,,,0,,,0,,,BRA
Only in scratch_amanda,06365289,-3.843688654758582,-32.398587077921405,FERNANDO DE NORONHA,,BRA,0.0,anchorage_overrides,,,,,,0,,,0,,,BRA
Only in scratch_amanda,06365265,-3.8432077676476495,-32.409915354811496,FERNANDO DE NORONHA,,BRA,0.0,anchorage_overrides,,,,,,0,,,0,,,BRA
Only in scratch_amanda,06365267,-3.838846491040403,-32.40991535481149,FERNANDO DE NORONHA,,BRA,0.0,anchorage_overrides,,,,,,0,,,0,,,BRA
Only in scratch_amanda,063652f5,-3.834965450532639,-32.398587077921405,FERNANDO DE NORONHA,,BRA,0.0,anchorage_overrides,,,,,,0,,,0,,,BRA
Only in scratch_amanda,063652f1,-3.8308440924072023,-32.39292248196526,FERNANDO DE NORONHA,,BRA,0.0,anchorage_overrides,,,,,,0,,,0,,,BRA
Only in scratch_amanda,063652f7,-3.8306044992826016,-32.398587077921405,FERNANDO DE NORONHA,,BRA,0.0,anchorage_overrides,,,,,,0,,,0,,,BRA
Only in scratch_amanda,0636528d,-3.839566971127392,-32.39292248196526,FERNANDO DE NORONHA,,BRA,0.0,anchorage_overrides,,,,,,0,,,0,,,BRA
Only in scratch_amanda,0636528b,-3.839326835712803,-32.398587077921405,FERNANDO DE NORONHA,,BRA,0.0,anchorage_overrides,,,,,,0,,,0,,,BRA
Only in scratch_amanda,06365261,-3.8390866756791895,-32.40425136891338,FERNANDO DE NORONHA,,BRA,0.0,anchorage_overrides,,,,,,0,,,0,,,BRA
Only in scratch_amanda,06365263,-3.8434482235197462,-32.40425136891337,FERNANDO DE NORONHA,,BRA,0.0,anchorage_overrides,,,,,,0,,,0,,,BRA
Only in scratch_amanda,31684ea1,15.21676672,108.9077681,FISHING PORT 19/5,,VNM,0.0,anchorage_overrides,,,,,,0,,,0,,,VNM
Only in scratch_amanda,313614f5,20.0231932,106.2020911,FISHING PORT NINH CO,,VNM,0.0,anchorage_overrides,,,,,,0,,,0,,,VNM
Only in scratch_amanda,96bd2761,-26.575675,-70.68858888888889,FLAMENCO,,CHL,0.0,anchorage_overrides,,,,,,0,,,0,,,CHL
Only in scratch_amanda,95273e6b,-27.584916644324743,-48.42128080954359,FLORIANOPOLIS,,BRA,0.0,anchorage_overrides,,,,,,0,,,0,,,BRA
Only in scratch_amanda,9527269d,-27.789424265799532,-48.506220715694354,FLORIANOPOLIS,,BRA,0.0,anchorage_overrides,,,,,,0,,,0,,,BRA
Only in scratch_amanda,95272683,-27.791248478964235,-48.51122125687828,FLORIANOPOLIS,,BRA,0.0,anchorage_overrides,,,,,,0,,,0,,,BRA
Only in scratch_amanda,95273e59,-27.580727293305127,-48.43626068908862,FLORIANOPOLIS,,BRA,0.0,anchorage_overrides,,,,,,0,,,0,,,BRA
Only in scratch_amanda,95273e69,-27.586734513926075,-48.42627364935995,FLORIANOPOLIS,,BRA,0.0,anchorage_overrides,,,,,,0,,,0,,,BRA
Only in scratch_amanda,95273e43,-27.581913615085607,-48.42627364935995,FLORIANOPOLIS,,BRA,0.0,anchorage_overrides,,,,,,0,,,0,,,BRA
Only in scratch_amanda,95273ef1,-27.584361664048966,-48.446249541981,FLORIANOPOLIS,,BRA,0.0,anchorage_overrides,,,,,,0,,,0,,,BRA
Only in scratch_amanda,95273e41,-27.580095958345023,-48.42128080954359,FLORIANOPOLIS,,BRA,0.0,anchorage_overrides,,,,,,0,,,0,,,BRA
Only in scratch_amanda,95272421,-27.782779199197336,-48.50122062717168,FLORIANOPOLIS,,BRA,0.0,anchorage_overrides,,,,,,0,,,0,,,BRA
Only in scratch_amanda,95273e5b,-27.578909997045283,-48.431266942556505,FLORIANOPOLIS,,BRA,0.0,anchorage_overrides,,,,,,0,,,0,,,BRA
Only in scratch_amanda,9527378d,-27.598987297042655,-48.5662570725529,FLORIANOPOLIS,,BRA,0.0,anchorage_overrides,,,,,,0,,,0,,,BRA
Only in scratch_amanda,95273e5d,-27.58373119805485,-48.431266942556505,FLORIANOPOLIS,,BRA,0.0,anchorage_overrides,,,,,,0,,,0,,,BRA
Only in scratch_amanda,95273e4f,-27.572271549662354,-48.42627364935996,FLORIANOPOLIS,,BRA,0.0,anchorage_overrides,,,,,,0,,,0,,,BRA
Only in scratch_amanda,95273821,-27.59535907022475,-48.55624648979892,FLORIANOPOLIS,,BRA,0.0,anchorage_overrides,,,,,,0,,,0,,,BRA
Only in scratch_amanda,9527378b,-27.597173221475156,-48.56125155509574,FLORIANOPOLIS,,BRA,0.0,anchorage_overrides,,,,,,0,,,0,,,BRA
Only in scratch_amanda,95273e63,-27.59519126663798,-48.43626068908861,FLORIANOPOLIS,,BRA,0.0,anchorage_overrides,,,,,,0,,,0,,,BRA
Only in scratch_amanda,9527242b,-27.78825120747164,-48.51622225067821,FLORIANOPOLIS,,BRA,0.0,anchorage_overrides,,,,,,0,,,0,,,BRA
Only in scratch_amanda,95273795,-27.602615220816123,-48.57626946376482,FLORIANOPOLIS,,BRA,0.0,anchorage_overrides,,,,,,0,,,0,,,BRA
Only in scratch_amanda,95273e47,-27.57527518313974,-48.42128080954359,FLORIANOPOLIS,,BRA,0.0,anchorage_overrides,,,,,,0,,,0,,,BRA
Only in scratch_amanda,95273e4b,-27.565633365454932,-48.42128080954359,FLORIANOPOLIS,,BRA,0.0,anchorage_overrides,,,,,,0,,,0,,,BRA
Only in scratch_amanda,95273e49,-27.57045431880951,-48.42128080954359,FLORIANOPOLIS,,BRA,0.0,anchorage_overrides,,,,,,0,,,0,,,BRA
Only in scratch_amanda,95272423,-27.777958328096727,-48.50122062717168,FLORIANOPOLIS,,BRA,0.0,anchorage_overrides,,,,,,0,,,0,,,BRA
Only in scratch_amanda,95273ef3,-27.589183503554555,-48.446249541981,FLORIANOPOLIS,,BRA,0.0,anchorage_overrides,,,,,,0,,,0,,,BRA
Only in scratch_amanda,95273e45,-27.577092626964163,-48.42627364935995,FLORIANOPOLIS,,BRA,0.0,anchorage_overrides,,,,,,0,,,0,,,BRA
Only in scratch_amanda,95272429,-27.786427280802965,-48.511221256878294,FLORIANOPOLIS,,BRA,0.0,anchorage_overrides,,,,,,0,,,0,,,BRA
Only in scratch_amanda,95273ef7,-27.58254451566569,-48.44125488891166,FLORIANOPOLIS,,BRA,0.0,anchorage_overrides,,,,,,0,,,0,,,BRA
Only in scratch_amanda,952737f3,-27.594159725666625,-48.5662570725529,FLORIANOPOLIS,,BRA,0.0,anchorage_overrides,,,,,,0,,,0,,,BRA
Only in scratch_amanda,952725cd,-27.78043153851733,-48.52122369704867,FLORIANOPOLIS,,BRA,0.0,anchorage_overrides,,,,,,0,,,0,,,BRA
Only in scratch_amanda,95272431,-27.776784603060378,-48.51122125687829,FLORIANOPOLIS,,BRA,0.0,anchorage_overrides,,,,,,0,,,0,,,BRA
Only in scratch_amanda,9527242d,-27.783429705062403,-48.5162222506782,FLORIANOPOLIS,,BRA,0.0,anchorage_overrides,,,,,,0,,,0,,,BRA
Only in scratch_amanda,95273791,-27.605628990529713,-48.57126304212454,FLORIANOPOLIS,,BRA,0.0,anchorage_overrides,,,,,,0,,,0,,,BRA
Only in scratch_amanda,9527269b,-27.794245159695834,-48.506220715694354,FLORIANOPOLIS,,BRA,0.0,anchorage_overrides,,,,,,0,,,0,,,BRA
Only in scratch_amanda,95273e51,-27.574088706799955,-48.431266942556505,FLORIANOPOLIS,,BRA,0.0,anchorage_overrides,,,,,,0,,,0,,,BRA
Only in scratch_amanda,95273e57,-27.57590579014431,-48.43626068908862,FLORIANOPOLIS,,BRA,0.0,anchorage_overrides,,,,,,0,,,0,,,BRA
Only in scratch_amanda,95272685,-27.796069583185243,-48.511221256878294,FLORIANOPOLIS,,BRA,0.0,anchorage_overrides,,,,,,0,,,0,,,BRA
Only in scratch_amanda,95273793,-27.60080129684904,-48.57126304212454,FLORIANOPOLIS,,BRA,0.0,anchorage_overrides,,,,,,0,,,0,,,BRA
Only in scratch_amanda,95273ef9,-27.577722799617455,-48.44125488891166,FLORIANOPOLIS,,BRA,0.0,anchorage_overrides,,,,,,0,,,0,,,BRA
Only in scratch_amanda,95272699,-27.79242066011265,-48.50122062717168,FLORIANOPOLIS,,BRA,0.0,anchorage_overrides,,,,,,0,,,0,,,BRA
Only in scratch_amanda,9527269f,-27.787599976569368,-48.50122062717168,FLORIANOPOLIS,,BRA,0.0,anchorage_overrides,,,,,,0,,,0,,,BRA
Only in scratch_amanda,952737eb,-27.59778722449171,-48.57626946376481,FLORIANOPOLIS,,BRA,0.0,anchorage_overrides,,,,,,0,,,0,,,BRA
Only in scratch_amanda,95273e4d,-27.567450383280818,-48.42627364935995,FLORIANOPOLIS,,BRA,0.0,anchorage_overrides,,,,,,0,,,0,,,BRA
Only in scratch_amanda,9527381f,-27.59053192391002,-48.55624648979892,FLORIANOPOLIS,,BRA,0.0,anchorage_overrides,,,,,,0,,,0,,,BRA
Only in scratch_amanda,95273e61,-27.590370031652576,-48.43626068908861,FLORIANOPOLIS,,BRA,0.0,anchorage_overrides,,,,,,0,,,0,,,BRA
Only in scratch_amanda,95273827,-27.60018612652224,-48.55624648979892,FLORIANOPOLIS,,BRA,0.0,anchorage_overrides,,,,,,0,,,0,,,BRA
Only in scratch_amanda,952737e9,-27.592959138029087,-48.57626946376482,FLORIANOPOLIS,,BRA,0.0,anchorage_overrides,,,,,,0,,,0,,,BRA
Only in scratch_amanda,95273e53,-27.569267327419475,-48.431266942556505,FLORIANOPOLIS,,BRA,0.0,anchorage_overrides,,,,,,0,,,0,,,BRA
Only in scratch_amanda,95273e8b,-27.592187679621727,-48.44125488891166,FLORIANOPOLIS,,BRA,0.0,anchorage_overrides,,,,,,0,,,0,,,BRA
Only in scratch_amanda,95272433,-27.77860810885752,-48.51622225067821,FLORIANOPOLIS,,BRA,0.0,anchorage_overrides,,,,,,0,,,0,,,BRA
Only in scratch_amanda,952737f5,-27.592345862615662,-48.56125155509574,FLORIANOPOLIS,,BRA,0.0,anchorage_overrides,,,,,,0,,,0,,,BRA
Only in scratch_amanda,95273e5f,-27.58554870717476,-48.43626068908861,FLORIANOPOLIS,,BRA,0.0,anchorage_overrides,,,,,,0,,,0,,,BRA
Only in scratch_amanda,952725d3,-27.78525334515753,-48.52122369704867,FLORIANOPOLIS,,BRA,0.0,anchorage_overrides,,,,,,0,,,0,,,BRA
Only in scratch_amanda,95273e67,-27.588552309728023,-48.431266942556505,FLORIANOPOLIS,,BRA,0.0,anchorage_overrides,,,,,,0,,,0,,,BRA
Only in scratch_amanda,9527243b,-27.774961021204287,-48.506220715694354,FLORIANOPOLIS,,BRA,0.0,anchorage_overrides,,,,,,0,,,0,,,BRA
Only in scratch_amanda,952737ef,-27.59114563903763,-48.57126304212454,FLORIANOPOLIS,,BRA,0.0,anchorage_overrides,,,,,,0,,,0,,,BRA
Only in scratch_amanda,95272681,-27.793072615985047,-48.51622225067821,FLORIANOPOLIS,,BRA,0.0,anchorage_overrides,,,,,,0,,,0,,,BRA
Only in scratch_amanda,95273ef5,-27.58736614236733,-48.44125488891166,FLORIANOPOLIS,,BRA,0.0,anchorage_overrides,,,,,,0,,,0,,,BRA
Only in scratch_amanda,9527242f,-27.78160598880162,-48.51122125687829,FLORIANOPOLIS,,BRA,0.0,anchorage_overrides,,,,,,0,,,0,,,BRA
Only in scratch_amanda,95272427,-27.78460327801872,-48.50622071569435,FLORIANOPOLIS,,BRA,0.0,anchorage_overrides,,,,,,0,,,0,,,BRA
Only in scratch_amanda,952737ed,-27.595973512984703,-48.57126304212454,FLORIANOPOLIS,,BRA,0.0,anchorage_overrides,,,,,,0,,,0,,,BRA
Only in scratch_amanda,95273e65,-27.59337333196421,-48.431266942556505,FLORIANOPOLIS,,BRA,0.0,anchorage_overrides,,,,,,0,,,0,,,BRA
Only in scratch_amanda,95272425,-27.77978219645358,-48.50622071569435,FLORIANOPOLIS,,BRA,0.0,anchorage_overrides,,,,,,0,,,0,,,BRA
Only in scratch_amanda,07c747e7,-3.718622173472191,-38.477107156874645,FORTALEZA,,BRA,0.0,anchorage_overrides,,,,,,0,,,0,,,BRA
Only in scratch_amanda,07c747dd,-3.7226848004371593,-38.477107156874645,FORTALEZA,,BRA,0.0,anchorage_overrides,,,,,,0,,,0,,,BRA
Only in scratch_amanda,07c747c5,-3.727018831965254,-38.47184987708704,FORTALEZA,,BRA,0.0,anchorage_overrides,,,,,,0,,,0,,,BRA
Only in scratch_amanda,07c747e1,-3.718351752790032,-38.48236401876136,FORTALEZA,,BRA,0.0,anchorage_overrides,,,,,,0,,,0,,,BRA
Only in scratch_amanda,07c74875,-3.722143361641108,-38.487620462673874,FORTALEZA,,BRA,0.0,anchorage_overrides,,,,,,0,,,0,,,BRA
Only in scratch_amanda,07c747e9,-3.7188925842667024,-38.47184987708704,FORTALEZA,,BRA,0.0,anchorage_overrides,,,,,,0,,,0,,,BRA
Only in scratch_amanda,07c747e3,-3.7142898258473793,-38.48236401876136,FORTALEZA,,BRA,0.0,anchorage_overrides,,,,,,0,,,0,,,BRA
Only in scratch_amanda,07c747eb,-3.719162985160073,-38.466592179472066,FORTALEZA,,BRA,0.0,anchorage_overrides,,,,,,0,,,0,,,BRA
Only in scratch_amanda,07c747ed,-3.715100177002831,-38.466592179472066,FORTALEZA,,BRA,0.0,anchorage_overrides,,,,,,0,,,0,,,BRA
Only in scratch_amanda,07c747db,-3.726747833622536,-38.477107156874645,FORTALEZA,,BRA,0.0,anchorage_overrides,,,,,,0,,,0,,,BRA
Only in scratch_amanda,07c7480b,-3.718081322233715,-38.487620462673874,FORTALEZA,,BRA,0.0,anchorage_overrides,,,,,,0,,,0,,,BRA
Only in scratch_amanda,07c747c1,-3.7232261996382015,-38.466592179472066,FORTALEZA,,BRA,0.0,anchorage_overrides,,,,,,0,,,0,,,BRA
Only in scratch_amanda,07c747ef,-3.714830069836546,-38.47184987708704,FORTALEZA,,BRA,0.0,anchorage_overrides,,,,,,0,,,0,,,BRA
Only in scratch_amanda,07c747df,-3.7224140859817574,-38.48236401876136,FORTALEZA,,BRA,0.0,anchorage_overrides,,,,,,0,,,0,,,BRA
Only in scratch_amanda,07c74809,-3.714019689051452,-38.48762046267388,FORTALEZA,,BRA,0.0,anchorage_overrides,,,,,,0,,,0,,,BRA
Only in scratch_amanda,07c747d9,-3.72647682536996,-38.48236401876136,FORTALEZA,,BRA,0.0,anchorage_overrides,,,,,,0,,,0,,,BRA
Only in scratch_amanda,07c747c3,-3.722955504993811,-38.47184987708704,FORTALEZA,,BRA,0.0,anchorage_overrides,,,,,,0,,,0,,,BRA
Only in scratch_amanda,31a16805,9.04274953,105.4133231,GANH HAO FISHING PORT,,VNM,0.0,anchorage_overrides,,,,,,0,,,0,,,VNM
Only in scratch_amanda,9526d175,-28.019493499145955,-48.621347594027014,GAROPABA,,BRA,0.0,anchorage_overrides,,,,,,0,,,0,,,BRA
Only in scratch_amanda,9526d1a7,-28.0206536263135,-48.61132706930704,GAROPABA,,BRA,0.0,anchorage_overrides,,,,,,0,,,0,,,BRA
Only in scratch_amanda,9526d1a3,-28.027306197374916,-48.6163371058401,GAROPABA,,BRA,0.0,anchorage_overrides,,,,,,0,,,0,,,BRA
Only in scratch_amanda,9526d16d,-28.009849332964535,-48.621347594027014,GAROPABA,,BRA,0.0,anchorage_overrides,,,,,,0,,,0,,,BRA
Only in scratch_amanda,9526d1a5,-28.025475046733717,-48.61132706930704,GAROPABA,,BRA,0.0,anchorage_overrides,,,,,,0,,,0,,,BRA
Only in scratch_amanda,9526d173,-28.014671465539813,-48.621347594027014,GAROPABA,,BRA,0.0,anchorage_overrides,,,,,,0,,,0,,,BRA
Only in scratch_amanda,9526d19f,-28.024315433683245,-48.621347594027014,GAROPABA,,BRA,0.0,anchorage_overrides,,,,,,0,,,0,,,BRA
Only in scratch_amanda,9526d1a1,-28.022484569466123,-48.6163371058401,GAROPABA,,BRA,0.0,anchorage_overrides,,,,,,0,,,0,,,BRA
Only in scratch_amanda,9526d199,-28.029137269051983,-48.621347594027014,GAROPABA,,BRA,0.0,anchorage_overrides,,,,,,0,,,0,,,BRA
Only in scratch_amanda,32f7a6a3,6.005895357,125.1325291,GENERAL SANTOS,,PHL,0.0,anchorage_overrides,,,,,,0,,,0,,,PHL
Only in scratch_amanda,32f7a5c9,5.9827,125.106,GENERAL SANTOS,,PHL,0.0,anchorage_overrides,,,,,,0,,,0,,,PHL
Only in scratch_amanda,32f7a6b3,6.022110598,125.1413733,GENERAL SANTOS,,PHL,0.0,anchorage_overrides,,,,,,0,,,0,,,PHL
Only in scratch_amanda,32f7a1dd,6.087830352,125.1543721,GENERAL SANTOS,,PHL,0.0,anchorage_overrides,,,,,,0,,,0,,,PHL
Only in scratch_amanda,32f7a58b,5.955076259,125.1003353,GENERAL SANTOS,,PHL,0.0,anchorage_overrides,,,,,,0,,,0,,,PHL
Only in scratch_amanda,32f7a16b,6.042848484,125.14433,GENERAL SANTOS,,PHL,0.0,anchorage_overrides,,,,,,0,,,0,,,PHL
Only in scratch_amanda,32f7a69f,6.005270495,125.1320968,GENERAL SANTOS,,PHL,0.0,anchorage_overrides,,,,,,0,,,0,,,PHL
Only in scratch_amanda,8fa4449f,8.6242,-83.1599,GOLFITO,,CRI,0.0,anchorage_overrides,,,,,,0,,,0,,,CRI
Only in scratch_amanda,8fa4449b,8.6269,-83.1573,GOLFITO,,CRI,0.0,anchorage_overrides,,,,,,0,,,0,,,CRI
Only in scratch_amanda,8fa44483,8.6353,-83.1649,GOLFITO,,CRI,0.0,anchorage_overrides,,,,,,0,,,0,,,CRI
Only in scratch_amanda,952759df,-27.32007118278447,-48.55624648979892,GOVERNADOR CELSO RAMOS,,BRA,0.0,anchorage_overrides,,,,,,0,,,0,,,BRA
Only in scratch_amanda,952759c5,-27.311635386487136,-48.546237715869246,GOVERNADOR CELSO RAMOS,,BRA,0.0,anchorage_overrides,,,,,,0,,,0,,,BRA
Only in scratch_amanda,95275781,-27.30254332301371,-48.56125155509574,GOVERNADOR CELSO RAMOS,,BRA,0.0,anchorage_overrides,,,,,,0,,,0,,,BRA
Only in scratch_amanda,95275777,-27.31097828026172,-48.57126304212454,GOVERNADOR CELSO RAMOS,,BRA,0.0,anchorage_overrides,,,,,,0,,,0,,,BRA
Only in scratch_amanda,95275773,-27.31761249995196,-48.57626946376482,GOVERNADOR CELSO RAMOS,,BRA,0.0,anchorage_overrides,,,,,,0,,,0,,,BRA
Only in scratch_amanda,952759d9,-27.315239072750913,-48.55624648979892,GOVERNADOR CELSO RAMOS,,BRA,0.0,anchorage_overrides,,,,,,0,,,0,,,BRA
Only in scratch_amanda,952759e9,-27.32129865947906,-48.546237715869246,GOVERNADOR CELSO RAMOS,,BRA,0.0,anchorage_overrides,,,,,,0,,,0,,,BRA
Only in scratch_amanda,95275771,-27.315811205801353,-48.57126304212454,GOVERNADOR CELSO RAMOS,,BRA,0.0,anchorage_overrides,,,,,,0,,,0,,,BRA
Only in scratch_amanda,9527577f,-27.307375901020716,-48.56125155509574,GOVERNADOR CELSO RAMOS,,BRA,0.0,anchorage_overrides,,,,,,0,,,0,,,BRA
Only in scratch_amanda,952759c1,-27.314664895370615,-48.54123400732777,GOVERNADOR CELSO RAMOS,,BRA,0.0,anchorage_overrides,,,,,,0,,,0,,,BRA
Only in scratch_amanda,952759cd,-27.301971777375645,-48.546237715869246,GOVERNADOR CELSO RAMOS,,BRA,0.0,anchorage_overrides,,,,,,0,,,0,,,BRA
Only in scratch_amanda,95275709,-27.316381292784815,-48.58628366306763,GOVERNADOR CELSO RAMOS,,BRA,0.0,anchorage_overrides,,,,,,0,,,0,,,BRA
Only in scratch_amanda,9527577d,-27.312208395036336,-48.56125155509573,GOVERNADOR CELSO RAMOS,,BRA,0.0,anchorage_overrides,,,,,,0,,,0,,,BRA
Only in scratch_amanda,95275767,-27.323675004507116,-48.5662570725529,GOVERNADOR CELSO RAMOS,,BRA,0.0,anchorage_overrides,,,,,,0,,,0,,,BRA
Only in scratch_amanda,9527570d,-27.319413719844277,-48.58127633742782,GOVERNADOR CELSO RAMOS,,BRA,0.0,anchorage_overrides,,,,,,0,,,0,,,BRA
Only in scratch_amanda,952759c3,-27.31646706504891,-48.546237715869246,GOVERNADOR CELSO RAMOS,,BRA,0.0,anchorage_overrides,,,,,,0,,,0,,,BRA
Only in scratch_amanda,95275779,-27.309177127678616,-48.5662570725529,GOVERNADOR CELSO RAMOS,,BRA,0.0,anchorage_overrides,,,,,,0,,,0,,,BRA
Only in scratch_amanda,95275763,-27.317040804958783,-48.56125155509574,GOVERNADOR CELSO RAMOS,,BRA,0.0,anchorage_overrides,,,,,,0,,,0,,,BRA
Only in scratch_amanda,952759d7,-27.310406878577428,-48.55624648979892,GOVERNADOR CELSO RAMOS,,BRA,0.0,anchorage_overrides,,,,,,0,,,0,,,BRA
Only in scratch_amanda,952759d1,-27.308605288171226,-48.55124187670816,GOVERNADOR CELSO RAMOS,,BRA,0.0,anchorage_overrides,,,,,,0,,,0,,,BRA
Only in scratch_amanda,95275761,-27.321873130686285,-48.56125155509574,GOVERNADOR CELSO RAMOS,,BRA,0.0,anchorage_overrides,,,,,,0,,,0,,,BRA
Only in scratch_amanda,952759dd,-27.31826916087943,-48.55124187670816,GOVERNADOR CELSO RAMOS,,BRA,0.0,anchorage_overrides,,,,,,0,,,0,,,BRA
Only in scratch_amanda,9527570b,-27.314580362892578,-48.58127633742782,GOVERNADOR CELSO RAMOS,,BRA,0.0,anchorage_overrides,,,,,,0,,,0,,,BRA
Only in scratch_amanda,95275783,-27.3043443338406,-48.5662570725529,GOVERNADOR CELSO RAMOS,,BRA,0.0,anchorage_overrides,,,,,,0,,,0,,,BRA
Only in scratch_amanda,952759c7,-27.30983343258668,-48.54123400732777,GOVERNADOR CELSO RAMOS,,BRA,0.0,anchorage_overrides,,,,,,0,,,0,,,BRA
Only in scratch_amanda,9527576f,-27.32064404713778,-48.57126304212455,GOVERNADOR CELSO RAMOS,,BRA,0.0,anchorage_overrides,,,,,,0,,,0,,,BRA
Only in scratch_amanda,952759e7,-27.323100971004436,-48.55124187670816,GOVERNADOR CELSO RAMOS,,BRA,0.0,anchorage_overrides,,,,,,0,,,0,,,BRA
Only in scratch_amanda,952759d3,-27.303773225791502,-48.55124187670816,GOVERNADOR CELSO RAMOS,,BRA,0.0,anchorage_overrides,,,,,,0,,,0,,,BRA
Only in scratch_amanda,952757a7,-27.311547635902627,-48.58628366306763,GOVERNADOR CELSO RAMOS,,BRA,0.0,anchorage_overrides,,,,,,0,,,0,,,BRA
Only in scratch_amanda,952759cf,-27.30680362389547,-48.546237715869246,GOVERNADOR CELSO RAMOS,,BRA,0.0,anchorage_overrides,,,,,,0,,,0,,,BRA
Only in scratch_amanda,9527577b,-27.31400983747023,-48.566257072552915,GOVERNADOR CELSO RAMOS,,BRA,0.0,anchorage_overrides,,,,,,0,,,0,,,BRA
Only in scratch_amanda,9527576d,-27.322445556953387,-48.57626946376482,GOVERNADOR CELSO RAMOS,,BRA,0.0,anchorage_overrides,,,,,,0,,,0,,,BRA
Only in scratch_amanda,95275765,-27.318842463113665,-48.5662570725529,GOVERNADOR CELSO RAMOS,,BRA,0.0,anchorage_overrides,,,,,,0,,,0,,,BRA
Only in scratch_amanda,95275775,-27.3127793586923,-48.57626946376482,GOVERNADOR CELSO RAMOS,,BRA,0.0,anchorage_overrides,,,,,,0,,,0,,,BRA
Only in scratch_amanda,952759d5,-27.305574600365777,-48.55624648979891,GOVERNADOR CELSO RAMOS,,BRA,0.0,anchorage_overrides,,,,,,0,,,0,,,BRA
Only in scratch_amanda,952759db,-27.313437266567785,-48.55124187670817,GOVERNADOR CELSO RAMOS,,BRA,0.0,anchorage_overrides,,,,,,0,,,0,,,BRA
Only in scratch_amanda,9527582b,-27.30074223821775,-48.55624648979892,GOVERNADOR CELSO RAMOS,,BRA,0.0,anchorage_overrides,,,,,,0,,,0,,,BRA
Only in scratch_amanda,952759e1,-27.32490320857636,-48.55624648979893,GOVERNADOR CELSO RAMOS,,BRA,0.0,anchorage_overrides,,,,,,0,,,0,,,BRA
Only in scratch_amanda,9622e61d,-41.80925,-74.03575,GUABUN,,CHL,0.0,anchorage_overrides,,,,,,0,,,0,,,CHL
Only in scratch_amanda,9691d979,-30.1941,-71.4308638888889,GUANAQUEROS,,CHL,0.0,anchorage_overrides,,,,,,0,,,0,,,CHL
Only in scratch_amanda,00b857c7,-20.678906989573015,-40.49999416693595,GUARAPARI,,BRA,0.0,anchorage_overrides,,,,,,0,,,0,,,BRA
Only in scratch_amanda,00b857a9,-20.65788758159346,-40.5050824975049,GUARAPARI,,BRA,0.0,anchorage_overrides,,,,,,0,,,0,,,BRA
Only in scratch_amanda,00b85799,-20.667088308516856,-40.48981617730695,GUARAPARI,,BRA,0.0,anchorage_overrides,,,,,,0,,,0,,,BRA
Only in scratch_amanda,00b857c9,-20.677471122741753,-40.5050824975049,GUARAPARI,,BRA,0.0,anchorage_overrides,,,,,,0,,,0,,,BRA
Only in scratch_amanda,00b857bd,-20.67054979260554,-40.494905393518515,GUARAPARI,,BRA,0.0,anchorage_overrides,,,,,,0,,,0,,,BRA
Only in scratch_amanda,00b857a1,-20.660757032978108,-40.494905393518515,GUARAPARI,,BRA,0.0,anchorage_overrides,,,,,,0,,,0,,,BRA
Only in scratch_amanda,00b85635,-20.67459923480843,-40.51525782987982,GUARAPARI,,BRA,0.0,anchorage_overrides,,,,,,0,,,0,,,BRA
Only in scratch_amanda,00b857af,-20.662783371960693,-40.5050824975049,GUARAPARI,,BRA,0.0,anchorage_overrides,,,,,,0,,,0,,,BRA
Only in scratch_amanda,00b8564d,-20.664808453159225,-40.51525782987983,GUARAPARI,,BRA,0.0,anchorage_overrides,,,,,,0,,,0,,,BRA
Only in scratch_amanda,00b857bb,-20.6691145348778,-40.49999416693595,GUARAPARI,,BRA,0.0,anchorage_overrides,,,,,,0,,,0,,,BRA
Only in scratch_amanda,00b85649,-20.668268070276607,-40.520344831577205,GUARAPARI,,BRA,0.0,anchorage_overrides,,,,,,0,,,0,,,BRA
Only in scratch_amanda,00b857cb,-20.676035204465133,-40.510170385170966,GUARAPARI,,BRA,0.0,anchorage_overrides,,,,,,0,,,0,,,BRA
Only in scratch_amanda,00b8579f,-20.66219168147291,-40.48981617730695,GUARAPARI,,BRA,0.0,anchorage_overrides,,,,,,0,,,0,,,BRA
Only in scratch_amanda,00b857a7,-20.659322332996535,-40.49999416693595,GUARAPARI,,BRA,0.0,anchorage_overrides,,,,,,0,,,0,,,BRA
Only in scratch_amanda,00b857a5,-20.664218402278287,-40.49999416693595,GUARAPARI,,BRA,0.0,anchorage_overrides,,,,,,0,,,0,,,BRA
Only in scratch_amanda,00b857b1,-20.667679225683983,-40.5050824975049,GUARAPARI,,BRA,0.0,anchorage_overrides,,,,,,0,,,0,,,BRA
Only in scratch_amanda,00b85653,-20.659913157255172,-40.51525782987982,GUARAPARI,,BRA,0.0,anchorage_overrides,,,,,,0,,,0,,,BRA
Only in scratch_amanda,00b857b9,-20.6740107306808,-40.49999416693595,GUARAPARI,,BRA,0.0,anchorage_overrides,,,,,,0,,,0,,,BRA
Only in scratch_amanda,00b857ad,-20.661348290264566,-40.510170385170966,GUARAPARI,,BRA,0.0,anchorage_overrides,,,,,,0,,,0,,,BRA
Only in scratch_amanda,00b857b3,-20.66624386508937,-40.51017038517096,GUARAPARI,,BRA,0.0,anchorage_overrides,,,,,,0,,,0,,,BRA
Only in scratch_amanda,00b857a3,-20.665653381152104,-40.494905393518515,GUARAPARI,,BRA,0.0,anchorage_overrides,,,,,,0,,,0,,,BRA
Only in scratch_amanda,00b8564b,-20.669703812381712,-40.51525782987983,GUARAPARI,,BRA,0.0,anchorage_overrides,,,,,,0,,,0,,,BRA
Only in scratch_amanda,00b857bf,-20.675446267224135,-40.494905393518515,GUARAPARI,,BRA,0.0,anchorage_overrides,,,,,,0,,,0,,,BRA
Only in scratch_amanda,00b857b5,-20.671139503194304,-40.510170385170966,GUARAPARI,,BRA,0.0,anchorage_overrides,,,,,,0,,,0,,,BRA
Only in scratch_amanda,00b857b7,-20.672575142649087,-40.5050824975049,GUARAPARI,,BRA,0.0,anchorage_overrides,,,,,,0,,,0,,,BRA
Only in scratch_amanda,94db0a3f,-25.30624268530466,-48.33647194282318,GUARAQUECABA,,BRA,0.0,anchorage_overrides,,,,,,0,,,0,,,BRA
Only in scratch_amanda,94db0a3d,-25.30452854392381,-48.3314872714239,GUARAQUECABA,,BRA,0.0,anchorage_overrides,,,,,,0,,,0,,,BRA
Only in scratch_amanda,94db0a19,-25.307660875529628,-48.32650305424346,GUARAQUECABA,,BRA,0.0,anchorage_overrides,,,,,,0,,,0,,,BRA
Only in scratch_amanda,94db0a25,-25.297967769726483,-48.32650305424346,GUARAQUECABA,,BRA,0.0,anchorage_overrides,,,,,,0,,,0,,,BRA
Only in scratch_amanda,94db0a3b,-25.299681732772225,-48.331487271423896,GUARAQUECABA,,BRA,0.0,anchorage_overrides,,,,,,0,,,0,,,BRA
Only in scratch_amanda,94db0a35,-25.291701417085836,-48.33647194282318,GUARAQUECABA,,BRA,0.0,anchorage_overrides,,,,,,0,,,0,,,BRA
Only in scratch_amanda,94db0a2f,-25.293121156721348,-48.32650305424346,GUARAQUECABA,,BRA,0.0,anchorage_overrides,,,,,,0,,,0,,,BRA
Only in scratch_amanda,94db09f5,-25.30423181750345,-48.31653598271396,GUARAQUECABA,,BRA,0.0,anchorage_overrides,,,,,,0,,,0,,,BRA
Only in scratch_amanda,94db0a49,-25.298262151710453,-48.34145706839763,GUARAQUECABA,,BRA,0.0,anchorage_overrides,,,,,,0,,,0,,,BRA
Only in scratch_amanda,94db0989,-25.294539664472488,-48.31653598271395,GUARAQUECABA,,BRA,0.0,anchorage_overrides,,,,,,0,,,0,,,BRA
Only in scratch_amanda,94db0a1d,-25.31079263085988,-48.32151929132562,GUARAQUECABA,,BRA,0.0,anchorage_overrides,,,,,,0,,,0,,,BRA
Only in scratch_amanda,94db0a41,-25.307956766766672,-48.34145706839763,GUARAQUECABA,,BRA,0.0,anchorage_overrides,,,,,,0,,,0,,,BRA
Only in scratch_amanda,94db0a29,-25.29140737218691,-48.321519291325615,GUARAQUECABA,,BRA,0.0,anchorage_overrides,,,,,,0,,,0,,,BRA
Only in scratch_amanda,94db0a31,-25.29483488153598,-48.331487271423896,GUARAQUECABA,,BRA,0.0,anchorage_overrides,,,,,,0,,,0,,,BRA
Only in scratch_amanda,94db0a47,-25.303109479331933,-48.34145706839763,GUARAQUECABA,,BRA,0.0,anchorage_overrides,,,,,,0,,,0,,,BRA
Only in scratch_amanda,94db0a39,-25.30139563599866,-48.33647194282318,GUARAQUECABA,,BRA,0.0,anchorage_overrides,,,,,,0,,,0,,,BRA
Only in scratch_amanda,94db0a27,-25.296253746935292,-48.32151929132562,GUARAQUECABA,,BRA,0.0,anchorage_overrides,,,,,,0,,,0,,,BRA
Only in scratch_amanda,94db0a17,-25.309375314884488,-48.331487271423896,GUARAQUECABA,,BRA,0.0,anchorage_overrides,,,,,,0,,,0,,,BRA
Only in scratch_amanda,94db098b,-25.29938576100687,-48.31653598271396,GUARAQUECABA,,BRA,0.0,anchorage_overrides,,,,,,0,,,0,,,BRA
Only in scratch_amanda,94db0a1f,-25.305946376377996,-48.32151929132562,GUARAQUECABA,,BRA,0.0,anchorage_overrides,,,,,,0,,,0,,,BRA
Only in scratch_amanda,94db0a4b,-25.29341478400852,-48.34145706839763,GUARAQUECABA,,BRA,0.0,anchorage_overrides,,,,,,0,,,0,,,BRA
Only in scratch_amanda,94db0a15,-25.311089694368704,-48.33647194282318,GUARAQUECABA,,BRA,0.0,anchorage_overrides,,,,,,0,,,0,,,BRA
Only in scratch_amanda,94db09f7,-25.309077833856012,-48.31653598271396,GUARAQUECABA,,BRA,0.0,anchorage_overrides,,,,,,0,,,0,,,BRA
Only in scratch_amanda,94db0a1b,-25.312507368115167,-48.32650305424345,GUARAQUECABA,,BRA,0.0,anchorage_overrides,,,,,,0,,,0,,,BRA
Only in scratch_amanda,94db0a37,-25.296548546556956,-48.33647194282318,GUARAQUECABA,,BRA,0.0,anchorage_overrides,,,,,,0,,,0,,,BRA
Only in scratch_amanda,94db0a2d,-25.288274503788813,-48.32650305424346,GUARAQUECABA,,BRA,0.0,anchorage_overrides,,,,,,0,,,0,,,BRA
Only in scratch_amanda,94db0a2b,-25.286560957562152,-48.321519291325615,GUARAQUECABA,,BRA,0.0,anchorage_overrides,,,,,,0,,,0,,,BRA
Only in scratch_amanda,94db0a21,-25.301100081701065,-48.321519291325615,GUARAQUECABA,,BRA,0.0,anchorage_overrides,,,,,,0,,,0,,,BRA
Only in scratch_amanda,94db0a23,-25.302814342697992,-48.32650305424346,GUARAQUECABA,,BRA,0.0,anchorage_overrides,,,,,,0,,,0,,,BRA
Only in scratch_amanda,94dbf00f,-25.86747327053575,-48.57126304212454,GUARATUBA,,BRA,0.0,anchorage_overrides,,,,,,0,,,0,,,BRA
Only in scratch_amanda,94dbf081,-25.88273337213481,-48.60130835138759,GUARATUBA,,BRA,0.0,anchorage_overrides,,,,,,0,,,0,,,BRA
Only in scratch_amanda,94dbf067,-25.864701537646447,-48.59129144063823,GUARATUBA,,BRA,0.0,anchorage_overrides,,,,,,0,,,0,,,BRA
Only in scratch_amanda,94dbfaa1,-25.878914905187088,-48.57626946376482,GUARATUBA,,BRA,0.0,anchorage_overrides,,,,,,0,,,0,,,BRA
Only in scratch_amanda,94dbfa9d,-25.882384394298995,-48.58628366306763,GUARATUBA,,BRA,0.0,anchorage_overrides,,,,,,0,,,0,,,BRA
Only in scratch_amanda,94dbf061,-25.86643518983619,-48.596299670093565,GUARATUBA,,BRA,0.0,anchorage_overrides,,,,,,0,,,0,,,BRA
Only in scratch_amanda,94dbf00b,-25.874061304720495,-48.57626946376481,GUARATUBA,,BRA,0.0,anchorage_overrides,,,,,,0,,,0,,,BRA
Only in scratch_amanda,94dbf07d,-25.876144510890025,-48.596299670093565,GUARATUBA,,BRA,0.0,anchorage_overrides,,,,,,0,,,0,,,BRA
Only in scratch_amanda,94dbf065,-25.869555993104544,-48.59129144063823,GUARATUBA,,BRA,0.0,anchorage_overrides,,,,,,0,,,0,,,BRA
Only in scratch_amanda,94dbf091,-25.876491130302067,-48.611327069307045,GUARATUBA,,BRA,0.0,anchorage_overrides,,,,,,0,,,0,,,BRA
Only in scratch_amanda,94dbf06f,-25.867822042899427,-48.58628366306764,GUARATUBA,,BRA,0.0,anchorage_overrides,,,,,,0,,,0,,,BRA
Only in scratch_amanda,94dbf071,-25.872676213388033,-48.58628366306763,GUARATUBA,,BRA,0.0,anchorage_overrides,,,,,,0,,,0,,,BRA
Only in scratch_amanda,94dbfa9f,-25.88064968285119,-48.58127633742782,GUARATUBA,,BRA,0.0,anchorage_overrides,,,,,,0,,,0,,,BRA
Only in scratch_amanda,94dbf07b,-25.874410395295843,-48.59129144063823,GUARATUBA,,BRA,0.0,anchorage_overrides,,,,,,0,,,0,,,BRA
Only in scratch_amanda,94dbf07f,-25.880999091332512,-48.59629967009358,GUARATUBA,,BRA,0.0,anchorage_overrides,,,,,,0,,,0,,,BRA
Only in scratch_amanda,94dbfa81,-25.885853618244425,-48.596299670093565,GUARATUBA,,BRA,0.0,anchorage_overrides,,,,,,0,,,0,,,BRA
Only in scratch_amanda,94dbf0ed,-25.86678031250826,-48.61132706930704,GUARATUBA,,BRA,0.0,anchorage_overrides,,,,,,0,,,0,,,BRA
Only in scratch_amanda,94dbf063,-25.871289877022665,-48.596299670093565,GUARATUBA,,BRA,0.0,anchorage_overrides,,,,,,0,,,0,,,BRA
Only in scratch_amanda,94dbf073,-25.870941965241887,-48.58127633742782,GUARATUBA,,BRA,0.0,anchorage_overrides,,,,,,0,,,0,,,BRA
Only in scratch_amanda,94dbf089,-25.87302369457851,-48.601308351387594,GUARATUBA,,BRA,0.0,anchorage_overrides,,,,,,0,,,0,,,BRA
Only in scratch_amanda,94dbf009,-25.87232669259329,-48.57126304212454,GUARATUBA,,BRA,0.0,anchorage_overrides,,,,,,0,,,0,,,BRA
Only in scratch_amanda,94dbf09b,-25.881346459037633,-48.61132706930704,GUARATUBA,,BRA,0.0,anchorage_overrides,,,,,,0,,,0,,,BRA
Only in scratch_amanda,94dbf077,-25.877530330556453,-48.58628366306764,GUARATUBA,,BRA,0.0,anchorage_overrides,,,,,,0,,,0,,,BRA
Only in scratch_amanda,94dbf079,-25.879264744114625,-48.59129144063823,GUARATUBA,,BRA,0.0,anchorage_overrides,,,,,,0,,,0,,,BRA
Only in scratch_amanda,94dbf0f5,-25.863313803536364,-48.601308351387594,GUARATUBA,,BRA,0.0,anchorage_overrides,,,,,,0,,,0,,,BRA
Only in scratch_amanda,94dbf00d,-25.869207650932704,-48.57626946376481,GUARATUBA,,BRA,0.0,anchorage_overrides,,,,,,0,,,0,,,BRA
Only in scratch_amanda,94dbf08f,-25.874757445696748,-48.60631748447415,GUARATUBA,,BRA,0.0,anchorage_overrides,,,,,,0,,,0,,,BRA
Only in scratch_amanda,94dbf085,-25.87961254283624,-48.606317484474154,GUARATUBA,,BRA,0.0,anchorage_overrides,,,,,,0,,,0,,,BRA
Only in scratch_amanda,94dbf087,-25.877878560095265,-48.601308351387594,GUARATUBA,,BRA,0.0,anchorage_overrides,,,,,,0,,,0,,,BRA
Only in scratch_amanda,94dbf08d,-25.869902295133446,-48.60631748447415,GUARATUBA,,BRA,0.0,anchorage_overrides,,,,,,0,,,0,,,BRA
Only in scratch_amanda,94dbfa83,-25.884119039455175,-48.59129144063823,GUARATUBA,,BRA,0.0,anchorage_overrides,,,,,,0,,,0,,,BRA
Only in scratch_amanda,94dbf093,-25.871635748090352,-48.61132706930703,GUARATUBA,,BRA,0.0,anchorage_overrides,,,,,,0,,,0,,,BRA
Only in scratch_amanda,94dbf08b,-25.86816877569029,-48.601308351387594,GUARATUBA,,BRA,0.0,anchorage_overrides,,,,,,0,,,0,,,BRA
Only in scratch_amanda,94dbf083,-25.884467586446167,-48.60631748447415,GUARATUBA,,BRA,0.0,anchorage_overrides,,,,,,0,,,0,,,BRA
Only in scratch_amanda,94dbf0f3,-25.865047091252105,-48.60631748447415,GUARATUBA,,BRA,0.0,anchorage_overrides,,,,,,0,,,0,,,BRA
Only in scratch_amanda,94dbf06d,-25.866088026482615,-48.58127633742782,GUARATUBA,,BRA,0.0,anchorage_overrides,,,,,,0,,,0,,,BRA
Only in scratch_amanda,94dbf013,-25.864353943929395,-48.57626946376482,GUARATUBA,,BRA,0.0,anchorage_overrides,,,,,,0,,,0,,,BRA
Only in scratch_amanda,94dbf075,-25.875795850733308,-48.58127633742782,GUARATUBA,,BRA,0.0,anchorage_overrides,,,,,,0,,,0,,,BRA
Only in scratch_amanda,94dbfaa7,-25.87718006138196,-48.57126304212454,GUARATUBA,,BRA,0.0,anchorage_overrides,,,,,,0,,,0,,,BRA
Only in scratch_amanda,9691c8ef,-29.96745,-71.35058333333333,GUAYACAN,,CHL,0.0,anchorage_overrides,,,,,,0,,,0,,,CHL
Only in scratch_amanda,3137aa8d,19.58316359,105.804576,HAI CHAU FISHING PORT,,VNM,0.0,anchorage_overrides,,,,,,0,,,0,,,VNM
Only in scratch_amanda,9689c2cd,-32.92999722222222,-71.53869999999999,HIGUERILLAS,,CHL,0.0,anchorage_overrides,,,,,,0,,,0,,,CHL
Only in scratch_amanda,31a3e24b,8.8311821,105.2892822,HO GUI FISHING PORT,,VNM,0.0,anchorage_overrides,,,,,,0,,,0,,,VNM
Only in scratch_amanda,31365c9d,19.8895775,105.9368998,HOA LOC FISHING PORT,,VNM,0.0,anchorage_overrides,,,,,,0,,,0,,,VNM
Only in scratch_amanda,317060ad,12.19986398,109.196996,HON RO FISHING PORT,,VNM,0.0,anchorage_overrides,,,,,,0,,,0,,,VNM
Only in scratch_amanda,9691a957,-29.622558333333338,-71.28865277777777,HORNOS,,CHL,0.0,anchorage_overrides,,,,,,0,,,0,,,CHL
Only in scratch_amanda,9947f207,-27.12712777777778,-109.27595277777776,HOTU ITI,,CHL,0.0,anchorage_overrides,,,,,,0,,,0,,,CHL
Only in scratch_amanda,9106df0f,-11.117234647580103,-77.61850189155149,HUACHO,,PER,0.0,anchorage_overrides,,,,,,0,,,0,,,PER
Only in scratch_amanda,963d4a05,-41.32833333333333,-73.83194444444445,HUAHUAR,,CHL,0.0,anchorage_overrides,,,,,,0,,,0,,,CHL
Only in scratch_amanda,961902c9,-41.999158333333334,-72.68405555555556,HUALAIHUE ESTERO,,CHL,0.0,anchorage_overrides,,,,,,0,,,0,,,CHL
Only in scratch_amanda,96bca71f,-25.888716666666667,-70.69040555555556,HUANILLO,,CHL,0.0,anchorage_overrides,,,,,,0,,,0,,,CHL
Only in scratch_amanda,963e1d1f,-39.90675833333333,-73.50871111111111,HUAPE,,CHL,0.0,anchorage_overrides,,,,,,0,,,0,,,CHL
Only in scratch_amanda,91aa16f5,-10.094277553787885,-78.17414313522727,HUARNEY,,PER,0.0,anchorage_overrides,,,,,,0,,,0,,,PER
Only in scratch_amanda,9622813f,-41.92597222222222,-73.5375,HUELDEN,,CHL,0.0,anchorage_overrides,,,,,,0,,,0,,,CHL
Only in scratch_amanda,963d9f2f,-40.69847222222222,-73.80536111111111,HUELLELHUE,,CHL,0.0,anchorage_overrides,,,,,,0,,,0,,,CHL
Only in scratch_amanda,968eca6d,-31.647269444444444,-71.55758333333333,HUENTELAUQUEN,,CHL,0.0,anchorage_overrides,,,,,,0,,,0,,,CHL
Only in scratch_amanda,9641d7ef,-37.98818611111111,-73.47777222222223,HUENTELOLEN,,CHL,0.0,anchorage_overrides,,,,,,0,,,0,,,CHL
Only in scratch_amanda,9618d8c9,-42.25002222222222,-72.73874166666667,HUEQUI,,CHL,0.0,anchorage_overrides,,,,,,0,,,0,,,CHL
Only in scratch_amanda,962291e5,-41.84805555555556,-73.73438888888889,HUICHA,,CHL,0.0,anchorage_overrides,,,,,,0,,,0,,,CHL
Only in scratch_amanda,963de329,-40.15636666666666,-73.66236666666667,HUICOLLA,,CHL,0.0,anchorage_overrides,,,,,,0,,,0,,,CHL
Only in scratch_amanda,9621d0ad,-43.06258333333333,-73.56252777777777,HUILDAD,,CHL,0.0,anchorage_overrides,,,,,,0,,,0,,,CHL
Only in scratch_amanda,963e0ffb,-39.96275555555556,-73.66297777777778,HUIRO,,CHL,0.0,anchorage_overrides,,,,,,0,,,0,,,CHL
Only in scratch_amanda,3175741b,10.42173312,107.2128217,HUNG THAI FISHERIES LOGISTICS PORT,,VNM,0.0,anchorage_overrides,,,,,,0,,,0,,,VNM
Only in scratch_amanda,07b9d9d1,-4.70169470643706,-37.347993721455374,ICAPUI,,BRA,0.0,anchorage_overrides,,,,,,0,,,0,,,BRA
Only in scratch_amanda,07b9d9d3,-4.702027869562761,-37.34264918319633,ICAPUI,,BRA,0.0,anchorage_overrides,,,,,,0,,,0,,,BRA
Only in scratch_amanda,07b9d9c3,-4.705242566173246,-37.35868159451525,ICAPUI,,BRA,0.0,anchorage_overrides,,,,,,0,,,0,,,BRA
Only in scratch_amanda,07b9d761,-4.692601059211062,-37.35868159451525,ICAPUI,,BRA,0.0,anchorage_overrides,,,,,,0,,,0,,,BRA
Only in scratch_amanda,07b9d9dd,-4.701028332095791,-37.35868159451525,ICAPUI,,BRA,0.0,anchorage_overrides,,,,,,0,,,0,,,BRA
Only in scratch_amanda,07b9d9d7,-4.697480278813298,-37.34799372145537,ICAPUI,,BRA,0.0,anchorage_overrides,,,,,,0,,,0,,,BRA
Only in scratch_amanda,07b9d763,-4.692933662447518,-37.353337858589725,ICAPUI,,BRA,0.0,anchorage_overrides,,,,,,0,,,0,,,BRA
Only in scratch_amanda,07b9d9d9,-4.697147395619169,-37.353337858589725,ICAPUI,,BRA,0.0,anchorage_overrides,,,,,,0,,,0,,,BRA
Only in scratch_amanda,07b9d9c5,-4.705576057355959,-37.353337858589725,ICAPUI,,BRA,0.0,anchorage_overrides,,,,,,0,,,0,,,BRA
Only in scratch_amanda,07b9d9d5,-4.69781314598652,-37.34264918319633,ICAPUI,,BRA,0.0,anchorage_overrides,,,,,,0,,,0,,,BRA
Only in scratch_amanda,07b9d9db,-4.70136152727564,-37.353337858589725,ICAPUI,,BRA,0.0,anchorage_overrides,,,,,,0,,,0,,,BRA
Only in scratch_amanda,07b9d77f,-4.693598820936666,-37.34264918319633,ICAPUI,,BRA,0.0,anchorage_overrides,,,,,,0,,,0,,,BRA
Only in scratch_amanda,07b9d9cf,-4.705909532505442,-37.34799372145537,ICAPUI,,BRA,0.0,anchorage_overrides,,,,,,0,,,0,,,BRA
Only in scratch_amanda,07b9d9df,-4.696814496421408,-37.35868159451525,ICAPUI,,BRA,0.0,anchorage_overrides,,,,,,0,,,0,,,BRA
Only in scratch_amanda,07b9d9e1,-4.69648158123729,-37.36402492914789,ICAPUI,,BRA,0.0,anchorage_overrides,,,,,,0,,,0,,,BRA
Only in scratch_amanda,07b9d77d,-4.6932662496951405,-37.34799372145537,ICAPUI,,BRA,0.0,anchorage_overrides,,,,,,0,,,0,,,BRA
Only in scratch_amanda,07b9d75f,-4.692268440003028,-37.36402492914789,ICAPUI,,BRA,0.0,anchorage_overrides,,,,,,0,,,0,,,BRA
Only in scratch_amanda,07b9d9c7,-4.7097909857991285,-37.353337858589725,ICAPUI,,BRA,0.0,anchorage_overrides,,,,,,0,,,0,,,BRA
Only in scratch_amanda,07b9d9e7,-4.700695120914799,-37.36402492914789,ICAPUI,,BRA,0.0,anchorage_overrides,,,,,,0,,,0,,,BRA
Only in scratch_amanda,92bcb993,-1.9931829654348852,-48.973201317980575,IGARAPE-MIRI,,BRA,0.0,anchorage_overrides,,,,,,0,,,0,,,BRA
Only in scratch_amanda,92bcb9f9,-1.9816358326258876,-48.963117793756474,IGARAPE-MIRI,,BRA,0.0,anchorage_overrides,,,,,,0,,,0,,,BRA
Only in scratch_amanda,92bcba1d,-1.9852308659688536,-48.95807670414638,IGARAPE-MIRI,,BRA,0.0,anchorage_overrides,,,,,,0,,,0,,,BRA
Only in scratch_amanda,92bcb9e9,-1.9858385808709405,-48.97824375249558,IGARAPE-MIRI,,BRA,0.0,anchorage_overrides,,,,,,0,,,0,,,BRA
Only in scratch_amanda,92bcb989,-1.9966261629463344,-48.96311779375648,IGARAPE-MIRI,,BRA,0.0,anchorage_overrides,,,,,,0,,,0,,,BRA
Only in scratch_amanda,92bcba03,-1.9814841873613669,-48.95807670414638,IGARAPE-MIRI,,BRA,0.0,anchorage_overrides,,,,,,0,,,0,,,BRA
Only in scratch_amanda,92bcb9f1,-1.985534727181571,-48.96815933171772,IGARAPE-MIRI,,BRA,0.0,anchorage_overrides,,,,,,0,,,0,,,BRA
Only in scratch_amanda,92bcb9fd,-1.9780406367460424,-48.96815933171772,IGARAPE-MIRI,,BRA,0.0,anchorage_overrides,,,,,,0,,,0,,,BRA
Only in scratch_amanda,92bcb755,-1.9741431384672752,-48.96311779375648,IGARAPE-MIRI,,BRA,0.0,anchorage_overrides,,,,,,0,,,0,,,BRA
Only in scratch_amanda,92bcb751,-1.9705481940121312,-48.96815933171772,IGARAPE-MIRI,,BRA,0.0,anchorage_overrides,,,,,,0,,,0,,,BRA
Only in scratch_amanda,92bcba01,-1.9777379205837944,-48.95807670414638,IGARAPE-MIRI,,BRA,0.0,anchorage_overrides,,,,,,0,,,0,,,BRA
Only in scratch_amanda,92bcba0f,-1.9811808912480249,-48.94799587017724,IGARAPE-MIRI,,BRA,0.0,anchorage_overrides,,,,,,0,,,0,,,BRA
Only in scratch_amanda,92bcb9ff,-1.9778892795983176,-48.96311779375648,IGARAPE-MIRI,,BRA,0.0,anchorage_overrides,,,,,,0,,,0,,,BRA
Only in scratch_amanda,92bcba3f,-1.9922679347391803,-48.942956125916915,IGARAPE-MIRI,,BRA,0.0,anchorage_overrides,,,,,,0,,,0,,,BRA
Only in scratch_amanda,92bcba13,-1.9847750601618843,-48.942956125916915,IGARAPE-MIRI,,BRA,0.0,anchorage_overrides,,,,,,0,,,0,,,BRA
Only in scratch_amanda,92bcba27,-1.996473372393169,-48.958076704146386,IGARAPE-MIRI,,BRA,0.0,anchorage_overrides,,,,,,0,,,0,,,BRA
Only in scratch_amanda,92bcba17,-1.988673515060224,-48.94799587017724,IGARAPE-MIRI,,BRA,0.0,anchorage_overrides,,,,,,0,,,0,,,BRA
Only in scratch_amanda,92bcba11,-1.98492699728691,-48.947995870177245,IGARAPE-MIRI,,BRA,0.0,anchorage_overrides,,,,,,0,,,0,,,BRA
Only in scratch_amanda,92bcb75f,-1.974596345641598,-48.97824375249559,IGARAPE-MIRI,,BRA,0.0,anchorage_overrides,,,,,,0,,,0,,,BRA
Only in scratch_amanda,92bcba3b,-1.9961677856590891,-48.94799587017724,IGARAPE-MIRI,,BRA,0.0,anchorage_overrides,,,,,,0,,,0,,,BRA
Only in scratch_amanda,92bcb9eb,-1.989586816479664,-48.978243752495594,IGARAPE-MIRI,,BRA,0.0,anchorage_overrides,,,,,,0,,,0,,,BRA
Only in scratch_amanda,92bcba25,-1.99632057996182,-48.95303606293687,IGARAPE-MIRI,,BRA,0.0,anchorage_overrides,,,,,,0,,,0,,,BRA
Only in scratch_amanda,92bcb9ef,-1.9856866549700576,-48.973201317980575,IGARAPE-MIRI,,BRA,0.0,anchorage_overrides,,,,,,0,,,0,,,BRA
Only in scratch_amanda,92bcb757,-1.9742942093975184,-48.96815933171772,IGARAPE-MIRI,,BRA,0.0,anchorage_overrides,,,,,,0,,,0,,,BRA
Only in scratch_amanda,92bcba21,-1.992725458522541,-48.958076704146386,IGARAPE-MIRI,,BRA,0.0,anchorage_overrides,,,,,,0,,,0,,,BRA
Only in scratch_amanda,92bcba05,-1.9813325402331616,-48.95303606293686,IGARAPE-MIRI,,BRA,0.0,anchorage_overrides,,,,,,0,,,0,,,BRA
Only in scratch_amanda,92bcba19,-1.988825736646442,-48.95303606293686,IGARAPE-MIRI,,BRA,0.0,anchorage_overrides,,,,,,0,,,0,,,BRA
Only in scratch_amanda,92bcb9f7,-1.985382797512248,-48.96311779375648,IGARAPE-MIRI,,BRA,0.0,anchorage_overrides,,,,,,0,,,0,,,BRA
Only in scratch_amanda,92bcb9ed,-1.9894346042819948,-48.973201317980575,IGARAPE-MIRI,,BRA,0.0,anchorage_overrides,,,,,,0,,,0,,,BRA
Only in scratch_amanda,92bcb9f3,-1.989282390193058,-48.968159331717715,IGARAPE-MIRI,,BRA,0.0,anchorage_overrides,,,,,,0,,,0,,,BRA
Only in scratch_amanda,92bcb75b,-1.9706989768875367,-48.973201317980575,IGARAPE-MIRI,,BRA,0.0,anchorage_overrides,,,,,,0,,,0,,,BRA
Only in scratch_amanda,92bcb98d,-1.9930304650166435,-48.968159331717715,IGARAPE-MIRI,,BRA,0.0,anchorage_overrides,,,,,,0,,,0,,,BRA
Only in scratch_amanda,92bcb9dd,-1.982242394912092,-48.983286635213176,IGARAPE-MIRI,,BRA,0.0,anchorage_overrides,,,,,,0,,,0,,,BRA
Only in scratch_amanda,92bcb9df,-1.978494696921009,-48.983286635213176,IGARAPE-MIRI,,BRA,0.0,anchorage_overrides,,,,,,0,,,0,,,BRA
Only in scratch_amanda,92bcb9e7,-1.9820907571698332,-48.97824375249559,IGARAPE-MIRI,,BRA,0.0,anchorage_overrides,,,,,,0,,,0,,,BRA
Only in scratch_amanda,92bcba07,-1.977586559709211,-48.95303606293687,IGARAPE-MIRI,,BRA,0.0,anchorage_overrides,,,,,,0,,,0,,,BRA
Only in scratch_amanda,92bcb759,-1.974445278457869,-48.973201317980575,IGARAPE-MIRI,,BRA,0.0,anchorage_overrides,,,,,,0,,,0,,,BRA
Only in scratch_amanda,92bcb98b,-1.9928779627102653,-48.96311779375648,IGARAPE-MIRI,,BRA,0.0,anchorage_overrides,,,,,,0,,,0,,,BRA
Only in scratch_amanda,92bcba3d,-1.9924204445302105,-48.947995870177245,IGARAPE-MIRI,,BRA,0.0,anchorage_overrides,,,,,,0,,,0,,,BRA
Only in scratch_amanda,92bcb9e3,-1.9781919920202276,-48.973201317980575,IGARAPE-MIRI,,BRA,0.0,anchorage_overrides,,,,,,0,,,0,,,BRA
Only in scratch_amanda,92bcba1f,-1.9889779563685035,-48.95807670414638,IGARAPE-MIRI,,BRA,0.0,anchorage_overrides,,,,,,0,,,0,,,BRA
Only in scratch_amanda,92bcba1b,-1.9850789325581544,-48.95303606293686,IGARAPE-MIRI,,BRA,0.0,anchorage_overrides,,,,,,0,,,0,,,BRA
Only in scratch_amanda,92bcba15,-1.9885212916166255,-48.942956125916915,IGARAPE-MIRI,,BRA,0.0,anchorage_overrides,,,,,,0,,,0,,,BRA
Only in scratch_amanda,92bcb9fb,-1.981787476019976,-48.96815933171772,IGARAPE-MIRI,,BRA,0.0,anchorage_overrides,,,,,,0,,,0,,,BRA
Only in scratch_amanda,92bcb9f5,-1.989130174219634,-48.96311779375648,IGARAPE-MIRI,,BRA,0.0,anchorage_overrides,,,,,,0,,,0,,,BRA
Only in scratch_amanda,92bcb9e5,-1.981939117536876,-48.973201317980575,IGARAPE-MIRI,,BRA,0.0,anchorage_overrides,,,,,,0,,,0,,,BRA
Only in scratch_amanda,92bcba23,-1.9925729524602591,-48.95303606293687,IGARAPE-MIRI,,BRA,0.0,anchorage_overrides,,,,,,0,,,0,,,BRA
Only in scratch_amanda,92bcb75d,-1.9708497578899788,-48.97824375249559,IGARAPE-MIRI,,BRA,0.0,anchorage_overrides,,,,,,0,,,0,,,BRA
Only in scratch_amanda,92bcb9e1,-1.9783433454141304,-48.97824375249559,IGARAPE-MIRI,,BRA,0.0,anchorage_overrides,,,,,,0,,,0,,,BRA
Only in scratch_amanda,94d2990f,-23.765762838641837,-45.348689496450305,ILHABELA,,BRA,0.0,anchorage_overrides,,,,,,0,,,0,,,BRA
Only in scratch_amanda,94d299a5,-23.77985109994608,-45.34868949645031,ILHABELA,,BRA,0.0,anchorage_overrides,,,,,,0,,,0,,,BRA
Only in scratch_amanda,94d299af,-23.778138535321276,-45.34399169916742,ILHABELA,,BRA,0.0,anchorage_overrides,,,,,,0,,,0,,,BRA
Only in scratch_amanda,94d29999,-23.783276184706818,-45.35808651019448,ILHABELA,,BRA,0.0,anchorage_overrides,,,,,,0,,,0,,,BRA
Only in scratch_amanda,94d2996d,-23.764489782310925,-45.35808651019448,ILHABELA,,BRA,0.0,anchorage_overrides,,,,,,0,,,0,,,BRA
Only in scratch_amanda,94d299a1,-23.776867305931333,-45.35338776679873,ILHABELA,,BRA,0.0,anchorage_overrides,,,,,,0,,,0,,,BRA
Only in scratch_amanda,94d2999f,-23.778579584176896,-45.35808651019448,ILHABELA,,BRA,0.0,anchorage_overrides,,,,,,0,,,0,,,BRA
Only in scratch_amanda,94d29905,-23.764051044364233,-45.34399169916742,ILHABELA,,BRA,0.0,anchorage_overrides,,,,,,0,,,0,,,BRA
Only in scratch_amanda,94d29909,-23.770458925697262,-45.348689496450305,ILHABELA,,BRA,0.0,anchorage_overrides,,,,,,0,,,0,,,BRA
Only in scratch_amanda,94d299a7,-23.775155012831956,-45.348689496450305,ILHABELA,,BRA,0.0,anchorage_overrides,,,,,,0,,,0,,,BRA
Only in scratch_amanda,94d29913,-23.762778274436624,-45.35338776679873,ILHABELA,,BRA,0.0,anchorage_overrides,,,,,,0,,,0,,,BRA
Only in scratch_amanda,94d299a9,-23.773442704943548,-45.34399169916742,ILHABELA,,BRA,0.0,anchorage_overrides,,,,,,0,,,0,,,BRA
Only in scratch_amanda,94d29907,-23.768746874591265,-45.34399169916742,ILHABELA,,BRA,0.0,anchorage_overrides,,,,,,0,,,0,,,BRA
Only in scratch_amanda,94d29911,-23.7610667517655,-45.348689496450305,ILHABELA,,BRA,0.0,anchorage_overrides,,,,,,0,,,0,,,BRA
Only in scratch_amanda,94d299a3,-23.781563649762855,-45.353387766798726,ILHABELA,,BRA,0.0,anchorage_overrides,,,,,,0,,,0,,,BRA
Only in scratch_amanda,07390a73,-14.808191061877546,-39.04762978890858,ILHEUS,,BRA,0.0,anchorage_overrides,,,,,,0,,,0,,,BRA
Only in scratch_amanda,07390a45,-14.789988204992298,-39.04241848177483,ILHEUS,,BRA,0.0,anchorage_overrides,,,,,,0,,,0,,,BRA
Only in scratch_amanda,07390a7d,-14.811324316320905,-39.031994590959926,ILHEUS,,BRA,0.0,anchorage_overrides,,,,,,0,,,0,,,BRA
Only in scratch_amanda,07390a43,-14.794799734641082,-39.04241848177483,ILHEUS,,BRA,0.0,anchorage_overrides,,,,,,0,,,0,,,BRA
Only in scratch_amanda,07390a77,-14.814047850170732,-39.04241848177483,ILHEUS,,BRA,0.0,anchorage_overrides,,,,,,0,,,0,,,BRA
Only in scratch_amanda,07390a6b,-14.798567621264803,-39.04762978890858,ILHEUS,,BRA,0.0,anchorage_overrides,,,,,,0,,,0,,,BRA
Only in scratch_amanda,0739a081,-14.820950406374092,-39.03199459095992,ILHEUS,,BRA,0.0,anchorage_overrides,,,,,,0,,,0,,,BRA
Only in scratch_amanda,07390a65,-14.80546750279774,-39.037206749102616,ILHEUS,,BRA,0.0,anchorage_overrides,,,,,,0,,,0,,,BRA
Only in scratch_amanda,07390a63,-14.806511570403991,-39.031994590959926,ILHEUS,,BRA,0.0,anchorage_overrides,,,,,,0,,,0,,,BRA
Only in scratch_amanda,0739a083,-14.819905413064468,-39.03720674910261,ILHEUS,,BRA,0.0,anchorage_overrides,,,,,,0,,,0,,,BRA
Only in scratch_amanda,07390a71,-14.809235521965508,-39.04241848177483,ILHEUS,,BRA,0.0,anchorage_overrides,,,,,,0,,,0,,,BRA
Only in scratch_amanda,07390a41,-14.793756200469245,-39.04762978890858,ILHEUS,,BRA,0.0,anchorage_overrides,,,,,,0,,,0,,,BRA
Only in scratch_amanda,07390a7b,-14.810279940130162,-39.03720674910261,ILHEUS,,BRA,0.0,anchorage_overrides,,,,,,0,,,0,,,BRA
Only in scratch_amanda,07390a79,-14.815092576921982,-39.03720674910261,ILHEUS,,BRA,0.0,anchorage_overrides,,,,,,0,,,0,,,BRA
Only in scratch_amanda,07390a6d,-14.80337924177046,-39.04762978890858,ILHEUS,,BRA,0.0,anchorage_overrides,,,,,,0,,,0,,,BRA
Only in scratch_amanda,07390a8b,-14.802742741056724,-39.026782007414965,ILHEUS,,BRA,0.0,anchorage_overrides,,,,,,0,,,0,,,BRA
Only in scratch_amanda,07390a69,-14.799611464091994,-39.04241848177483,ILHEUS,,BRA,0.0,anchorage_overrides,,,,,,0,,,0,,,BRA
Only in scratch_amanda,07390a61,-14.801699024038532,-39.031994590959926,ILHEUS,,BRA,0.0,anchorage_overrides,,,,,,0,,,0,,,BRA
Only in scratch_amanda,07390af5,-14.797930085752435,-39.026782007414965,ILHEUS,,BRA,0.0,anchorage_overrides,,,,,,0,,,0,,,BRA
Only in scratch_amanda,07390a93,-14.804830048930032,-39.016355564390835,ILHEUS,,BRA,0.0,anchorage_overrides,,,,,,0,,,0,,,BRA
Only in scratch_amanda,07390af3,-14.79897345215296,-39.02156899853589,ILHEUS,,BRA,0.0,anchorage_overrides,,,,,,0,,,0,,,BRA
Only in scratch_amanda,07390a89,-14.807555596004535,-39.02678200741497,ILHEUS,,BRA,0.0,anchorage_overrides,,,,,,0,,,0,,,BRA
Only in scratch_amanda,07390af7,-14.79311763020039,-39.026782007414965,ILHEUS,,BRA,0.0,anchorage_overrides,,,,,,0,,,0,,,BRA
Only in scratch_amanda,07390a6f,-14.804423393236364,-39.04241848177484,ILHEUS,,BRA,0.0,anchorage_overrides,,,,,,0,,,0,,,BRA
Only in scratch_amanda,07390a8d,-14.803786416037427,-39.02156899853589,ILHEUS,,BRA,0.0,anchorage_overrides,,,,,,0,,,0,,,BRA
Only in scratch_amanda,07390a91,-14.809643520986054,-39.016355564390835,ILHEUS,,BRA,0.0,anchorage_overrides,,,,,,0,,,0,,,BRA
Only in scratch_amanda,07390a9b,-14.814457192543491,-39.016355564390835,ILHEUS,,BRA,0.0,anchorage_overrides,,,,,,0,,,0,,,BRA
Only in scratch_amanda,07390a8f,-14.808599579548762,-39.02156899853589,ILHEUS,,BRA,0.0,anchorage_overrides,,,,,,0,,,0,,,BRA
Only in scratch_amanda,07390a7f,-14.816137261680517,-39.03199459095992,ILHEUS,,BRA,0.0,anchorage_overrides,,,,,,0,,,0,,,BRA
Only in scratch_amanda,07390a67,-14.800655265033429,-39.03720674910261,ILHEUS,,BRA,0.0,anchorage_overrides,,,,,,0,,,0,,,BRA
Only in scratch_amanda,91445b7f,-17.6157,-71.3405,ILO,,PER,0.0,anchorage_overrides,,,,,,0,,,0,,,PER
Only in scratch_amanda,91445ba1,-17.633762927038628,-71.33274955364809,ILO,,PER,0.0,anchorage_overrides,,,,,,0,,,0,,,PER
Only in scratch_amanda,91445b0f,-17.641751929920634,-71.34623758456846,ILO,,PER,0.0,anchorage_overrides,,,,,,0,,,0,,,PER
Only in scratch_amanda,91445b71,-17.6278,-71.3451,ILO,,PER,0.0,anchorage_overrides,,,,,,0,,,0,,,PER
Only in scratch_amanda,91445c99,-17.6035125,-71.3529275,ILO,,PER,0.0,anchorage_overrides,,,,,,0,,,0,,,PER
Only in scratch_amanda,91445b9d,-17.62521,-71.33374,ILO,,PER,0.0,anchorage_overrides,,,,,,0,,,0,,,PER
Only in scratch_amanda,91445b5f,-17.6139,-71.359,ILO,,PER,0.0,anchorage_overrides,,,,,,0,,,0,,,PER
Only in scratch_amanda,9526b5fb,-28.231123638286924,-48.64640680814711,IMBITUBA,,BRA,0.0,anchorage_overrides,,,,,,0,,,0,,,BRA
Only in scratch_amanda,9526ca77,-28.22883915154315,-48.66646230447678,IMBITUBA,,BRA,0.0,anchorage_overrides,,,,,,0,,,0,,,BRA
Only in scratch_amanda,9526b5ef,-28.237781394029906,-48.65142000528306,IMBITUBA,,BRA,0.0,anchorage_overrides,,,,,,0,,,0,,,BRA
Only in scratch_amanda,9526b5e3,-28.23410322020343,-48.641394062386446,IMBITUBA,,BRA,0.0,anchorage_overrides,,,,,,0,,,0,,,BRA
Only in scratch_amanda,9526ca69,-28.21437932176747,-48.66646230447678,IMBITUBA,,BRA,0.0,anchorage_overrides,,,,,,0,,,0,,,BRA
Only in scratch_amanda,9526b5e5,-28.235942347425297,-48.646406808147105,IMBITUBA,,BRA,0.0,anchorage_overrides,,,,,,0,,,0,,,BRA
Only in scratch_amanda,9526ca73,-28.222181327338603,-48.66144775349457,IMBITUBA,,BRA,0.0,anchorage_overrides,,,,,,0,,,0,,,BRA
Only in scratch_amanda,9526ca6b,-28.212541747695344,-48.66144775349457,IMBITUBA,,BRA,0.0,anchorage_overrides,,,,,,0,,,0,,,BRA
Only in scratch_amanda,9526b58b,-28.231820493394572,-48.66144775349457,IMBITUBA,,BRA,0.0,anchorage_overrides,,,,,,0,,,0,,,BRA
Only in scratch_amanda,9526b58d,-28.2366399210795,-48.66144775349457,IMBITUBA,,BRA,0.0,anchorage_overrides,,,,,,0,,,0,,,BRA
Only in scratch_amanda,9526b5f3,-28.234801240869174,-48.65643365374777,IMBITUBA,,BRA,0.0,anchorage_overrides,,,,,,0,,,0,,,BRA
Only in scratch_amanda,9526ca6f,-28.21919936841318,-48.66646230447678,IMBITUBA,,BRA,0.0,anchorage_overrides,,,,,,0,,,0,,,BRA
Only in scratch_amanda,9526ca71,-28.2240193117048,-48.666462304476795,IMBITUBA,,BRA,0.0,anchorage_overrides,,,,,,0,,,0,,,BRA
Only in scratch_amanda,9526b589,-28.23365888782913,-48.66646230447678,IMBITUBA,,BRA,0.0,anchorage_overrides,,,,,,0,,,0,,,BRA
Only in scratch_amanda,9526b5ed,-28.239620359937984,-48.65643365374777,IMBITUBA,,BRA,0.0,anchorage_overrides,,,,,,0,,,0,,,BRA
Only in scratch_amanda,9526ca0d,-28.220343262232724,-48.656433653747776,IMBITUBA,,BRA,0.0,anchorage_overrides,,,,,,0,,,0,,,BRA
Only in scratch_amanda,9526ca75,-28.227000962114563,-48.66144775349457,IMBITUBA,,BRA,0.0,anchorage_overrides,,,,,,0,,,0,,,BRA
Only in scratch_amanda,9526ca6d,-28.217361589165808,-48.66144775349457,IMBITUBA,,BRA,0.0,anchorage_overrides,,,,,,0,,,0,,,BRA
Only in scratch_amanda,07aaec1f,-8.365170619866696,-34.96995401158005,IPOJUCA,,BRA,0.0,anchorage_overrides,,,,,,0,,,0,,,BRA
Only in scratch_amanda,07aaec3b,-8.37333786638371,-34.98097577682722,IPOJUCA,,BRA,0.0,anchorage_overrides,,,,,,0,,,0,,,BRA
Only in scratch_amanda,07aaec5d,-8.392452646990813,-34.975465073934856,IPOJUCA,,BRA,0.0,anchorage_overrides,,,,,,0,,,0,,,BRA
Only in scratch_amanda,07aaec45,-8.387255924025204,-34.98097577682722,IPOJUCA,,BRA,0.0,anchorage_overrides,,,,,,0,,,0,,,BRA
Only in scratch_amanda,07aaec15,-8.379088395802608,-34.96995401158006,IPOJUCA,,BRA,0.0,anchorage_overrides,,,,,,0,,,0,,,BRA
Only in scratch_amanda,07aaec21,-8.364615776099072,-34.975465073934856,IPOJUCA,,BRA,0.0,anchorage_overrides,,,,,,0,,,0,,,BRA
Only in scratch_amanda,07aaec0d,-8.38019975134412,-34.95893080890951,IPOJUCA,,BRA,0.0,anchorage_overrides,,,,,,0,,,0,,,BRA
Only in scratch_amanda,07aaec6b,-8.383728346225482,-34.96995401158005,IPOJUCA,,BRA,0.0,anchorage_overrides,,,,,,0,,,0,,,BRA
Only in scratch_amanda,07aaec39,-8.377976873147043,-34.98097577682722,IPOJUCA,,BRA,0.0,anchorage_overrides,,,,,,0,,,0,,,BRA
Only in scratch_amanda,07aaec11,-8.375004191005226,-34.96444258986941,IPOJUCA,,BRA,0.0,anchorage_overrides,,,,,,0,,,0,,,BRA
Only in scratch_amanda,07aaec6d,-8.3842843437874,-34.9644425898694,IPOJUCA,,BRA,0.0,anchorage_overrides,,,,,,0,,,0,,,BRA
Only in scratch_amanda,07aaec23,-8.369254389878389,-34.975465073934856,IPOJUCA,,BRA,0.0,anchorage_overrides,,,,,,0,,,0,,,BRA
Only in scratch_amanda,07aaec71,-8.389481193442716,-34.95893080890951,IPOJUCA,,BRA,0.0,anchorage_overrides,,,,,,0,,,0,,,BRA
Only in scratch_amanda,07aaec3d,-8.373893349658129,-34.97546507393486,IPOJUCA,,BRA,0.0,anchorage_overrides,,,,,,0,,,0,,,BRA
Only in scratch_amanda,07aaec5b,-8.39189596796092,-34.98097577682722,IPOJUCA,,BRA,0.0,anchorage_overrides,,,,,,0,,,0,,,BRA
Only in scratch_amanda,07aaec43,-8.387812304104699,-34.975465073934856,IPOJUCA,,BRA,0.0,anchorage_overrides,,,,,,0,,,0,,,BRA
Only in scratch_amanda,07aaec61,-8.397650271572731,-34.96995401158006,IPOJUCA,,BRA,0.0,anchorage_overrides,,,,,,0,,,0,,,BRA
Only in scratch_amanda,07aaec73,-8.38484029951598,-34.95893080890951,IPOJUCA,,BRA,0.0,anchorage_overrides,,,,,,0,,,0,,,BRA
Only in scratch_amanda,07aaec63,-8.398207165840512,-34.96444258986941,IPOJUCA,,BRA,0.0,anchorage_overrides,,,,,,0,,,0,,,BRA
Only in scratch_amanda,07aaec1b,-8.370364633458884,-34.96444258986941,IPOJUCA,,BRA,0.0,anchorage_overrides,,,,,,0,,,0,,,BRA
Only in scratch_amanda,07aaec1d,-8.36572542192844,-34.96444258986941,IPOJUCA,,BRA,0.0,anchorage_overrides,,,,,,0,,,0,,,BRA
Only in scratch_amanda,07aaec47,-8.382616225724055,-34.98097577682722,IPOJUCA,,BRA,0.0,anchorage_overrides,,,,,,0,,,0,,,BRA
Only in scratch_amanda,07aaec19,-8.369809532533681,-34.96995401158006,IPOJUCA,,BRA,0.0,anchorage_overrides,,,,,,0,,,0,,,BRA
Only in scratch_amanda,07aaec3f,-8.378532655348785,-34.975465073934856,IPOJUCA,,BRA,0.0,anchorage_overrides,,,,,,0,,,0,,,BRA
Only in scratch_amanda,07aaec6f,-8.38892493884408,-34.964442589869414,IPOJUCA,,BRA,0.0,anchorage_overrides,,,,,,0,,,0,,,BRA
Only in scratch_amanda,07aaec13,-8.379644094477918,-34.96444258986941,IPOJUCA,,BRA,0.0,anchorage_overrides,,,,,,0,,,0,,,BRA
Only in scratch_amanda,961f61b3,-42.92598888888889,-73.43487777777779,ISLA ACUI,,CHL,0.0,anchorage_overrides,,,,,,0,,,0,,,CHL
Only in scratch_amanda,9621d451,-43.15645,-73.52299444444445,ISLA CAILIN,,CHL,0.0,anchorage_overrides,,,,,,0,,,0,,,CHL
Only in scratch_amanda,9618674f,-41.83111111111111,-73.1033611111111,ISLA CHIDHUAPI,,CHL,0.0,anchorage_overrides,,,,,,0,,,0,,,CHL
Only in scratch_amanda,9615f0d5,-39.873066666666666,-73.36878888888889,ISLA DEL REY SECTOR CARBONEROS,,CHL,0.0,anchorage_overrides,,,,,,0,,,0,,,CHL
Only in scratch_amanda,9615f0c9,-39.888283333333334,-73.36231666666666,ISLA DEL REY SECTOR CENTRO,,CHL,0.0,anchorage_overrides,,,,,,0,,,0,,,CHL
Only in scratch_amanda,9618449d,-41.71511111111111,-72.99058333333333,ISLA GUAR,,CHL,0.0,anchorage_overrides,,,,,,0,,,0,,,CHL
Only in scratch_amanda,96183f51,-41.58195277777778,-73.00428333333333,ISLA MAILLEN,,CHL,0.0,anchorage_overrides,,,,,,0,,,0,,,CHL
Only in scratch_amanda,9618af6d,-42.427499999999995,-73.34036111111111,ISLA MEULIN,,CHL,0.0,anchorage_overrides,,,,,,0,,,0,,,CHL
Only in scratch_amanda,964048dd,-38.33265555555556,-73.91753333333334,ISLA MOCHA,,CHL,0.0,anchorage_overrides,,,,,,0,,,0,,,CHL
Only in scratch_amanda,9618581b,-41.872952777777776,-72.90947222222223,ISLA QUEULLIN,,CHL,0.0,anchorage_overrides,,,,,,0,,,0,,,CHL
Only in scratch_amanda,9618b77f,-42.38505,-73.13776666666668,ISLA TAC,,CHL,0.0,anchorage_overrides,,,,,,0,,,0,,,CHL
Only in scratch_amanda,9049c25b,-5.212023793069194,-81.19435542082908,ISLILLA,,PER,0.0,anchorage_overrides,,,,,,0,,,0,,,PER
Only in scratch_amanda,94d8cd05,-26.877873859387204,-48.68652501982471,ITAJAI,,BRA,0.0,anchorage_overrides,,,,,,0,,,0,,,BRA
Only in scratch_amanda,94df2d49,-26.843616501725823,-48.72667209557347,ITAJAI,,BRA,0.0,anchorage_overrides,,,,,,0,,,0,,,BRA
Only in scratch_amanda,94d8cd3f,-26.87351459688463,-48.70157679201358,ITAJAI,,BRA,0.0,anchorage_overrides,,,,,,0,,,0,,,BRA
Only in scratch_amanda,94d8cc51,-26.887074463098273,-48.67147730664769,ITAJAI,,BRA,0.0,anchorage_overrides,,,,,,0,,,0,,,BRA
Only in scratch_amanda,94d8cd33,-26.883693650289803,-48.71663262194544,ITAJAI,,BRA,0.0,anchorage_overrides,,,,,,0,,,0,,,BRA
Only in scratch_amanda,94d8cc49,-26.88351646627818,-48.66144775349457,ITAJAI,,BRA,0.0,anchorage_overrides,,,,,,0,,,0,,,BRA
Only in scratch_amanda,94d8cd71,-26.858490071172472,-48.6865250198247,ITAJAI,,BRA,0.0,anchorage_overrides,,,,,,0,,,0,,,BRA
Only in scratch_amanda,94d8cd59,-26.855904025642765,-48.70659495119333,ITAJAI,,BRA,0.0,anchorage_overrides,,,,,,0,,,0,,,BRA
Only in scratch_amanda,94d8cc05,-26.9023970172998,-48.646406808147105,ITAJAI,,BRA,0.0,anchorage_overrides,,,,,,0,,,0,,,BRA
Only in scratch_amanda,94d8ccf7,-26.895477479917822,-48.681508664368494,ITAJAI,,BRA,0.0,anchorage_overrides,,,,,,0,,,0,,,BRA
Only in scratch_amanda,94d8cbf5,-26.915645243733703,-48.65643365374777,ITAJAI,,BRA,0.0,anchorage_overrides,,,,,,0,,,0,,,BRA
Only in scratch_amanda,94d8cc61,-26.90338840070924,-48.67649275996053,ITAJAI,,BRA,0.0,anchorage_overrides,,,,,,0,,,0,,,BRA
Only in scratch_amanda,94d8cd5b,-26.860751117849055,-48.70659495119333,ITAJAI,,BRA,0.0,anchorage_overrides,,,,,,0,,,0,,,BRA
Only in scratch_amanda,94df32c9,-26.882400597280427,-48.72667209557347,ITAJAI,,BRA,0.0,anchorage_overrides,,,,,,0,,,0,,,BRA
Only in scratch_amanda,94df2d51,-26.853312975903975,-48.72667209557347,ITAJAI,,BRA,0.0,anchorage_overrides,,,,,,0,,,0,,,BRA
Only in scratch_amanda,94df32c7,-26.884177576371236,-48.73169250834778,ITAJAI,,BRA,0.0,anchorage_overrides,,,,,,0,,,0,,,BRA
Only in scratch_amanda,94d8d2a5,-26.84620961663308,-48.70659495119333,ITAJAI,,BRA,0.0,anchorage_overrides,,,,,,0,,,0,,,BRA
Only in scratch_amanda,94df2d57,-26.85816110067953,-48.72667209557347,ITAJAI,,BRA,0.0,anchorage_overrides,,,,,,0,,,0,,,BRA
Only in scratch_amanda,94d8cc13,-26.90111374690915,-48.65643365374777,ITAJAI,,BRA,0.0,anchorage_overrides,,,,,,0,,,0,,,BRA
Only in scratch_amanda,94d8d2b3,-26.844913684961295,-48.71663262194545,ITAJAI,,BRA,0.0,anchorage_overrides,,,,,,0,,,0,,,BRA
Only in scratch_amanda,94d8cd67,-26.85719767368048,-48.69655908369421,ITAJAI,,BRA,0.0,anchorage_overrides,,,,,,0,,,0,,,BRA
Only in scratch_amanda,94d8d2cb,-26.83521794457733,-48.71663262194545,ITAJAI,,BRA,0.0,anchorage_overrides,,,,,,0,,,0,,,BRA
Only in scratch_amanda,94d8cbfd,-26.915145876765383,-48.641394062386446,ITAJAI,,BRA,0.0,anchorage_overrides,,,,,,0,,,0,,,BRA
Only in scratch_amanda,94d8cd4b,-26.873999110045016,-48.71663262194545,ITAJAI,,BRA,0.0,anchorage_overrides,,,,,,0,,,0,,,BRA
Only in scratch_amanda,94d8cc1b,-26.897553549714875,-48.64640680814711,ITAJAI,,BRA,0.0,anchorage_overrides,,,,,,0,,,0,,,BRA
Only in scratch_amanda,94d8d2b1,-26.84313802916888,-48.711613561186304,ITAJAI,,BRA,0.0,anchorage_overrides,,,,,,0,,,0,,,BRA
Only in scratch_amanda,94d8cc65,-26.906453495498273,-48.67147730664769,ITAJAI,,BRA,0.0,anchorage_overrides,,,,,,0,,,0,,,BRA
Only in scratch_amanda,94df2d4d,-26.8466892673368,-48.72165213342359,ITAJAI,,BRA,0.0,anchorage_overrides,,,,,,0,,,0,,,BRA
Only in scratch_amanda,94df2d4b,-26.84184121362937,-48.72165213342359,ITAJAI,,BRA,0.0,anchorage_overrides,,,,,,0,,,0,,,BRA
Only in scratch_amanda,94df32a9,-26.863009150441332,-48.72667209557347,ITAJAI,,BRA,0.0,anchorage_overrides,,,,,,0,,,0,,,BRA
Only in scratch_amanda,94df32bb,-26.874481562791615,-48.73169250834778,ITAJAI,,BRA,0.0,anchorage_overrides,,,,,,0,,,0,,,BRA
Only in scratch_amanda,94d8cd17,-26.87658352697702,-48.69655908369421,ITAJAI,,BRA,0.0,anchorage_overrides,,,,,,0,,,0,,,BRA
Only in scratch_amanda,94d8cd41,-26.868667950515928,-48.70157679201358,ITAJAI,,BRA,0.0,anchorage_overrides,,,,,,0,,,0,,,BRA
Only in scratch_amanda,94d8cc59,-26.893698443855374,-48.67649275996053,ITAJAI,,BRA,0.0,anchorage_overrides,,,,,,0,,,0,,,BRA
Only in scratch_amanda,94d8cce1,-26.891122126567986,-48.69655908369421,ITAJAI,,BRA,0.0,anchorage_overrides,,,,,,0,,,0,,,BRA
Only in scratch_amanda,94d8cda9,-26.874317623672713,-48.67649275996052,ITAJAI,,BRA,0.0,anchorage_overrides,,,,,,0,,,0,,,BRA
Only in scratch_amanda,94df32b7,-26.877552848608897,-48.72667209557347,ITAJAI,,BRA,0.0,anchorage_overrides,,,,,,0,,,0,,,BRA
Only in scratch_amanda,94d8cd39,-26.87529194403192,-48.70659495119333,ITAJAI,,BRA,0.0,anchorage_overrides,,,,,,0,,,0,,,BRA
Only in scratch_amanda,94d8cce5,-26.894189579458335,-48.69154182628225,ITAJAI,,BRA,0.0,anchorage_overrides,,,,,,0,,,0,,,BRA
Only in scratch_amanda,94df32a7,-26.864785247697487,-48.73169250834778,ITAJAI,,BRA,0.0,anchorage_overrides,,,,,,0,,,0,,,BRA
Only in scratch_amanda,94d8d2af,-26.847985566579226,-48.71161356118631,ITAJAI,,BRA,0.0,anchorage_overrides,,,,,,0,,,0,,,BRA
Only in scratch_amanda,94df32b5,-26.875776016157324,-48.72165213342359,ITAJAI,,BRA,0.0,anchorage_overrides,,,,,,0,,,0,,,BRA
Only in scratch_amanda,94d8cd7b,-26.853643936635056,-48.6865250198247,ITAJAI,,BRA,0.0,anchorage_overrides,,,,,,0,,,0,,,BRA
Only in scratch_amanda,94d8cd65,-26.85542084172879,-48.69154182628225,ITAJAI,,BRA,0.0,anchorage_overrides,,,,,,0,,,0,,,BRA
Only in scratch_amanda,94d8cd0b,-26.86640447527094,-48.68150866436849,ITAJAI,,BRA,0.0,anchorage_overrides,,,,,,0,,,0,,,BRA
Only in scratch_amanda,94d8cc39,-26.88658156877603,-48.656433653747776,ITAJAI,,BRA,0.0,anchorage_overrides,,,,,,0,,,0,,,BRA
Only in scratch_amanda,94d8cc41,-26.893205252308157,-48.66144775349457,ITAJAI,,BRA,0.0,anchorage_overrides,,,,,,0,,,0,,,BRA
Only in scratch_amanda,94d8cd53,-26.864304268523373,-48.71663262194545,ITAJAI,,BRA,0.0,anchorage_overrides,,,,,,0,,,0,,,BRA
Only in scratch_amanda,94d8ccf5,-26.90032271647535,-48.681508664368494,ITAJAI,,BRA,0.0,anchorage_overrides,,,,,,0,,,0,,,BRA
Only in scratch_amanda,94df2d5f,-26.861712780299012,-48.73671337169927,ITAJAI,,BRA,0.0,anchorage_overrides,,,,,,0,,,0,,,BRA
Only in scratch_amanda,94d8cd21,-26.888054084018332,-48.70157679201358,ITAJAI,,BRA,0.0,anchorage_overrides,,,,,,0,,,0,,,BRA
Only in scratch_amanda,94df32b9,-26.879329607322497,-48.73169250834778,ITAJAI,,BRA,0.0,anchorage_overrides,,,,,,0,,,0,,,BRA
Only in scratch_amanda,94d8cc5f,-26.89854346013819,-48.67649275996053,ITAJAI,,BRA,0.0,anchorage_overrides,,,,,,0,,,0,,,BRA
Only in scratch_amanda,94df32b3,-26.870928412517273,-48.72165213342359,ITAJAI,,BRA,0.0,anchorage_overrides,,,,,,0,,,0,,,BRA
Only in scratch_amanda,94d8cd19,-26.88142980228745,-48.69655908369421,ITAJAI,,BRA,0.0,anchorage_overrides,,,,,,0,,,0,,,BRA
Only in scratch_amanda,94d8cd15,-26.87173717635768,-48.69655908369421,ITAJAI,,BRA,0.0,anchorage_overrides,,,,,,0,,,0,,,BRA
Only in scratch_amanda,94d8cc4b,-26.878671960198215,-48.66144775349456,ITAJAI,,BRA,0.0,anchorage_overrides,,,,,,0,,,0,,,BRA
Only in scratch_amanda,94d8cc57,-26.888853351964094,-48.67649275996053,ITAJAI,,BRA,0.0,anchorage_overrides,,,,,,0,,,0,,,BRA
Only in scratch_amanda,94d8cbff,-26.910302856719383,-48.64139406238644,ITAJAI,,BRA,0.0,anchorage_overrides,,,,,,0,,,0,,,BRA
Only in scratch_amanda,94d8cd55,-26.85945673504243,-48.71663262194544,ITAJAI,,BRA,0.0,anchorage_overrides,,,,,,0,,,0,,,BRA
Only in scratch_amanda,94d8cd23,-26.883207663739245,-48.701576792013576,ITAJAI,,BRA,0.0,anchorage_overrides,,,,,,0,,,0,,,BRA
Only in scratch_amanda,94df2d59,-26.859936977341285,-48.73169250834778,ITAJAI,,BRA,0.0,anchorage_overrides,,,,,,0,,,0,,,BRA
Only in scratch_amanda,94d8cdad,-26.877384493780102,-48.67147730664769,ITAJAI,,BRA,0.0,anchorage_overrides,,,,,,0,,,0,,,BRA
Only in scratch_amanda,94d8cbf9,-26.91208372527992,-48.646406808147105,ITAJAI,,BRA,0.0,anchorage_overrides,,,,,,0,,,0,,,BRA
Only in scratch_amanda,94d8cd5f,-26.854127560885622,-48.701576792013576,ITAJAI,,BRA,0.0,anchorage_overrides,,,,,,0,,,0,,,BRA
Only in scratch_amanda,94d8cd01,-26.880941316681827,-48.68150866436849,ITAJAI,,BRA,0.0,anchorage_overrides,,,,,,0,,,0,,,BRA
Only in scratch_amanda,94d8cdb3,-26.875605972791018,-48.66646230447678,ITAJAI,,BRA,0.0,anchorage_overrides,,,,,,0,,,0,,,BRA
Only in scratch_amanda,94d8cdb5,-26.873827378879344,-48.66144775349457,ITAJAI,,BRA,0.0,anchorage_overrides,,,,,,0,,,0,,,BRA
Only in scratch_amanda,94d8ccfb,-26.89241091022133,-48.6865250198247,ITAJAI,,BRA,0.0,anchorage_overrides,,,,,,0,,,0,,,BRA
Only in scratch_amanda,94df32b1,-26.872705024509536,-48.72667209557347,ITAJAI,,BRA,0.0,anchorage_overrides,,,,,,0,,,0,,,BRA
Only in scratch_amanda,94d8cd4d,-26.869151726892063,-48.71663262194545,ITAJAI,,BRA,0.0,anchorage_overrides,,,,,,0,,,0,,,BRA
Only in scratch_amanda,94d8cc4d,-26.880450774630734,-48.666462304476795,ITAJAI,,BRA,0.0,anchorage_overrides,,,,,,0,,,0,,,BRA
Only in scratch_amanda,94df2d53,-26.851537246291848,-48.72165213342359,ITAJAI,,BRA,0.0,anchorage_overrides,,,,,,0,,,0,,,BRA
Only in scratch_amanda,94d8d2a7,-26.851056858536268,-48.70659495119333,ITAJAI,,BRA,0.0,anchorage_overrides,,,,,,0,,,0,,,BRA
Only in scratch_amanda,94d8cda1,-26.86462676199731,-48.67649275996053,ITAJAI,,BRA,0.0,anchorage_overrides,,,,,,0,,,0,,,BRA
Only in scratch_amanda,94d8cd13,-26.86995968252831,-48.69154182628224,ITAJAI,,BRA,0.0,anchorage_overrides,,,,,,0,,,0,,,BRA
Only in scratch_amanda,94d8cd6b,-26.866890750532853,-48.69655908369421,ITAJAI,,BRA,0.0,anchorage_overrides,,,,,,0,,,0,,,BRA
Only in scratch_amanda,94d8cdaf,-26.872539396203088,-48.67147730664769,ITAJAI,,BRA,0.0,anchorage_overrides,,,,,,0,,,0,,,BRA
Only in scratch_amanda,94df2d35,-26.836993085273132,-48.72165213342359,ITAJAI,,BRA,0.0,anchorage_overrides,,,,,,0,,,0,,,BRA
Only in scratch_amanda,94d8cc6f,-26.90467365236513,-48.666462304476795,ITAJAI,,BRA,0.0,anchorage_overrides,,,,,,0,,,0,,,BRA
Only in scratch_amanda,94df32a1,-26.866561271221816,-48.73671337169927,ITAJAI,,BRA,0.0,anchorage_overrides,,,,,,0,,,0,,,BRA
Only in scratch_amanda,94d8cc75,-26.91258191695671,-48.66144775349457,ITAJAI,,BRA,0.0,anchorage_overrides,,,,,,0,,,0,,,BRA
Only in scratch_amanda,94d8cc71,-26.909518000896178,-48.66646230447678,ITAJAI,,BRA,0.0,anchorage_overrides,,,,,,0,,,0,,,BRA
Only in scratch_amanda,94d8d2a9,-26.852833029242145,-48.71161356118631,ITAJAI,,BRA,0.0,anchorage_overrides,,,,,,0,,,0,,,BRA
Only in scratch_amanda,94d8cc37,-26.881737358478254,-48.65643365374777,ITAJAI,,BRA,0.0,anchorage_overrides,,,,,,0,,,0,,,BRA
Only in scratch_amanda,94df2d4f,-26.848464776218226,-48.72667209557347,ITAJAI,,BRA,0.0,anchorage_overrides,,,,,,0,,,0,,,BRA
Only in scratch_amanda,94d8cd51,-26.86252772991159,-48.71161356118631,ITAJAI,,BRA,0.0,anchorage_overrides,,,,,,0,,,0,,,BRA
Only in scratch_amanda,94d8cd09,-26.87125016425506,-48.68150866436849,ITAJAI,,BRA,0.0,anchorage_overrides,,,,,,0,,,0,,,BRA
Only in scratch_amanda,94d8cd1f,-26.88627600218557,-48.69655908369421,ITAJAI,,BRA,0.0,anchorage_overrides,,,,,,0,,,0,,,BRA
Only in scratch_amanda,94df32a3,-26.87140968691876,-48.73671337169927,ITAJAI,,BRA,0.0,anchorage_overrides,,,,,,0,,,0,,,BRA
Only in scratch_amanda,94d8cc0b,-26.91080148733184,-48.65643365374777,ITAJAI,,BRA,0.0,anchorage_overrides,,,,,,0,,,0,,,BRA
Only in scratch_amanda,94df32cf,-26.887248270420645,-48.72667209557347,ITAJAI,,BRA,0.0,anchorage_overrides,,,,,,0,,,0,,,BRA
Only in scratch_amanda,94d8cc01,-26.905459760825845,-48.64139406238644,ITAJAI,,BRA,0.0,anchorage_overrides,,,,,,0,,,0,,,BRA
Only in scratch_amanda,94d8ccf1,-26.897256442742933,-48.68652501982471,ITAJAI,,BRA,0.0,anchorage_overrides,,,,,,0,,,0,,,BRA
Only in scratch_amanda,94d8cd03,-26.882719618440117,-48.6865250198247,ITAJAI,,BRA,0.0,anchorage_overrides,,,,,,0,,,0,,,BRA
Only in scratch_amanda,94d8cd57,-26.8576804170541,-48.71161356118631,ITAJAI,,BRA,0.0,anchorage_overrides,,,,,,0,,,0,,,BRA
Only in scratch_amanda,94d8ccfd,-26.887565302085942,-48.6865250198247,ITAJAI,,BRA,0.0,anchorage_overrides,,,,,,0,,,0,,,BRA
Only in scratch_amanda,94d8cdab,-26.879162941769422,-48.67649275996053,ITAJAI,,BRA,0.0,anchorage_overrides,,,,,,0,,,0,,,BRA
Only in scratch_amanda,94d8cd73,-26.863336130819818,-48.6865250198247,ITAJAI,,BRA,0.0,anchorage_overrides,,,,,,0,,,0,,,BRA
Only in scratch_amanda,94d8cc07,-26.907240409189217,-48.646406808147105,ITAJAI,,BRA,0.0,anchorage_overrides,,,,,,0,,,0,,,BRA
Only in scratch_amanda,94d8cc73,-26.90773786447913,-48.66144775349457,ITAJAI,,BRA,0.0,anchorage_overrides,,,,,,0,,,0,,,BRA
Only in scratch_amanda,94d8cd6f,-26.86026719697411,-48.69154182628224,ITAJAI,,BRA,0.0,anchorage_overrides,,,,,,0,,,0,,,BRA
Only in scratch_amanda,94d8cd3b,-26.88013873560265,-48.70659495119333,ITAJAI,,BRA,0.0,anchorage_overrides,,,,,,0,,,0,,,BRA
Only in scratch_amanda,94df32bd,-26.876258027286287,-48.73671337169927,ITAJAI,,BRA,0.0,anchorage_overrides,,,,,,0,,,0,,,BRA
Only in scratch_amanda,94df32a5,-26.86963344288211,-48.731692508347784,ITAJAI,,BRA,0.0,anchorage_overrides,,,,,,0,,,0,,,BRA
Only in scratch_amanda,94d8cd31,-26.881916229727143,-48.71161356118631,ITAJAI,,BRA,0.0,anchorage_overrides,,,,,,0,,,0,,,BRA
Only in scratch_amanda,94d8cc3f,-26.89142570368262,-48.656433653747776,ITAJAI,,BRA,0.0,anchorage_overrides,,,,,,0,,,0,,,BRA
Only in scratch_amanda,94df2d37,-26.83876815253037,-48.72667209557347,ITAJAI,,BRA,0.0,anchorage_overrides,,,,,,0,,,0,,,BRA
Only in scratch_amanda,94d8cd35,-26.878846417878755,-48.71663262194545,ITAJAI,,BRA,0.0,anchorage_overrides,,,,,,0,,,0,,,BRA
Only in scratch_amanda,94d8d2b5,-26.84006585206659,-48.71663262194544,ITAJAI,,BRA,0.0,anchorage_overrides,,,,,,0,,,0,,,BRA
Only in scratch_amanda,94d8ccf9,-26.89063216769751,-48.681508664368494,ITAJAI,,BRA,0.0,anchorage_overrides,,,,,,0,,,0,,,BRA
Only in scratch_amanda,94d8cd3d,-26.87836116799354,-48.70157679201358,ITAJAI,,BRA,0.0,anchorage_overrides,,,,,,0,,,0,,,BRA
Only in scratch_amanda,94d8cd49,-26.872222130349215,-48.71161356118631,ITAJAI,,BRA,0.0,anchorage_overrides,,,,,,0,,,0,,,BRA
Only in scratch_amanda,94d8cc35,-26.87689307289255,-48.65643365374777,ITAJAI,,BRA,0.0,anchorage_overrides,,,,,,0,,,0,,,BRA
Only in scratch_amanda,94d8cc11,-26.899333684740707,-48.65142000528306,ITAJAI,,BRA,0.0,anchorage_overrides,,,,,,0,,,0,,,BRA
Only in scratch_amanda,94d8cbfb,-26.916926965468736,-48.64640680814711,ITAJAI,,BRA,0.0,anchorage_overrides,,,,,,0,,,0,,,BRA
Only in scratch_amanda,94d8cd4f,-26.86737496771113,-48.71161356118631,ITAJAI,,BRA,0.0,anchorage_overrides,,,,,,0,,,0,,,BRA
Only in scratch_amanda,94d8cd45,-26.86559813505167,-48.70659495119333,ITAJAI,,BRA,0.0,anchorage_overrides,,,,,,0,,,0,,,BRA
Only in scratch_amanda,94d8cc17,-26.894489921231035,-48.65142000528306,ITAJAI,,BRA,0.0,anchorage_overrides,,,,,,0,,,0,,,BRA
Only in scratch_amanda,94d8cc03,-26.900616589187937,-48.64139406238644,ITAJAI,,BRA,0.0,anchorage_overrides,,,,,,0,,,0,,,BRA
Only in scratch_amanda,94d8cda7,-26.86947223038089,-48.67649275996053,ITAJAI,,BRA,0.0,anchorage_overrides,,,,,,0,,,0,,,BRA
Only in scratch_amanda,94d8cd75,-26.861558711244193,-48.68150866436849,ITAJAI,,BRA,0.0,anchorage_overrides,,,,,,0,,,0,,,BRA
Only in scratch_amanda,94d8d2b7,-26.838290417114663,-48.711613561186304,ITAJAI,,BRA,0.0,anchorage_overrides,,,,,,0,,,0,,,BRA
Only in scratch_amanda,94df32ad,-26.86608073360719,-48.7216521334236,ITAJAI,,BRA,0.0,anchorage_overrides,,,,,,0,,,0,,,BRA
Only in scratch_amanda,94d8d2ab,-26.854609126552756,-48.71663262194545,ITAJAI,,BRA,0.0,anchorage_overrides,,,,,,0,,,0,,,BRA
Only in scratch_amanda,94df32cb,-26.88062354442385,-48.72165213342359,ITAJAI,,BRA,0.0,anchorage_overrides,,,,,,0,,,0,,,BRA
Only in scratch_amanda,94d8cd77,-26.85671287227821,-48.68150866436849,ITAJAI,,BRA,0.0,anchorage_overrides,,,,,,0,,,0,,,BRA
Only in scratch_amanda,94d8cd5d,-26.858974432412968,-48.70157679201358,ITAJAI,,BRA,0.0,anchorage_overrides,,,,,,0,,,0,,,BRA
Only in scratch_amanda,94d8cd2f,-26.886763166260103,-48.71161356118631,ITAJAI,,BRA,0.0,anchorage_overrides,,,,,,0,,,0,,,BRA
Only in scratch_amanda,94d8cdb1,-26.870761095761416,-48.66646230447678,ITAJAI,,BRA,0.0,anchorage_overrides,,,,,,0,,,0,,,BRA
Only in scratch_amanda,94d8cc5b,-26.891919334632775,-48.67147730664769,ITAJAI,,BRA,0.0,anchorage_overrides,,,,,,0,,,0,,,BRA
Only in scratch_amanda,94df2d5b,-26.85508863191706,-48.73169250834778,ITAJAI,,BRA,0.0,anchorage_overrides,,,,,,0,,,0,,,BRA
Only in scratch_amanda,94df32cd,-26.885470997213385,-48.72165213342359,ITAJAI,,BRA,0.0,anchorage_overrides,,,,,,0,,,0,,,BRA
Only in scratch_amanda,94d8cbf1,-26.918707981280992,-48.65142000528305,ITAJAI,,BRA,0.0,anchorage_overrides,,,,,,0,,,0,,,BRA
Only in scratch_amanda,94d8cce3,-26.8893437509951,-48.69154182628224,ITAJAI,,BRA,0.0,anchorage_overrides,,,,,,0,,,0,,,BRA
Only in scratch_amanda,94d8cd07,-26.876095778093145,-48.68150866436849,ITAJAI,,BRA,0.0,anchorage_overrides,,,,,,0,,,0,,,BRA
Only in scratch_amanda,00b9184b,-20.894283443511615,-40.77412889114087,ITAPEMIRIM,,BRA,0.0,anchorage_overrides,,,,,,0,,,0,,,BRA
Only in scratch_amanda,00b919c9,-20.883059029293044,-40.7791932283871,ITAPEMIRIM,,BRA,0.0,anchorage_overrides,,,,,,0,,,0,,,BRA
Only in scratch_amanda,00b919b7,-20.884513754564303,-40.77412889114087,ITAPEMIRIM,,BRA,0.0,anchorage_overrides,,,,,,0,,,0,,,BRA
Only in scratch_amanda,00b91837,-20.897712817093986,-40.7791932283871,ITAPEMIRIM,,BRA,0.0,anchorage_overrides,,,,,,0,,,0,,,BRA
Only in scratch_amanda,00b91835,-20.89282816285088,-40.7791932283871,ITAPEMIRIM,,BRA,0.0,anchorage_overrides,,,,,,0,,,0,,,BRA
Only in scratch_amanda,00b919b5,-20.889398569864927,-40.77412889114087,ITAPEMIRIM,,BRA,0.0,anchorage_overrides,,,,,,0,,,0,,,BRA
Only in scratch_amanda,00b919cb,-20.887943566879425,-40.7791932283871,ITAPEMIRIM,,BRA,0.0,anchorage_overrides,,,,,,0,,,0,,,BRA
Only in scratch_amanda,00b91849,-20.899168375390968,-40.77412889114087,ITAPEMIRIM,,BRA,0.0,anchorage_overrides,,,,,,0,,,0,,,BRA
Only in scratch_amanda,07c1a115,-3.1932392885183445,-39.380265248251646,ITAPIPOCA,,BRA,0.0,anchorage_overrides,,,,,,0,,,0,,,BRA
Only in scratch_amanda,07c1a107,-3.181824133364591,-39.369896951786814,ITAPIPOCA,,BRA,0.0,anchorage_overrides,,,,,,0,,,0,,,BRA
Only in scratch_amanda,07c1a10b,-3.1813526025278636,-39.380265248251646,ITAPIPOCA,,BRA,0.0,anchorage_overrides,,,,,,0,,,0,,,BRA
Only in scratch_amanda,07c1a117,-3.193475934486537,-39.37508131491558,ITAPIPOCA,,BRA,0.0,anchorage_overrides,,,,,,0,,,0,,,BRA
Only in scratch_amanda,07c1a113,-3.1892766517885502,-39.38026524825165,ITAPIPOCA,,BRA,0.0,anchorage_overrides,,,,,,0,,,0,,,BRA
Only in scratch_amanda,07c1a16d,-3.189040291709731,-39.38544875173008,ITAPIPOCA,,BRA,0.0,anchorage_overrides,,,,,,0,,,0,,,BRA
Only in scratch_amanda,07c1a101,-3.182059888939226,-39.364712158930246,ITAPIPOCA,,BRA,0.0,anchorage_overrides,,,,,,0,,,0,,,BRA
Only in scratch_amanda,07c1a173,-3.185078355462857,-39.38544875173009,ITAPIPOCA,,BRA,0.0,anchorage_overrides,,,,,,0,,,0,,,BRA
Only in scratch_amanda,07c1a10f,-3.1855504842035103,-39.375081314915576,ITAPIPOCA,,BRA,0.0,anchorage_overrides,,,,,,0,,,0,,,BRA
Only in scratch_amanda,07c1a11b,-3.1897493522537763,-39.36989695178681,ITAPIPOCA,,BRA,0.0,anchorage_overrides,,,,,,0,,,0,,,BRA
Only in scratch_amanda,07c1a109,-3.181588371223688,-39.37508131491558,ITAPIPOCA,,BRA,0.0,anchorage_overrides,,,,,,0,,,0,,,BRA
Only in scratch_amanda,07c1a10d,-3.185314423109163,-39.380265248251646,ITAPIPOCA,,BRA,0.0,anchorage_overrides,,,,,,0,,,0,,,BRA
Only in scratch_amanda,07c1a105,-3.1857865387345377,-39.36989695178681,ITAPIPOCA,,BRA,0.0,anchorage_overrides,,,,,,0,,,0,,,BRA
Only in scratch_amanda,07c1a175,-3.181116827288464,-39.38544875173008,ITAPIPOCA,,BRA,0.0,anchorage_overrides,,,,,,0,,,0,,,BRA
Only in scratch_amanda,07c1a111,-3.189513005307022,-39.37508131491558,ITAPIPOCA,,BRA,0.0,anchorage_overrides,,,,,,0,,,0,,,BRA
Only in scratch_amanda,07c1f0b9,-2.9501809101655105,-39.79873063517729,ITAREMA,,BRA,0.0,anchorage_overrides,,,,,,0,,,0,,,BRA
Only in scratch_amanda,07c1f0f7,-2.9702094392676623,-39.788432382341114,ITAREMA,,BRA,0.0,anchorage_overrides,,,,,,0,,,0,,,BRA
Only in scratch_amanda,07c1f091,-2.961709125942586,-39.80387910919894,ITAREMA,,BRA,0.0,anchorage_overrides,,,,,,0,,,0,,,BRA
Only in scratch_amanda,07c1f08b,-2.9697655738992883,-39.79873063517729,ITAREMA,,BRA,0.0,anchorage_overrides,,,,,,0,,,0,,,BRA
Only in scratch_amanda,07c1f0c1,-2.9543177945371903,-39.793581726204366,ITAREMA,,BRA,0.0,anchorage_overrides,,,,,,0,,,0,,,BRA
Only in scratch_amanda,07c1f8d9,-2.903436226161388,-39.88619549062235,ITAREMA,,BRA,0.0,anchorage_overrides,,,,,,0,,,0,,,BRA
Only in scratch_amanda,07c1f8d1,-2.89931289868164,-39.89133656119372,ITAREMA,,BRA,0.0,anchorage_overrides,,,,,,0,,,0,,,BRA
Only in scratch_amanda,07c1f0b7,-2.946265202909193,-39.79873063517729,ITAREMA,,BRA,0.0,anchorage_overrides,,,,,,0,,,0,,,BRA
Only in scratch_amanda,07c1f923,-2.91146790556744,-39.881053984071,ITAREMA,,BRA,0.0,anchorage_overrides,,,,,,0,,,0,,,BRA
Only in scratch_amanda,07c1f917,-2.915593906119951,-39.87591204159972,ITAREMA,,BRA,0.0,anchorage_overrides,,,,,,0,,,0,,,BRA
Only in scratch_amanda,07c1f8cf,-2.8954073419830997,-39.891336561193725,ITAREMA,,BRA,0.0,anchorage_overrides,,,,,,0,,,0,,,BRA
Only in scratch_amanda,07c1f095,-2.9580135503052167,-39.79873063517729,ITAREMA,,BRA,0.0,anchorage_overrides,,,,,,0,,,0,,,BRA
Only in scratch_amanda,07c1f0c7,-2.9504013870963326,-39.79358172620436,ITAREMA,,BRA,0.0,anchorage_overrides,,,,,,0,,,0,,,BRA
Only in scratch_amanda,07c1f0f1,-2.966291106222068,-39.788432382341114,ITAREMA,,BRA,0.0,anchorage_overrides,,,,,,0,,,0,,,BRA
Only in scratch_amanda,07c1f0f5,-2.969987509228006,-39.793581726204366,ITAREMA,,BRA,0.0,anchorage_overrides,,,,,,0,,,0,,,BRA
Only in scratch_amanda,07c1f0ef,-2.9623731816043053,-39.788432382341114,ITAREMA,,BRA,0.0,anchorage_overrides,,,,,,0,,,0,,,BRA
Only in scratch_amanda,07c1f92f,-2.911032020353004,-39.891336561193725,ITAREMA,,BRA,0.0,anchorage_overrides,,,,,,0,,,0,,,BRA
Only in scratch_amanda,07c1f0c9,-2.9464853882393105,-39.793581726204366,ITAREMA,,BRA,0.0,anchorage_overrides,,,,,,0,,,0,,,BRA
Only in scratch_amanda,07c1f925,-2.911249965462034,-39.88619549062235,ITAREMA,,BRA,0.0,anchorage_overrides,,,,,,0,,,0,,,BRA
Only in scratch_amanda,07c1f919,-2.911685840658965,-39.875912041599726,ITAREMA,,BRA,0.0,anchorage_overrides,,,,,,0,,,0,,,BRA
Only in scratch_amanda,07c1f08f,-2.965626175442772,-39.80387910919893,ITAREMA,,BRA,0.0,anchorage_overrides,,,,,,0,,,0,,,BRA
Only in scratch_amanda,07c1f93b,-2.915157447910692,-39.88619549062235,ITAREMA,,BRA,0.0,anchorage_overrides,,,,,,0,,,0,,,BRA
Only in scratch_amanda,07c1f91f,-2.9077781837680052,-39.87591204159972,ITAREMA,,BRA,0.0,anchorage_overrides,,,,,,0,,,0,,,BRA
Only in scratch_amanda,07c1f929,-2.9071252379116586,-39.89133656119372,ITAREMA,,BRA,0.0,anchorage_overrides,,,,,,0,,,0,,,BRA
Only in scratch_amanda,07c1f8d5,-2.9030014968714055,-39.89647719572497,ITAREMA,,BRA,0.0,anchorage_overrides,,,,,,0,,,0,,,BRA
Only in scratch_amanda,07c1f927,-2.9073428915305617,-39.88619549062235,ITAREMA,,BRA,0.0,anchorage_overrides,,,,,,0,,,0,,,BRA
Only in scratch_amanda,07c1f0bd,-2.9538762521716366,-39.80387910919894,ITAREMA,,BRA,0.0,anchorage_overrides,,,,,,0,,,0,,,BRA
Only in scratch_amanda,07c1f921,-2.9075605401527587,-39.881053984071,ITAREMA,,BRA,0.0,anchorage_overrides,,,,,,0,,,0,,,BRA
Only in scratch_amanda,07c1f8df,-2.903653583326808,-39.881053984071,ITAREMA,,BRA,0.0,anchorage_overrides,,,,,,0,,,0,,,BRA
Only in scratch_amanda,07c1f0ed,-2.9621518349882674,-39.793581726204366,ITAREMA,,BRA,0.0,anchorage_overrides,,,,,,0,,,0,,,BRA
Only in scratch_amanda,07c1f8c3,-2.8958408956214687,-39.881053984071,ITAREMA,,BRA,0.0,anchorage_overrides,,,,,,0,,,0,,,BRA
Only in scratch_amanda,07c1f0bf,-2.954097025979358,-39.79873063517729,ITAREMA,,BRA,0.0,anchorage_overrides,,,,,,0,,,0,,,BRA
Only in scratch_amanda,07c1f8c5,-2.895624121290265,-39.88619549062235,ITAREMA,,BRA,0.0,anchorage_overrides,,,,,,0,,,0,,,BRA
Only in scratch_amanda,07c1f8d7,-2.9032188640061785,-39.89133656119372,ITAREMA,,BRA,0.0,anchorage_overrides,,,,,,0,,,0,,,BRA
Only in scratch_amanda,07c1f0c3,-2.9545385578347005,-39.78843238234111,ITAREMA,,BRA,0.0,anchorage_overrides,,,,,,0,,,0,,,BRA
Only in scratch_amanda,07c1f0c5,-2.950621858774014,-39.78843238234111,ITAREMA,,BRA,0.0,anchorage_overrides,,,,,,0,,,0,,,BRA
Only in scratch_amanda,07c1f097,-2.957792484837021,-39.80387910919894,ITAREMA,,BRA,0.0,anchorage_overrides,,,,,,0,,,0,,,BRA
Only in scratch_amanda,07c1f93d,-2.9153756795257286,-39.88105398407101,ITAREMA,,BRA,0.0,anchorage_overrides,,,,,,0,,,0,,,BRA
Only in scratch_amanda,07c1f093,-2.9619304830975404,-39.79873063517729,ITAREMA,,BRA,0.0,anchorage_overrides,,,,,,0,,,0,,,BRA
Only in scratch_amanda,07c1f8e1,-2.903870935492208,-39.87591204159972,ITAREMA,,BRA,0.0,anchorage_overrides,,,,,,0,,,0,,,BRA
Only in scratch_amanda,07c1f8db,-2.899529969399601,-39.88619549062235,ITAREMA,,BRA,0.0,anchorage_overrides,,,,,,0,,,0,,,BRA
Only in scratch_amanda,07c1f0e9,-2.958455665459985,-39.788432382341114,ITAREMA,,BRA,0.0,anchorage_overrides,,,,,,0,,,0,,,BRA
Only in scratch_amanda,07c1f08d,-2.965847824310762,-39.79873063517729,ITAREMA,,BRA,0.0,anchorage_overrides,,,,,,0,,,0,,,BRA
Only in scratch_amanda,07c1f8dd,-2.8997470351346863,-39.881053984071,ITAREMA,,BRA,0.0,anchorage_overrides,,,,,,0,,,0,,,BRA
Only in scratch_amanda,07c1f0f3,-2.9660694679073525,-39.793581726204366,ITAREMA,,BRA,0.0,anchorage_overrides,,,,,,0,,,0,,,BRA
Only in scratch_amanda,07c1f0eb,-2.9582346105163535,-39.793581726204366,ITAREMA,,BRA,0.0,anchorage_overrides,,,,,,0,,,0,,,BRA
Only in scratch_amanda,183fe789,-3.6355167,39.8433491,KILIFI,KILIFI,KEN,0.0,anchorage_overrides,,,,,,0,,,0,,,KEN
Only in scratch_amanda,134e782f,42.163321,18.988548,KRALJINA BEACH,,MNE,0.0,anchorage_overrides,,,,,,0,,,0,,,MNE
Only in scratch_amanda,134c3aef,42.438057,18.587616,KUMBOR,,MNE,0.0,anchorage_overrides,,,,,,0,,,0,,,MNE
Only in scratch_amanda,9615f7a1,-39.89446111111111,-73.41961666666667,LA AGUADA,,CHL,0.0,anchorage_overrides,,,,,,0,,,0,,,CHL
Only in scratch_amanda,9619ad8b,-41.692166666666665,-72.64211111111112,LA ARENA,,CHL,0.0,anchorage_overrides,,,,,,0,,,0,,,CHL
Only in scratch_amanda,961571d7,-39.24666666666667,-73.22,LA BARRA,,CHL,0.0,anchorage_overrides,,,,,,0,,,0,,,CHL
Only in scratch_amanda,8faca5f9,8.947,-79.565,LA BOCA,,PAN,0.0,anchorage_overrides,,,,,,0,,,0,,,PAN
Only in scratch_amanda,9689393d,-31.948027777777774,-71.5114138888889,LA CACHINA,,CHL,0.0,anchorage_overrides,,,,,,0,,,0,,,CHL
Only in scratch_amanda,9640488f,-38.3527,-73.8962638888889,LA CALERA (ISLA MOCHA),,CHL,0.0,anchorage_overrides,,,,,,0,,,0,,,CHL
Only in scratch_amanda,96684c89,-36.70280555555556,-72.9771138888889,LA CATA,,CHL,0.0,anchorage_overrides,,,,,,0,,,0,,,CHL
Only in scratch_amanda,968e61e3,-31.016708333333337,-71.65054444444445,LA CEBADA,,CHL,0.0,anchorage_overrides,,,,,,0,,,0,,,CHL
Only in scratch_amanda,9696d1f5,-28.744525,-71.36172499999999,LA CHEPICA,,CHL,0.0,anchorage_overrides,,,,,,0,,,0,,,CHL
Only in scratch_amanda,96bab12d,-24.645919444444445,-70.5625,LA COLORADA,,CHL,0.0,anchorage_overrides,,,,,,0,,,0,,,CHL
Only in scratch_amanda,3175cf45,10.65462851,107.7758731,LA GI FISHING PORT,,VNM,0.0,anchorage_overrides,,,,,,0,,,0,,,VNM
Only in scratch_amanda,964048e9,-38.3391,-73.91112500000001,LA HACIENDA (ISLA MOCHA),,CHL,0.0,anchorage_overrides,,,,,,0,,,0,,,CHL
Only in scratch_amanda,9615ee15,-39.83314722222222,-73.25509722222222,LA ISLA & LAS MUNECAS & MUELLE CALYPSO & MUELLE CARTAGENA & MUELLE ETCHEPARE (VALDIVIA) & SANTA ISABEL & SHIVAR,,CHL,0.0,anchorage_overrides,,,,,,0,,,0,,,CHL
Only in scratch_amanda,9615f45f,-39.79700833333333,-73.39639722222223,LA MISION,,CHL,0.0,anchorage_overrides,,,,,,0,,,0,,,CHL
Only in scratch_amanda,9622a387,-41.605361111111115,-73.59813888888888,LA PASADA,,CHL,0.0,anchorage_overrides,,,,,,0,,,0,,,CHL
Only in scratch_amanda,96669705,-34.98278055555556,-72.18171666666667,LA PESCA,,CHL,0.0,anchorage_overrides,,,,,,0,,,0,,,CHL
Only in scratch_amanda,91406f65,-16.404805057468966,-73.2165148275862,LA PLANCHADA,,PER,0.0,anchorage_overrides,,,,,,0,,,0,,,PER
Only in scratch_amanda,961855c5,-41.84229166666667,-72.79024166666666,LA POZA,,CHL,0.0,anchorage_overrides,,,,,,0,,,0,,,CHL
Only in scratch_amanda,96185ef1,-41.85231111111111,-73.0299888888889,LA POZA DE LLAICHA,,CHL,0.0,anchorage_overrides,,,,,,0,,,0,,,CHL
Only in scratch_amanda,913fece5,-16.238691509433963,-73.70739518867926,LA PUNTA,,PER,0.0,anchorage_overrides,,,,,,0,,,0,,,PER
Only in scratch_amanda,913fec57,-16.22239,-73.70759363636364,LA PUNTA,,PER,0.0,anchorage_overrides,,,,,,0,,,0,,,PER
Only in scratch_amanda,969134f3,-28.895675,-71.50514722222222,LA REINA,,CHL,0.0,anchorage_overrides,,,,,,0,,,0,,,CHL
Only in scratch_amanda,9697ac5b,-27.964655555555556,-71.13772222222222,LA SAL,,CHL,0.0,anchorage_overrides,,,,,,0,,,0,,,CHL
Only in scratch_amanda,9691398b,-29.055369444444445,-71.47895555555556,LA TIFUCA,,CHL,0.0,anchorage_overrides,,,,,,0,,,0,,,CHL
Only in scratch_amanda,966691d7,-35.10005833333334,-72.19604166666667,LA TRINCHERA,,CHL,0.0,anchorage_overrides,,,,,,0,,,0,,,CHL
Only in scratch_amanda,9663d231,-33.915549999999996,-71.80218055555555,LA VEGA DE LA BOCA,,CHL,0.0,anchorage_overrides,,,,,,0,,,0,,,CHL
Only in scratch_amanda,31370827,19.40875289,105.7809066,LACH BANG FISHING PORT,,VNM,0.0,anchorage_overrides,,,,,,0,,,0,,,VNM
Only in scratch_amanda,313650eb,19.7741345,105.900582,LACH HOI FISHING PORT,,VNM,0.0,anchorage_overrides,,,,,,0,,,0,,,VNM
Only in scratch_amanda,31377717,19.10794631,105.7134917,LACH QUEN FISHING PORT,,VNM,0.0,anchorage_overrides,,,,,,0,,,0,,,VNM
Only in scratch_amanda,31377b51,18.9978211,105.6059527,LACH VAN FISHING PORT,,VNM,0.0,anchorage_overrides,,,,,,0,,,0,,,VNM
Only in scratch_amanda,68fa1c73,-6.742875379,147.0037794,LAE,,PNG,0.0,anchorage_overrides,,,,,,0,,,0,,,PNG
Only in scratch_amanda,95215471,-28.50849370070729,-48.77187202733611,LAGUNA,,BRA,0.0,anchorage_overrides,,,,,,0,,,0,,,BRA
Only in scratch_amanda,9521547b,-28.50664707518764,-48.76684801127317,LAGUNA,,BRA,0.0,anchorage_overrides,,,,,,0,,,0,,,BRA
Only in scratch_amanda,952153f5,-28.502548221186206,-48.781921410005225,LAGUNA,,BRA,0.0,anchorage_overrides,,,,,,0,,,0,,,BRA
Only in scratch_amanda,95215393,-28.491063653315894,-48.77689649359604,LAGUNA,,BRA,0.0,anchorage_overrides,,,,,,0,,,0,,,BRA
Only in scratch_amanda,952153ed,-28.492909304223183,-48.78192141000523,LAGUNA,,BRA,0.0,anchorage_overrides,,,,,,0,,,0,,,BRA
Only in scratch_amanda,95215389,-28.498856028560027,-48.77187202733611,LAGUNA,,BRA,0.0,anchorage_overrides,,,,,,0,,,0,,,BRA
Only in scratch_amanda,95215391,-28.48921791847583,-48.77187202733611,LAGUNA,,BRA,0.0,anchorage_overrides,,,,,,0,,,0,,,BRA
Only in scratch_amanda,9521538f,-28.49403702821081,-48.77187202733611,LAGUNA,,BRA,0.0,anchorage_overrides,,,,,,0,,,0,,,BRA
Only in scratch_amanda,95215383,-28.490344903438626,-48.76182444545489,LAGUNA,,BRA,0.0,anchorage_overrides,,,,,,0,,,0,,,BRA
Only in scratch_amanda,95215475,-28.505521259382732,-48.77689649359604,LAGUNA,,BRA,0.0,anchorage_overrides,,,,,,0,,,0,,,BRA
Only in scratch_amanda,95215381,-28.495163500288538,-48.76182444545489,LAGUNA,,BRA,0.0,anchorage_overrides,,,,,,0,,,0,,,BRA
Only in scratch_amanda,9521538b,-28.500702166868685,-48.77689649359604,LAGUNA,,BRA,0.0,anchorage_overrides,,,,,,0,,,0,,,BRA
Only in scratch_amanda,9521537f,-28.49331711048528,-48.75680132992895,LAGUNA,,BRA,0.0,anchorage_overrides,,,,,,0,,,0,,,BRA
Only in scratch_amanda,9521547d,-28.5048003657781,-48.76182444545489,LAGUNA,,BRA,0.0,anchorage_overrides,,,,,,0,,,0,,,BRA
Only in scratch_amanda,9521547f,-28.49998198776785,-48.76182444545489,LAGUNA,,BRA,0.0,anchorage_overrides,,,,,,0,,,0,,,BRA
Only in scratch_amanda,95215385,-28.492191007725893,-48.76684801127317,LAGUNA,,BRA,0.0,anchorage_overrides,,,,,,0,,,0,,,BRA
Only in scratch_amanda,9521539b,-28.487372099782796,-48.766848011273176,LAGUNA,,BRA,0.0,anchorage_overrides,,,,,,0,,,0,,,BRA
Only in scratch_amanda,9521538d,-28.495882964813575,-48.776896493596034,LAGUNA,,BRA,0.0,anchorage_overrides,,,,,,0,,,0,,,BRA
Only in scratch_amanda,95215477,-28.50367491942502,-48.77187202733611,LAGUNA,,BRA,0.0,anchorage_overrides,,,,,,0,,,0,,,BRA
Only in scratch_amanda,95215479,-28.50182849552678,-48.766848011273176,LAGUNA,,BRA,0.0,anchorage_overrides,,,,,,0,,,0,,,BRA
Only in scratch_amanda,952153f3,-28.4977288174544,-48.781921410005225,LAGUNA,,BRA,0.0,anchorage_overrides,,,,,,0,,,0,,,BRA
Only in scratch_amanda,95215481,-28.498135396228005,-48.75680132992895,LAGUNA,,BRA,0.0,anchorage_overrides,,,,,,0,,,0,,,BRA
Only in scratch_amanda,95215387,-28.49700980634005,-48.76684801127317,LAGUNA,,BRA,0.0,anchorage_overrides,,,,,,0,,,0,,,BRA
Only in scratch_amanda,9689e223,-33.10297222222222,-71.67568055555556,LAGUNA VERDE,,CHL,0.0,anchorage_overrides,,,,,,0,,,0,,,CHL
Only in scratch_amanda,963de387,-40.198880555555554,-73.70759166666667,LAMEHUAPI,,CHL,0.0,anchorage_overrides,,,,,,0,,,0,,,CHL
Only in scratch_amanda,31a027f7,9.682861584,106.5339572,LANG CHIM FISHING PORT,,VNM,0.0,anchorage_overrides,,,,,,0,,,0,,,VNM
Only in scratch_amanda,9947ee6f,-27.088288888888886,-109.2983,LAPEROUSE (MANGA HOONU),,CHL,0.0,anchorage_overrides,,,,,,0,,,0,,,CHL
Only in scratch_amanda,9669e961,-37.16623055555556,-73.18659444444445,LARAQUETE,,CHL,0.0,anchorage_overrides,,,,,,0,,,0,,,CHL
Only in scratch_amanda,9615f6d7,-39.870780555555555,-73.38029999999999,LAS CANTERAS,,CHL,0.0,anchorage_overrides,,,,,,0,,,0,,,CHL
Only in scratch_amanda,968939b1,-31.91248055555555,-71.517475,LAS CONCHAS,,CHL,0.0,anchorage_overrides,,,,,,0,,,0,,,CHL
Only in scratch_amanda,9697b207,-27.895119444444443,-71.10779444444444,LAS GAVIOTAS,,CHL,0.0,anchorage_overrides,,,,,,0,,,0,,,CHL
Only in scratch_amanda,96bd2137,-26.644155555555557,-70.72414444444445,LAS LISAS,,CHL,0.0,anchorage_overrides,,,,,,0,,,0,,,CHL
Only in scratch_amanda,964027ab,-38.34828888888889,-73.508125,LAS MISIONES (TIRUA SUR 1),,CHL,0.0,anchorage_overrides,,,,,,0,,,0,,,CHL
Only in scratch_amanda,9669e25d,-37.25848055555556,-73.4371388888889,LAS PENAS,,CHL,0.0,anchorage_overrides,,,,,,0,,,0,,,CHL
Only in scratch_amanda,9641f0a7,-37.600525000000005,-73.65914166666667,LEBU & PUERTO PESQUERO ARTESANAL DE LEBU & SECTOR VARADERO LEBU,,CHL,0.0,anchorage_overrides,,,,,,0,,,0,,,CHL
Only in scratch_amanda,9619b4bd,-41.60698611111111,-72.69120555555556,LENCA,,CHL,0.0,anchorage_overrides,,,,,,0,,,0,,,CHL
Only in scratch_amanda,966834ad,-36.76674166666667,-73.17164166666667,LENGA,,CHL,0.0,anchorage_overrides,,,,,,0,,,0,,,CHL
Only in scratch_amanda,9622a3f3,-41.60505555555556,-73.58194444444445,LEPIHUE,,CHL,0.0,anchorage_overrides,,,,,,0,,,0,,,CHL
Only in scratch_amanda,9689a7bd,-32.41495,-71.41327777777778,LIGUA,,CHL,0.0,anchorage_overrides,,,,,,0,,,0,,,CHL
Only in scratch_amanda,968e6c47,-30.735269444444445,-71.70051111111111,LIMARI,,CHL,0.0,anchorage_overrides,,,,,,0,,,0,,,CHL
Only in scratch_amanda,92bd2a97,-1.884901738384041,-49.37800825004857,LIMOEIRO DO AJURU,,BRA,0.0,anchorage_overrides,,,,,,0,,,0,,,BRA
Only in scratch_amanda,92bd2a95,-1.885044925761258,-49.38308638019157,LIMOEIRO DO AJURU,,BRA,0.0,anchorage_overrides,,,,,,0,,,0,,,BRA
Only in scratch_amanda,92bd2ac1,-1.881429557836792,-49.388164954421626,LIMOEIRO DO AJURU,,BRA,0.0,anchorage_overrides,,,,,,0,,,0,,,BRA
Only in scratch_amanda,92bd2aeb,-1.8851881108379465,-49.388164954421626,LIMOEIRO DO AJURU,,BRA,0.0,anchorage_overrides,,,,,,0,,,0,,,BRA
Only in scratch_amanda,92bd2abd,-1.8811437555100423,-49.378008250048566,LIMOEIRO DO AJURU,,BRA,0.0,anchorage_overrides,,,,,,0,,,0,,,BRA
Only in scratch_amanda,92bd2abf,-1.8812866578213447,-49.38308638019157,LIMOEIRO DO AJURU,,BRA,0.0,anchorage_overrides,,,,,,0,,,0,,,BRA
Only in scratch_amanda,92bd2a5d,-1.9039871058952056,-49.388164954421626,LIMOEIRO DO AJURU,,BRA,0.0,anchorage_overrides,,,,,,0,,,0,,,BRA
Only in scratch_amanda,92bd2a61,-1.900082150724538,-49.38308638019157,LIMOEIRO DO AJURU,,BRA,0.0,anchorage_overrides,,,,,,0,,,0,,,BRA
Only in scratch_amanda,92bd2a91,-1.8886601365872149,-49.378008250048566,LIMOEIRO DO AJURU,,BRA,0.0,anchorage_overrides,,,,,,0,,,0,,,BRA
Only in scratch_amanda,92bd2a67,-1.9038424950768873,-49.38308638019157,LIMOEIRO DO AJURU,,BRA,0.0,anchorage_overrides,,,,,,0,,,0,,,BRA
Only in scratch_amanda,92bd2a99,-1.8847585487128056,-49.37293056404593,LIMOEIRO DO AJURU,,BRA,0.0,anchorage_overrides,,,,,,0,,,0,,,BRA
Only in scratch_amanda,92bd2a5f,-1.9002264763365035,-49.38816495442163,LIMOEIRO DO AJURU,,BRA,0.0,anchorage_overrides,,,,,,0,,,0,,,BRA
Only in scratch_amanda,92bd2a9b,-1.8885166618163625,-49.37293056404592,LIMOEIRO DO AJURU,,BRA,0.0,anchorage_overrides,,,,,,0,,,0,,,BRA
Only in scratch_amanda,92bd2a69,-1.9076032545980195,-49.38308638019158,LIMOEIRO DO AJURU,,BRA,0.0,anchorage_overrides,,,,,,0,,,0,,,BRA
Only in scratch_amanda,92bd2aed,-1.8889470792263572,-49.388164954421626,LIMOEIRO DO AJURU,,BRA,0.0,anchorage_overrides,,,,,,0,,,0,,,BRA
Only in scratch_amanda,92bd2a93,-1.888803609059388,-49.38308638019157,LIMOEIRO DO AJURU,,BRA,0.0,anchorage_overrides,,,,,,0,,,0,,,BRA
Only in scratch_amanda,9618a7b7,-42.40102777777778,-73.42616666666667,LIN-LIN,,CHL,0.0,anchorage_overrides,,,,,,0,,,0,,,CHL
Only in scratch_amanda,962280b7,-41.965500000000006,-73.5483611111111,LINAO,,CHL,0.0,anchorage_overrides,,,,,,0,,,0,,,CHL
Only in scratch_amanda,134c3719,42.496107,18.65806,LIPCI,,MNE,0.0,anchorage_overrides,,,,,,0,,,0,,,MNE
Only in scratch_amanda,96684c91,-36.71080555555556,-72.97745277777778,LIRQUEN,,CHL,0.0,anchorage_overrides,,,,,,0,,,0,,,CHL
Only in scratch_amanda,91445adb,-17.669269630507767,-71.36836310919547,LISAS,,PER,0.0,anchorage_overrides,,,,,,0,,,0,,,PER
Only in scratch_amanda,91445ab9,-17.68563681818182,-71.36605863636365,LISAS,,PER,0.0,anchorage_overrides,,,,,,0,,,0,,,PER
Only in scratch_amanda,91445ab5,-17.685047784946235,-71.37853805376344,LISAS,,PER,0.0,anchorage_overrides,,,,,,0,,,0,,,PER
Only in scratch_amanda,9618fcf9,-41.98269444444445,-72.7645,LLEGUIMAN,,CHL,0.0,anchorage_overrides,,,,,,0,,,0,,,CHL
Only in scratch_amanda,9666a585,-34.75405,-72.0833611111111,LLICO,,CHL,0.0,anchorage_overrides,,,,,,0,,,0,,,CHL
Only in scratch_amanda,96420c83,-37.19423333333333,-73.562825,LLICO,,CHL,0.0,anchorage_overrides,,,,,,0,,,0,,,CHL
Only in scratch_amanda,9618a801,-42.430861111111106,-73.46272222222223,LLINGUA,,CHL,0.0,anchorage_overrides,,,,,,0,,,0,,,CHL
Only in scratch_amanda,96227f6f,-42.022305555555555,-73.47977777777778,LLIUCO,,CHL,0.0,anchorage_overrides,,,,,,0,,,0,,,CHL
Only in scratch_amanda,96664c05,-35.58346944444445,-72.62214999999999,LOANCO,,CHL,0.0,anchorage_overrides,,,,,,0,,,0,,,CHL
Only in scratch_amanda,90365bc7,-4.448225555555556,-81.27976333333334,LOBITOS,,PER,0.0,anchorage_overrides,,,,,,0,,,0,,,PER
Only in scratch_amanda,31759fa9,10.45588894,107.3360508,LOC AN FISHING PORT & TAN PHUOC FISHING PORT,,VNM,0.0,anchorage_overrides,,,,,,0,,,0,,,VNM
Only in scratch_amanda,9622a6ad,-41.593333333333334,-73.55305555555556,LOLCURA,,CHL,0.0,anchorage_overrides,,,,,,0,,,0,,,CHL
Only in scratch_amanda,9615f45d,-39.804824999999994,-73.39926666666668,LONCOYEN,,CHL,0.0,anchorage_overrides,,,,,,0,,,0,,,CHL
Only in scratch_amanda,9689c0ed,-32.78245277777778,-71.50804166666667,LONCURA,,CHL,0.0,anchorage_overrides,,,,,,0,,,0,,,CHL
Only in scratch_amanda,96684f1f,-36.61133888888889,-72.96965833333334,LOS BAGRES,,CHL,0.0,anchorage_overrides,,,,,,0,,,0,,,CHL
Only in scratch_amanda,9697adf1,-27.907891666666664,-71.11369166666667,LOS BURROS,,CHL,0.0,anchorage_overrides,,,,,,0,,,0,,,CHL
Only in scratch_amanda,964048df,-38.33248055555555,-73.91747777777778,LOS CAZONES (ISLA MOCHA),,CHL,0.0,anchorage_overrides,,,,,,0,,,0,,,CHL
Only in scratch_amanda,96402111,-38.423202777777774,-73.52509166666667,LOS CHILCOS (TIRUA SUR 5),,CHL,0.0,anchorage_overrides,,,,,,0,,,0,,,CHL
Only in scratch_amanda,9622e58f,-41.84652777777778,-74.03594444444444,LOS CHONOS,,CHL,0.0,anchorage_overrides,,,,,,0,,,0,,,CHL
Only in scratch_amanda,96911a41,-29.311258333333335,-71.35439166666666,LOS CHOROS (CHOREADERO),,CHL,0.0,anchorage_overrides,,,,,,0,,,0,,,CHL
Only in scratch_amanda,9696d953,-28.5565,-71.28063888888889,LOS LACHOS,,CHL,0.0,anchorage_overrides,,,,,,0,,,0,,,CHL
Only in scratch_amanda,963e1d99,-39.88146388888889,-73.48795,LOS LILES,,CHL,0.0,anchorage_overrides,,,,,,0,,,0,,,CHL
Only in scratch_amanda,96683441,-36.706944444444446,-73.15544444444446,LOS LOBOS,,CHL,0.0,anchorage_overrides,,,,,,0,,,0,,,CHL
Only in scratch_amanda,96bcdbc3,-26.471330555555554,-70.68921666666667,LOS MEDANOS,,CHL,0.0,anchorage_overrides,,,,,,0,,,0,,,CHL
Only in scratch_amanda,9615f697,-39.84536944444445,-73.39685555555556,LOS MOLINOS,,CHL,0.0,anchorage_overrides,,,,,,0,,,0,,,CHL
Only in scratch_amanda,96890d8f,-32.238302777777776,-71.51200277777778,LOS MOLLES,,CHL,0.0,anchorage_overrides,,,,,,0,,,0,,,CHL
Only in scratch_amanda,90369291,-4.172013760030089,-81.13490044007017,LOS ORGANOS,,PER,0.0,anchorage_overrides,,,,,,0,,,0,,,PER
Only in scratch_amanda,9036929b,-4.1739865610780535,-81.13337373615681,LOS ORGANOS,,PER,0.0,anchorage_overrides,,,,,,0,,,0,,,PER
Only in scratch_amanda,9036928f,-4.16987,-81.12977339285715,LOS ORGANOS,,PER,0.0,anchorage_overrides,,,,,,0,,,0,,,PER
Only in scratch_amanda,96665abb,-35.47510555555556,-72.50509722222222,LOS PELLINES,,CHL,0.0,anchorage_overrides,,,,,,0,,,0,,,CHL
Only in scratch_amanda,96157611,-39.388888888888886,-73.19583333333334,LOS PINOS,,CHL,0.0,anchorage_overrides,,,,,,0,,,0,,,CHL
Only in scratch_amanda,9642120b,-37.23501111111111,-73.65384444444445,LOS PIURES,,CHL,0.0,anchorage_overrides,,,,,,0,,,0,,,CHL
Only in scratch_amanda,96891375,-32.168483333333334,-71.53006944444445,LOS POZOS,,CHL,0.0,anchorage_overrides,,,,,,0,,,0,,,CHL
Only in scratch_amanda,96970193,-28.164588888888886,-71.16508055555556,LOS POZOS,,CHL,0.0,anchorage_overrides,,,,,,0,,,0,,,CHL
Only in scratch_amanda,96191c0b,-42.05533333333333,-72.61555555555555,LOS TOROS,,CHL,0.0,anchorage_overrides,,,,,,0,,,0,,,CHL
Only in scratch_amanda,96bcd967,-26.490291666666668,-70.69101111111111,LOS TOYOS,,CHL,0.0,anchorage_overrides,,,,,,0,,,0,,,CHL
Only in scratch_amanda,07ec2381,-2.8871507825355196,-41.67848070867442,LUIS CORREIA,,BRA,0.0,anchorage_overrides,,,,,,0,,,0,,,BRA
Only in scratch_amanda,07ec23a3,-2.884233235046959,-41.65854293160236,LUIS CORREIA,,BRA,0.0,anchorage_overrides,,,,,,0,,,0,,,BRA
Only in scratch_amanda,07ec2371,-2.895217810801926,-41.668512728576104,LUIS CORREIA,,BRA,0.0,anchorage_overrides,,,,,,0,,,0,,,BRA
Only in scratch_amanda,07ec239f,-2.887820357418407,-41.66352805717682,LUIS CORREIA,,BRA,0.0,anchorage_overrides,,,,,,0,,,0,,,BRA
Only in scratch_amanda,07ec237d,-2.894770251939462,-41.67848070867442,LUIS CORREIA,,BRA,0.0,anchorage_overrides,,,,,,0,,,0,,,BRA
Only in scratch_amanda,07ec236f,-2.8990287302382445,-41.668512728576104,LUIS CORREIA,,BRA,0.0,anchorage_overrides,,,,,,0,,,0,,,BRA
Only in scratch_amanda,07ec2385,-2.8835645452638956,-41.67349694575654,LUIS CORREIA,,BRA,0.0,anchorage_overrides,,,,,,0,,,0,,,BRA
Only in scratch_amanda,07ec2365,-2.898804658037143,-41.67349694575654,LUIS CORREIA,,BRA,0.0,anchorage_overrides,,,,,,0,,,0,,,BRA
Only in scratch_amanda,07ec2379,-2.891183804698732,-41.67349694575654,LUIS CORREIA,,BRA,0.0,anchorage_overrides,,,,,,0,,,0,,,BRA
Only in scratch_amanda,07ec230b,-2.8918542553678623,-41.65854293160236,LUIS CORREIA,,BRA,0.0,anchorage_overrides,,,,,,0,,,0,,,BRA
Only in scratch_amanda,07ec2397,-2.880200721239651,-41.66352805717682,LUIS CORREIA,,BRA,0.0,anchorage_overrides,,,,,,0,,,0,,,BRA
Only in scratch_amanda,07ec239d,-2.8875971673532117,-41.668512728576104,LUIS CORREIA,,BRA,0.0,anchorage_overrides,,,,,,0,,,0,,,BRA
Only in scratch_amanda,07ec2393,-2.8761691913696645,-41.66851272857611,LUIS CORREIA,,BRA,0.0,anchorage_overrides,,,,,,0,,,0,,,BRA
Only in scratch_amanda,07ec23a1,-2.8880435459083467,-41.65854293160236,LUIS CORREIA,,BRA,0.0,anchorage_overrides,,,,,,0,,,0,,,BRA
Only in scratch_amanda,07ec239b,-2.883787443424801,-41.668512728576104,LUIS CORREIA,,BRA,0.0,anchorage_overrides,,,,,,0,,,0,,,BRA
Only in scratch_amanda,07ec237f,-2.890960318012914,-41.67848070867442,LUIS CORREIA,,BRA,0.0,anchorage_overrides,,,,,,0,,,0,,,BRA
Only in scratch_amanda,07ec2383,-2.887373975722378,-41.67349694575654,LUIS CORREIA,,BRA,0.0,anchorage_overrides,,,,,,0,,,0,,,BRA
Only in scratch_amanda,07ec238f,-2.879755513365233,-41.67349694575654,LUIS CORREIA,,BRA,0.0,anchorage_overrides,,,,,,0,,,0,,,BRA
Only in scratch_amanda,07ec2373,-2.895441587882647,-41.663528057176826,LUIS CORREIA,,BRA,0.0,anchorage_overrides,,,,,,0,,,0,,,BRA
Only in scratch_amanda,07ec2375,-2.8916307733858337,-41.66352805717682,LUIS CORREIA,,BRA,0.0,anchorage_overrides,,,,,,0,,,0,,,BRA
Only in scratch_amanda,07ec237b,-2.8949940321509855,-41.67349694575654,LUIS CORREIA,,BRA,0.0,anchorage_overrides,,,,,,0,,,0,,,BRA
Only in scratch_amanda,07ec2399,-2.8840103400223573,-41.66352805717682,LUIS CORREIA,,BRA,0.0,anchorage_overrides,,,,,,0,,,0,,,BRA
Only in scratch_amanda,07ec2377,-2.891407289826249,-41.668512728576104,LUIS CORREIA,,BRA,0.0,anchorage_overrides,,,,,,0,,,0,,,BRA
Only in scratch_amanda,07ec2387,-2.8833416455492418,-41.678480708674414,LUIS CORREIA,,BRA,0.0,anchorage_overrides,,,,,,0,,,0,,,BRA
Only in scratch_amanda,07ec2395,-2.876391501112237,-41.66352805717682,LUIS CORREIA,,BRA,0.0,anchorage_overrides,,,,,,0,,,0,,,BRA
Only in scratch_amanda,07ec2391,-2.8799781180829727,-41.668512728576104,LUIS CORREIA,,BRA,0.0,anchorage_overrides,,,,,,0,,,0,,,BRA
Only in scratch_amanda,31683e63,15.38180177,109.1417752,LY SON FISHING PORT,,VNM,0.0,anchorage_overrides,,,,,,0,,,0,,,VNM
Only in scratch_amanda,00963073,-22.36667784455196,-41.768110712753526,MACAE,,BRA,0.0,anchorage_overrides,,,,,,0,,,0,,,BRA
Only in scratch_amanda,0096300d,-22.36183168642878,-41.768110712753526,MACAE,,BRA,0.0,anchorage_overrides,,,,,,0,,,0,,,BRA
Only in scratch_amanda,00963019,-22.349013591576792,-41.7780605050001,MACAE,,BRA,0.0,anchorage_overrides,,,,,,0,,,0,,,BRA
Only in scratch_amanda,00963089,-22.384497958112817,-41.77308583644032,MACAE,,BRA,0.0,anchorage_overrides,,,,,,0,,,0,,,BRA
Only in scratch_amanda,0096308b,-22.382933139001548,-41.7780605050001,MACAE,,BRA,0.0,anchorage_overrides,,,,,,0,,,0,,,BRA
Only in scratch_amanda,00963015,-22.358704761844173,-41.7780605050001,MACAE,,BRA,0.0,anchorage_overrides,,,,,,0,,,0,,,BRA
Only in scratch_amanda,00963041,-22.36198659054119,-41.7830347183901,MACAE,,BRA,0.0,anchorage_overrides,,,,,,0,,,0,,,BRA
Only in scratch_amanda,00963059,-22.374958175815824,-41.7880084765676,MACAE,,BRA,0.0,anchorage_overrides,,,,,,0,,,0,,,BRA
Only in scratch_amanda,00963037,-22.354014045329727,-41.792981779489914,MACAE,,BRA,0.0,anchorage_overrides,,,,,,0,,,0,,,BRA
Only in scratch_amanda,00963025,-22.34588755967216,-41.7880084765676,MACAE,,BRA,0.0,anchorage_overrides,,,,,,0,,,0,,,BRA
Only in scratch_amanda,0096301b,-22.35057654166741,-41.77308583644032,MACAE,,BRA,0.0,anchorage_overrides,,,,,,0,,,0,,,BRA
Only in scratch_amanda,00963043,-22.366831973368168,-41.7830347183901,MACAE,,BRA,0.0,anchorage_overrides,,,,,,0,,,0,,,BRA
Only in scratch_amanda,0096305d,-22.371677381927935,-41.7830347183901,MACAE,,BRA,0.0,anchorage_overrides,,,,,,0,,,0,,,BRA
Only in scratch_amanda,0096306b,-22.363550385896712,-41.7780605050001,MACAE,,BRA,0.0,anchorage_overrides,,,,,,0,,,0,,,BRA
Only in scratch_amanda,00963039,-22.35557766136292,-41.788008476567605,MACAE,,BRA,0.0,anchorage_overrides,,,,,,0,,,0,,,BRA
Only in scratch_amanda,00963069,-22.368396035748624,-41.7780605050001,MACAE,,BRA,0.0,anchorage_overrides,,,,,,0,,,0,,,BRA
Only in scratch_amanda,00963049,-22.35885886811173,-41.79298177948991,MACAE,,BRA,0.0,anchorage_overrides,,,,,,0,,,0,,,BRA
Only in scratch_amanda,00963045,-22.365267867037144,-41.7880084765676,MACAE,,BRA,0.0,anchorage_overrides,,,,,,0,,,0,,,BRA
Only in scratch_amanda,0096303f,-22.35714123355689,-41.7830347183901,MACAE,,BRA,0.0,anchorage_overrides,,,,,,0,,,0,,,BRA
Only in scratch_amanda,00963013,-22.36026824615729,-41.77308583644032,MACAE,,BRA,0.0,anchorage_overrides,,,,,,0,,,0,,,BRA
Only in scratch_amanda,0096305f,-22.376522816110615,-41.783034718390105,MACAE,,BRA,0.0,anchorage_overrides,,,,,,0,,,0,,,BRA
Only in scratch_amanda,00963065,-22.374805996612043,-41.77308583644031,MACAE,,BRA,0.0,anchorage_overrides,,,,,,0,,,0,,,BRA
Only in scratch_amanda,0096305b,-22.370113008593364,-41.7880084765676,MACAE,,BRA,0.0,anchorage_overrides,,,,,,0,,,0,,,BRA
Only in scratch_amanda,00963017,-22.353859163700896,-41.7780605050001,MACAE,,BRA,0.0,anchorage_overrides,,,,,,0,,,0,,,BRA
Only in scratch_amanda,00963063,-22.37965196464928,-41.77308583644032,MACAE,,BRA,0.0,anchorage_overrides,,,,,,0,,,0,,,BRA
Only in scratch_amanda,00963005,-22.3521394477603,-41.768110712753526,MACAE,,BRA,0.0,anchorage_overrides,,,,,,0,,,0,,,BRA
Only in scratch_amanda,0096306f,-22.369960054111026,-41.77308583644032,MACAE,,BRA,0.0,anchorage_overrides,,,,,,0,,,0,,,BRA
Only in scratch_amanda,00963061,-22.378087412410935,-41.7780605050001,MACAE,,BRA,0.0,anchorage_overrides,,,,,,0,,,0,,,BRA
Only in scratch_amanda,00963047,-22.36042275125704,-41.7880084765676,MACAE,,BRA,0.0,anchorage_overrides,,,,,,0,,,0,,,BRA
Only in scratch_amanda,00963067,-22.37324171129,-41.7780605050001,MACAE,,BRA,0.0,anchorage_overrides,,,,,,0,,,0,,,BRA
Only in scratch_amanda,0096303d,-22.35229590252516,-41.7830347183901,MACAE,,BRA,0.0,anchorage_overrides,,,,,,0,,,0,,,BRA
Only in scratch_amanda,0096306d,-22.365114137256136,-41.77308583644032,MACAE,,BRA,0.0,anchorage_overrides,,,,,,0,,,0,,,BRA
Only in scratch_amanda,00963011,-22.35542238092441,-41.77308583644032,MACAE,,BRA,0.0,anchorage_overrides,,,,,,0,,,0,,,BRA
Only in scratch_amanda,0096303b,-22.35073259746467,-41.7880084765676,MACAE,,BRA,0.0,anchorage_overrides,,,,,,0,,,0,,,BRA
Only in scratch_amanda,00963023,-22.347450597555895,-41.7830347183901,MACAE,,BRA,0.0,anchorage_overrides,,,,,,0,,,0,,,BRA
Only in scratch_amanda,009630f5,-22.381368275806324,-41.783034718390105,MACAE,,BRA,0.0,anchorage_overrides,,,,,,0,,,0,,,BRA
Only in scratch_amanda,0096300f,-22.356985554128247,-41.768110712753526,MACAE,,BRA,0.0,anchorage_overrides,,,,,,0,,,0,,,BRA
Only in scratch_amanda,00963031,-22.349169248586875,-41.792981779489914,MACAE,,BRA,0.0,anchorage_overrides,,,,,,0,,,0,,,BRA
Only in scratch_amanda,929e1b43,-0.0672654405517493,-51.16115373942903,MACAPA,,BRA,0.0,anchorage_overrides,,,,,,0,,,0,,,BRA
Only in scratch_amanda,929e1c79,-0.0563223911233238,-51.129792971117126,MACAPA,,BRA,0.0,anchorage_overrides,,,,,,0,,,0,,,BRA
Only in scratch_amanda,929e1b6f,-0.0672555567511093,-51.15069845785744,MACAPA,,BRA,0.0,anchorage_overrides,,,,,,0,,,0,,,BRA
Only in scratch_amanda,8d60aa41,0.8868268096587056,-50.04186922283182,MACAPA,,BRA,0.0,anchorage_overrides,,,,,,0,,,0,,,BRA
Only in scratch_amanda,929e1ca7,-0.0563513708158115,-51.166382014520586,MACAPA,,BRA,0.0,anchorage_overrides,,,,,,0,,,0,,,BRA
Only in scratch_amanda,8d60aa29,0.8722418075231294,-50.052140454351616,MACAPA,,BRA,0.0,anchorage_overrides,,,,,,0,,,0,,,BRA
Only in scratch_amanda,929e1cad,-0.0527203302763954,-51.17683983296523,MACAPA,,BRA,0.0,anchorage_overrides,,,,,,0,,,0,,,BRA
Only in scratch_amanda,929e1b67,-0.0636209202051735,-51.15592588718465,MACAPA,,BRA,0.0,anchorage_overrides,,,,,,0,,,0,,,BRA
Only in scratch_amanda,929e1c91,-0.0490634291529555,-51.15069845785744,MACAPA,,BRA,0.0,anchorage_overrides,,,,,,0,,,0,,,BRA
Only in scratch_amanda,8d60aa6b,0.8867602247065546,-50.03673426226737,MACAPA,,BRA,0.0,anchorage_overrides,,,,,,0,,,0,,,BRA
Only in scratch_amanda,929e1b7f,-0.0599685625203299,-51.140244868233935,MACAPA,,BRA,0.0,anchorage_overrides,,,,,,0,,,0,,,BRA
Only in scratch_amanda,929e1ca3,-0.0527087139028912,-51.16115373942904,MACAPA,,BRA,0.0,anchorage_overrides,,,,,,0,,,0,,,BRA
Only in scratch_amanda,929e1b65,-0.0636162456431979,-51.15069845785744,MACAPA,,BRA,0.0,anchorage_overrides,,,,,,0,,,0,,,BRA
Only in scratch_amanda,8d60aa31,0.8796000333638173,-50.052140454351616,MACAPA,,BRA,0.0,anchorage_overrides,,,,,,0,,,0,,,BRA
Only in scratch_amanda,8d60aa39,0.8832134839385339,-50.04700462021304,MACAPA,,BRA,0.0,anchorage_overrides,,,,,,0,,,0,,,BRA
Only in scratch_amanda,929e034f,-0.0490886631848636,-51.18729934195803,MACAPA,,BRA,0.0,anchorage_overrides,,,,,,0,,,0,,,BRA
Only in scratch_amanda,8d60aa27,0.8721763300106175,-50.04700462021304,MACAPA,,BRA,0.0,anchorage_overrides,,,,,,0,,,0,,,BRA
Only in scratch_amanda,8d60aa3b,0.8795340036563061,-50.047004620213045,MACAPA,,BRA,0.0,anchorage_overrides,,,,,,0,,,0,,,BRA
Only in scratch_amanda,8d60aa2d,0.8759864580759656,-50.05727672518796,MACAPA,,BRA,0.0,anchorage_overrides,,,,,,0,,,0,,,BRA
Only in scratch_amanda,8d60aa2b,0.8723072835927618,-50.057276725187954,MACAPA,,BRA,0.0,anchorage_overrides,,,,,,0,,,0,,,BRA
Only in scratch_amanda,8d60aa11,0.8793359058342324,-50.031599738579075,MACAPA,,BRA,0.0,anchorage_overrides,,,,,,0,,,0,,,BRA
Only in scratch_amanda,929e0345,-0.0490922675764913,-51.19252973023461,MACAPA,,BRA,0.0,anchorage_overrides,,,,,,0,,,0,,,BRA
Only in scratch_amanda,929e1c8f,-0.0490598238233103,-51.14547145151727,MACAPA,,BRA,0.0,anchorage_overrides,,,,,,0,,,0,,,BRA
Only in scratch_amanda,929e1b61,-0.0599817844759305,-51.15592588718465,MACAPA,,BRA,0.0,anchorage_overrides,,,,,,0,,,0,,,BRA
Only in scratch_amanda,929e1c81,-0.0563306717040772,-51.140244868233935,MACAPA,,BRA,0.0,anchorage_overrides,,,,,,0,,,0,,,BRA
Only in scratch_amanda,8d60aa3f,0.8831471766287825,-50.04186922283182,MACAPA,,BRA,0.0,anchorage_overrides,,,,,,0,,,0,,,BRA
Only in scratch_amanda,8d60aa19,0.8757234408125186,-50.03673426226738,MACAPA,,BRA,0.0,anchorage_overrides,,,,,,0,,,0,,,BRA
Only in scratch_amanda,8d60a98b,0.868432933817514,-50.04186922283182,MACAPA,,BRA,0.0,anchorage_overrides,,,,,,0,,,0,,,BRA
Only in scratch_amanda,929e1ca1,-0.0563472312617247,-51.16115373942904,MACAPA,,BRA,0.0,anchorage_overrides,,,,,,0,,,0,,,BRA
Only in scratch_amanda,929e1c7f,-0.0563265314803583,-51.135018708077325,MACAPA,,BRA,0.0,anchorage_overrides,,,,,,0,,,0,,,BRA
Only in scratch_amanda,929e1b41,-0.0709057292877648,-51.16115373942904,MACAPA,,BRA,0.0,anchorage_overrides,,,,,,0,,,0,,,BRA
Only in scratch_amanda,8d60aa17,0.8794019398884165,-50.03673426226737,MACAPA,,BRA,0.0,anchorage_overrides,,,,,,0,,,0,,,BRA
Only in scratch_amanda,929e1b4d,-0.067280265049376,-51.17683983296524,MACAPA,,BRA,0.0,anchorage_overrides,,,,,,0,,,0,,,BRA
Only in scratch_amanda,929e1c83,-0.0563348117942769,-51.14547145151727,MACAPA,,BRA,0.0,anchorage_overrides,,,,,,0,,,0,,,BRA
Only in scratch_amanda,929e1b5d,-0.0636255946156933,-51.16115373942904,MACAPA,,BRA,0.0,anchorage_overrides,,,,,,0,,,0,,,BRA
Only in scratch_amanda,929e1b6b,-0.0709005200253132,-51.15592588718465,MACAPA,,BRA,0.0,anchorage_overrides,,,,,,0,,,0,,,BRA
Only in scratch_amanda,8d60aa23,0.875789197295684,-50.04186922283182,MACAPA,,BRA,0.0,anchorage_overrides,,,,,,0,,,0,,,BRA
Only in scratch_amanda,8d60aa21,0.8721108510582988,-50.04186922283182,MACAPA,,BRA,0.0,anchorage_overrides,,,,,,0,,,0,,,BRA
Only in scratch_amanda,929e1b47,-0.0709109383811742,-51.16638201452059,MACAPA,,BRA,0.0,anchorage_overrides,,,,,,0,,,0,,,BRA
Only in scratch_amanda,929e1ca9,-0.0563555102353608,-51.171610712389345,MACAPA,,BRA,0.0,anchorage_overrides,,,,,,0,,,0,,,BRA
Only in scratch_amanda,8d60aa1b,0.8756576828896248,-50.031599738579075,MACAPA,,BRA,0.0,anchorage_overrides,,,,,,0,,,0,,,BRA
Only in scratch_amanda,929e1b81,-0.0599641549172232,-51.135018708077325,MACAPA,,BRA,0.0,anchorage_overrides,,,,,,0,,,0,,,BRA
Only in scratch_amanda,929e1cf3,-0.0417866072529133,-51.14547145151727,MACAPA,,BRA,0.0,anchorage_overrides,,,,,,0,,,0,,,BRA
Only in scratch_amanda,929e1cf5,-0.0417835363209655,-51.140244868233935,MACAPA,,BRA,0.0,anchorage_overrides,,,,,,0,,,0,,,BRA
Only in scratch_amanda,8d60aa2f,0.8759207059304925,-50.052140454351616,MACAPA,,BRA,0.0,anchorage_overrides,,,,,,0,,,0,,,BRA
Only in scratch_amanda,929e1c67,-0.0454129792571789,-51.129792971117126,MACAPA,,BRA,0.0,anchorage_overrides,,,,,,0,,,0,,,BRA
Only in scratch_amanda,929e0351,-0.0527280738945603,-51.18729934195804,MACAPA,,BRA,0.0,anchorage_overrides,,,,,,0,,,0,,,BRA
Only in scratch_amanda,929e1c9f,-0.0563430915733043,-51.15592588718465,MACAPA,,BRA,0.0,anchorage_overrides,,,,,,0,,,0,,,BRA
Only in scratch_amanda,929e1ca5,-0.052712586153306,-51.16638201452059,MACAPA,,BRA,0.0,anchorage_overrides,,,,,,0,,,0,,,BRA
Only in scratch_amanda,8d60a981,0.8686285381995154,-50.05727672518796,MACAPA,,BRA,0.0,anchorage_overrides,,,,,,0,,,0,,,BRA
Only in scratch_amanda,929e1c97,-0.0490670343659695,-51.15592588718464,MACAPA,,BRA,0.0,anchorage_overrides,,,,,,0,,,0,,,BRA
Only in scratch_amanda,929e1c7d,-0.0526893507697374,-51.135018708077325,MACAPA,,BRA,0.0,anchorage_overrides,,,,,,0,,,0,,,BRA
Only in scratch_amanda,929e1caf,-0.052716458277871,-51.171610712389345,MACAPA,,BRA,0.0,anchorage_overrides,,,,,,0,,,0,,,BRA
Only in scratch_amanda,8d60aa33,0.8796660616162421,-50.05727672518796,MACAPA,,BRA,0.0,anchorage_overrides,,,,,,0,,,0,,,BRA
Only in scratch_amanda,8d60aa47,0.8868933931498068,-50.04700462021304,MACAPA,,BRA,0.0,anchorage_overrides,,,,,,0,,,0,,,BRA
Only in scratch_amanda,8d60aa1f,0.8720453706692449,-50.03673426226737,MACAPA,,BRA,0.0,anchorage_overrides,,,,,,0,,,0,,,BRA
Only in scratch_amanda,929e1c93,-0.0454263321632709,-51.15069845785744,MACAPA,,BRA,0.0,anchorage_overrides,,,,,,0,,,0,,,BRA
Only in scratch_amanda,929e1c65,-0.0490490071363601,-51.12979297111713,MACAPA,,BRA,0.0,anchorage_overrides,,,,,,0,,,0,,,BRA
Only in scratch_amanda,929e1c63,-0.0490526128148353,-51.135018708077325,MACAPA,,BRA,0.0,anchorage_overrides,,,,,,0,,,0,,,BRA
Only in scratch_amanda,929e1c87,-0.0526932236465438,-51.14024486823394,MACAPA,,BRA,0.0,anchorage_overrides,,,,,,0,,,0,,,BRA
Only in scratch_amanda,929e1b45,-0.0672703822116459,-51.16638201452059,MACAPA,,BRA,0.0,anchorage_overrides,,,,,,0,,,0,,,BRA
Only in scratch_amanda,929e1cb1,-0.0490778493034505,-51.17161071238934,MACAPA,,BRA,0.0,anchorage_overrides,,,,,,0,,,0,,,BRA
Only in scratch_amanda,8d60aa15,0.8830808678640611,-50.03673426226737,MACAPA,,BRA,0.0,anchorage_overrides,,,,,,0,,,0,,,BRA
Only in scratch_amanda,8d60aa3d,0.8794679724968067,-50.04186922283182,MACAPA,,BRA,0.0,anchorage_overrides,,,,,,0,,,0,,,BRA
Only in scratch_amanda,929e1b7b,-0.0636115709299964,-51.14547145151726,MACAPA,,BRA,0.0,anchorage_overrides,,,,,,0,,,0,,,BRA
Only in scratch_amanda,929e1b79,-0.0636068960657992,-51.140244868233935,MACAPA,,BRA,0.0,anchorage_overrides,,,,,,0,,,0,,,BRA
Only in scratch_amanda,929e1b7d,-0.0599729699812945,-51.14547145151727,MACAPA,,BRA,0.0,anchorage_overrides,,,,,,0,,,0,,,BRA
Only in scratch_amanda,929e1b69,-0.0672604987314895,-51.15592588718465,MACAPA,,BRA,0.0,anchorage_overrides,,,,,,0,,,0,,,BRA
Only in scratch_amanda,8d60a987,0.8685633381746055,-50.052140454351616,MACAPA,,BRA,0.0,anchorage_overrides,,,,,,0,,,0,,,BRA
Only in scratch_amanda,929e1b5f,-0.0599861915091684,-51.16115373942904,MACAPA,,BRA,0.0,anchorage_overrides,,,,,,0,,,0,,,BRA
Only in scratch_amanda,929e0357,-0.0563679276847462,-51.18729934195804,MACAPA,,BRA,0.0,anchorage_overrides,,,,,,0,,,0,,,BRA
Only in scratch_amanda,929e1b55,-0.0599994117499592,-51.17683983296524,MACAPA,,BRA,0.0,anchorage_overrides,,,,,,0,,,0,,,BRA
Only in scratch_amanda,929e1c7b,-0.052685477768224,-51.129792971117126,MACAPA,,BRA,0.0,anchorage_overrides,,,,,,0,,,0,,,BRA
Only in scratch_amanda,929e1c8b,-0.0454196559255389,-51.140244868233935,MACAPA,,BRA,0.0,anchorage_overrides,,,,,,0,,,0,,,BRA
Only in scratch_amanda,929e1c9d,-0.0563389517507538,-51.15069845785744,MACAPA,,BRA,0.0,anchorage_overrides,,,,,,0,,,0,,,BRA
Only in scratch_amanda,929e1b53,-0.0636396169362182,-51.17683983296524,MACAPA,,BRA,0.0,anchorage_overrides,,,,,,0,,,0,,,BRA
Only in scratch_amanda,929e1c61,-0.0454163176451053,-51.135018708077325,MACAPA,,BRA,0.0,anchorage_overrides,,,,,,0,,,0,,,BRA
Only in scratch_amanda,8d60a9f5,0.8683677294914502,-50.03673426226737,MACAPA,,BRA,0.0,anchorage_overrides,,,,,,0,,,0,,,BRA
Only in scratch_amanda,929e1b63,-0.0599773772999003,-51.15069845785744,MACAPA,,BRA,0.0,anchorage_overrides,,,,,,0,,,0,,,BRA
Only in scratch_amanda,8d60aa35,0.8833460941806845,-50.05727672518796,MACAPA,,BRA,0.0,anchorage_overrides,,,,,,0,,,0,,,BRA
Only in scratch_amanda,929e1c8d,-0.0454229940983154,-51.14547145151727,MACAPA,,BRA,0.0,anchorage_overrides,,,,,,0,,,0,,,BRA
Only in scratch_amanda,929e1b49,-0.0709161473052852,-51.171610712389345,MACAPA,,BRA,0.0,anchorage_overrides,,,,,,0,,,0,,,BRA
Only in scratch_amanda,929e1cab,-0.0563596495201689,-51.17683983296524,MACAPA,,BRA,0.0,anchorage_overrides,,,,,,0,,,0,,,BRA
Only in scratch_amanda,929e1c99,-0.052704841526817,-51.15592588718465,MACAPA,,BRA,0.0,anchorage_overrides,,,,,,0,,,0,,,BRA
Only in scratch_amanda,929e1c85,-0.0526970963984528,-51.14547145151726,MACAPA,,BRA,0.0,anchorage_overrides,,,,,,0,,,0,,,BRA
Only in scratch_amanda,929e034d,-0.0490850586753625,-51.18206937617819,MACAPA,,BRA,0.0,anchorage_overrides,,,,,,0,,,0,,,BRA
Only in scratch_amanda,8d60aa37,0.883279789790205,-50.052140454351616,MACAPA,,BRA,0.0,anchorage_overrides,,,,,,0,,,0,,,BRA
Only in scratch_amanda,929e1b4f,-0.0672753237109358,-51.171610712389345,MACAPA,,BRA,0.0,anchorage_overrides,,,,,,0,,,0,,,BRA
Only in scratch_amanda,929e1c5f,-0.0417804652899794,-51.135018708077325,MACAPA,,BRA,0.0,anchorage_overrides,,,,,,0,,,0,,,BRA
Only in scratch_amanda,929e1c9b,-0.0527009690252741,-51.15069845785744,MACAPA,,BRA,0.0,anchorage_overrides,,,,,,0,,,0,,,BRA
Only in scratch_amanda,8d60aa25,0.8758549523360368,-50.04700462021304,MACAPA,,BRA,0.0,anchorage_overrides,,,,,,0,,,0,,,BRA
Only in scratch_amanda,929e0353,-0.0527242021486887,-51.18206937617819,MACAPA,,BRA,0.0,anchorage_overrides,,,,,,0,,,0,,,BRA
Only in scratch_amanda,929e1c89,-0.0490562183772111,-51.140244868233935,MACAPA,,BRA,0.0,anchorage_overrides,,,,,,0,,,0,,,BRA
Only in scratch_amanda,929e1b83,-0.0636022210508359,-51.135018708077325,MACAPA,,BRA,0.0,anchorage_overrides,,,,,,0,,,0,,,BRA
Only in scratch_amanda,929e1cb3,-0.0490814540481657,-51.17683983296524,MACAPA,,BRA,0.0,anchorage_overrides,,,,,,0,,,0,,,BRA
Only in scratch_amanda,8d60a989,0.8684981367129184,-50.047004620213045,MACAPA,,BRA,0.0,anchorage_overrides,,,,,,0,,,0,,,BRA
Only in scratch_amanda,929e1b51,-0.0636349429814458,-51.171610712389345,MACAPA,,BRA,0.0,anchorage_overrides,,,,,,0,,,0,,,BRA
Only in scratch_amanda,07014567,-9.677178638761086,-35.73249818357618,MACEIO,,BRA,0.0,anchorage_overrides,,,,,,0,,,0,,,BRA
Only in scratch_amanda,07014545,-9.687223005955577,-35.72703771199883,MACEIO,,BRA,0.0,anchorage_overrides,,,,,,0,,,0,,,BRA
Only in scratch_amanda,0701450d,-9.669737866456831,-35.71611564820992,MACEIO,,BRA,0.0,anchorage_overrides,,,,,,0,,,0,,,BRA
Only in scratch_amanda,07014565,-9.672482694413048,-35.73249818357618,MACEIO,,BRA,0.0,anchorage_overrides,,,,,,0,,,0,,,BRA
Only in scratch_amanda,0701453f,-9.683828433085152,-35.71611564820992,MACEIO,,BRA,0.0,anchorage_overrides,,,,,,0,,,0,,,BRA
Only in scratch_amanda,07014515,-9.67913125979195,-35.71611564820992,MACEIO,,BRA,0.0,anchorage_overrides,,,,,,0,,,0,,,BRA
Only in scratch_amanda,0701457b,-9.66778706786974,-35.73249818357618,MACEIO,,BRA,0.0,anchorage_overrides,,,,,,0,,,0,,,BRA
Only in scratch_amanda,07014513,-9.674434404217417,-35.71611564820992,MACEIO,,BRA,0.0,anchorage_overrides,,,,,,0,,,0,,,BRA
Only in scratch_amanda,07014573,-9.669087644475264,-35.72157686684358,MACEIO,,BRA,0.0,anchorage_overrides,,,,,,0,,,0,,,BRA
Only in scratch_amanda,07014547,-9.687874487137728,-35.72157686684358,MACEIO,,BRA,0.0,anchorage_overrides,,,,,,0,,,0,,,BRA
Only in scratch_amanda,07014571,-9.668437378267866,-35.72703771199883,MACEIO,,BRA,0.0,anchorage_overrides,,,,,,0,,,0,,,BRA
Only in scratch_amanda,0701456f,-9.673133308573329,-35.72703771199883,MACEIO,,BRA,0.0,anchorage_overrides,,,,,,0,,,0,,,BRA
Only in scratch_amanda,0701456d,-9.67378387851983,-35.72157686684358,MACEIO,,BRA,0.0,anchorage_overrides,,,,,,0,,,0,,,BRA
Only in scratch_amanda,96185d69,-41.775527777777775,-73.07022222222221,MACHIL,,CHL,0.0,anchorage_overrides,,,,,,0,,,0,,,CHL
Only in scratch_amanda,9666591d,-35.356500000000004,-72.45649166666666,MAGUILLINES,,CHL,0.0,anchorage_overrides,,,,,,0,,,0,,,CHL
Only in scratch_amanda,963d9a01,-40.6045,-73.74383888888889,MAICOLPUE,,CHL,0.0,anchorage_overrides,,,,,,0,,,0,,,CHL
Only in scratch_amanda,96159cd9,-39.45558055555556,-73.26297222222222,MAIQUILLAHUE,,CHL,0.0,anchorage_overrides,,,,,,0,,,0,,,CHL
Only in scratch_amanda,968e9397,-31.26417222222222,-71.63257222222222,MAITENCILLO,,CHL,0.0,anchorage_overrides,,,,,,0,,,0,,,CHL
Only in scratch_amanda,9052abad,-7.7014,-79.43515,MALABRIGO,,PER,0.0,anchorage_overrides,,,,,,0,,,0,,,PER
Only in scratch_amanda,9052abb5,-7.698730483870968,-79.44470731182795,MALABRIGO,,PER,0.0,anchorage_overrides,,,,,,0,,,0,,,PER
Only in scratch_amanda,9052abcb,-7.698216315789473,-79.44885276315789,MALABRIGO,,PER,0.0,anchorage_overrides,,,,,,0,,,0,,,PER
Only in scratch_amanda,9697c135,-27.627044444444444,-70.90645,MALDONADO,,CHL,0.0,anchorage_overrides,,,,,,0,,,0,,,CHL
Only in scratch_amanda,962283c9,-41.88227777777778,-73.52194444444444,MANAO,,CHL,0.0,anchorage_overrides,,,,,,0,,,0,,,CHL
Only in scratch_amanda,90369153,-4.1058617220987115,-81.06920098714104,MANCORA,,PER,0.0,anchorage_overrides,,,,,,0,,,0,,,PER
Only in scratch_amanda,9036914d,-4.1044012,-81.0640228,MANCORA,,PER,0.0,anchorage_overrides,,,,,,0,,,0,,,PER
Only in scratch_amanda,903693ff,-4.103863329787233,-81.07716289680852,MANCORA,,PER,0.0,anchorage_overrides,,,,,,0,,,0,,,PER
Only in scratch_amanda,903696ab,-4.100341,-81.072534859375,MANCORA,,PER,0.0,anchorage_overrides,,,,,,0,,,0,,,PER
Only in scratch_amanda,9947fba5,-27.153566666666663,-109.43907222222222,MANGA PIKO,,CHL,0.0,anchorage_overrides,,,,,,0,,,0,,,CHL
Only in scratch_amanda,9947fbab,-27.147105555555555,-109.43060277777778,MANGA ROA,,CHL,0.0,anchorage_overrides,,,,,,0,,,0,,,CHL
Only in scratch_amanda,9619ac8b,-41.75595833333333,-72.66388611111111,MANIHUEICO,,CHL,0.0,anchorage_overrides,,,,,,0,,,0,,,CHL
Only in scratch_amanda,963d0cd7,-40.891,-73.85058333333333,MANQUEMAPU,,CHL,0.0,anchorage_overrides,,,,,,0,,,0,,,CHL
Only in scratch_amanda,902be6e1,-0.932,-80.698,MANTA,,ECU,0.0,anchorage_overrides,,,,,,0,,,0,,,ECU
Only in scratch_amanda,902be71f,-0.9307,-80.698,MANTA,,ECU,0.0,anchorage_overrides,,,,,,0,,,0,,,ECU
Only in scratch_amanda,9621def1,-42.944,-73.52755555555555,MAPUE,,CHL,0.0,anchorage_overrides,,,,,,0,,,0,,,CHL
Only in scratch_amanda,9622ef91,-41.86563888888889,-74.0125,MAR BRAVA,,CHL,0.0,anchorage_overrides,,,,,,0,,,0,,,CHL
Only in scratch_amanda,07005ff9,-9.015014681464605,-35.2120992999462,MARAGOGI,,BRA,0.0,anchorage_overrides,,,,,,0,,,0,,,BRA
Only in scratch_amanda,0700f557,-9.0144144680774,-35.21759444586519,MARAGOGI,,BRA,0.0,anchorage_overrides,,,,,,0,,,0,,,BRA
Only in scratch_amanda,0700f555,-9.009740182060192,-35.21759444586519,MARAGOGI,,BRA,0.0,anchorage_overrides,,,,,,0,,,0,,,BRA
Only in scratch_amanda,0700f567,-9.027838161322132,-35.2230892276834,MARAGOGI,,BRA,0.0,anchorage_overrides,,,,,,0,,,0,,,BRA
Only in scratch_amanda,0700f55d,-9.023163178759312,-35.2230892276834,MARAGOGI,,BRA,0.0,anchorage_overrides,,,,,,0,,,0,,,BRA
Only in scratch_amanda,0700f54f,-9.013213910012524,-35.22858364529652,MARAGOGI,,BRA,0.0,anchorage_overrides,,,,,,0,,,0,,,BRA
Only in scratch_amanda,0700f553,-9.009140225820556,-35.2230892276834,MARAGOGI,,BRA,0.0,anchorage_overrides,,,,,,0,,,0,,,BRA
Only in scratch_amanda,0700f543,-9.022562275947818,-35.22858364529652,MARAGOGI,,BRA,0.0,anchorage_overrides,,,,,,0,,,0,,,BRA
Only in scratch_amanda,0700f551,-9.013814210915765,-35.2230892276834,MARAGOGI,,BRA,0.0,anchorage_overrides,,,,,,0,,,0,,,BRA
Only in scratch_amanda,0700f545,-9.017887926738268,-35.22858364529651,MARAGOGI,,BRA,0.0,anchorage_overrides,,,,,,0,,,0,,,BRA
Only in scratch_amanda,07005ff7,-9.019689600972644,-35.2120992999462,MARAGOGI,,BRA,0.0,anchorage_overrides,,,,,,0,,,0,,,BRA
Only in scratch_amanda,0700f55b,-9.018488528592927,-35.22308922768341,MARAGOGI,,BRA,0.0,anchorage_overrides,,,,,,0,,,0,,,BRA
Only in scratch_amanda,0700f559,-9.019089086682005,-35.21759444586519,MARAGOGI,,BRA,0.0,anchorage_overrides,,,,,,0,,,0,,,BRA
Only in scratch_amanda,0700f569,-9.027236957548409,-35.22858364529651,MARAGOGI,,BRA,0.0,anchorage_overrides,,,,,,0,,,0,,,BRA
Only in scratch_amanda,00b93ca9,-20.99788069668392,-40.804508227047855,MARATAIZES,,BRA,0.0,anchorage_overrides,,,,,,0,,,0,,,BRA
Only in scratch_amanda,00b93ca1,-20.9949567395007,-40.814631104681155,MARATAIZES,,BRA,0.0,anchorage_overrides,,,,,,0,,,0,,,BRA
Only in scratch_amanda,00b93b5b,-21.006187403182217,-40.80956988890403,MARATAIZES,,BRA,0.0,anchorage_overrides,,,,,,0,,,0,,,BRA
Only in scratch_amanda,00b93b45,-21.011071816953255,-40.80956988890403,MARATAIZES,,BRA,0.0,anchorage_overrides,,,,,,0,,,0,,,BRA
Only in scratch_amanda,00b93ca7,-20.996418742770505,-40.80956988890403,MARATAIZES,,BRA,0.0,anchorage_overrides,,,,,,0,,,0,,,BRA
Only in scratch_amanda,00b93b41,-21.014493175691225,-40.814631104681155,MARATAIZES,,BRA,0.0,anchorage_overrides,,,,,,0,,,0,,,BRA
Only in scratch_amanda,00b93b67,-21.003262239828068,-40.8196918743277,MARATAIZES,,BRA,0.0,anchorage_overrides,,,,,,0,,,0,,,BRA
Only in scratch_amanda,00b93b47,-21.015956286283306,-40.80956988890403,MARATAIZES,,BRA,0.0,anchorage_overrides,,,,,,0,,,0,,,BRA
Only in scratch_amanda,00b93b43,-21.0096089831327,-40.814631104681155,MARATAIZES,,BRA,0.0,anchorage_overrides,,,,,,0,,,0,,,BRA
Only in scratch_amanda,00b93b5d,-21.00472484617256,-40.814631104681155,MARATAIZES,,BRA,0.0,anchorage_overrides,,,,,,0,,,0,,,BRA
Only in scratch_amanda,00b93b49,-21.017419347430675,-40.804508227047855,MARATAIZES,,BRA,0.0,anchorage_overrides,,,,,,0,,,0,,,BRA
Only in scratch_amanda,00b93b51,-21.007649910791336,-40.80450822704785,MARATAIZES,,BRA,0.0,anchorage_overrides,,,,,,0,,,0,,,BRA
Only in scratch_amanda,00b93b57,-21.00276527586447,-40.804508227047855,MARATAIZES,,BRA,0.0,anchorage_overrides,,,,,,0,,,0,,,BRA
Only in scratch_amanda,00b93b5f,-20.99984076492412,-40.814631104681155,MARATAIZES,,BRA,0.0,anchorage_overrides,,,,,,0,,,0,,,BRA
Only in scratch_amanda,00b93b69,-21.00814609995524,-40.8196918743277,MARATAIZES,,BRA,0.0,anchorage_overrides,,,,,,0,,,0,,,BRA
Only in scratch_amanda,00b93b59,-21.001303045083525,-40.80956988890403,MARATAIZES,,BRA,0.0,anchorage_overrides,,,,,,0,,,0,,,BRA
Only in scratch_amanda,00b93b4f,-21.012534601351188,-40.80450822704785,MARATAIZES,,BRA,0.0,anchorage_overrides,,,,,,0,,,0,,,BRA
Only in scratch_amanda,90497efb,-5.707204240740744,-80.86055495185184,MATA CAVALLO,,PER,0.0,anchorage_overrides,,,,,,0,,,0,,,PER
Only in scratch_amanda,90497e57,-5.708566006135182,-80.85247410017331,MATA CAVALLO,,PER,0.0,anchorage_overrides,,,,,,0,,,0,,,PER
Only in scratch_amanda,90497ef5,-5.717429499106507,-80.85879001088148,MATA CAVALLO,,PER,0.0,anchorage_overrides,,,,,,0,,,0,,,PER
Only in scratch_amanda,90497e59,-5.714308114485789,-80.8527402888481,MATA CAVALLO,,PER,0.0,anchorage_overrides,,,,,,0,,,0,,,PER
Only in scratch_amanda,90497eed,-5.717027508889956,-80.86909371672272,MATA CAVALLO,,PER,0.0,anchorage_overrides,,,,,,0,,,0,,,PER
Only in scratch_amanda,9663d6c1,-33.96239166666667,-71.87688333333332,MATANZAS,,CHL,0.0,anchorage_overrides,,,,,,0,,,0,,,CHL
Only in scratch_amanda,9669c41d,-37.00779166666667,-73.18568611111111,MAULE,,CHL,0.0,anchorage_overrides,,,,,,0,,,0,,,CHL
Only in scratch_amanda,07b39f87,-5.518098832079747,-35.25055767161453,MAXARANGUAPE,,BRA,0.0,anchorage_overrides,,,,,,0,,,0,,,BRA
Only in scratch_amanda,07b3a031,-5.531274384952004,-35.25055767161453,MAXARANGUAPE,,BRA,0.0,anchorage_overrides,,,,,,0,,,0,,,BRA
Only in scratch_amanda,07b3a029,-5.522490287642151,-35.25055767161453,MAXARANGUAPE,,BRA,0.0,anchorage_overrides,,,,,,0,,,0,,,BRA
Only in scratch_amanda,07b39f85,-5.513707772006526,-35.25055767161453,MAXARANGUAPE,,BRA,0.0,anchorage_overrides,,,,,,0,,,0,,,BRA
Only in scratch_amanda,07b3a1d5,-5.521746524979817,-35.26154249683589,MAXARANGUAPE,,BRA,0.0,anchorage_overrides,,,,,,0,,,0,,,BRA
Only in scratch_amanda,07b3a1cd,-5.530529453980089,-35.26154249683589,MAXARANGUAPE,,BRA,0.0,anchorage_overrides,,,,,,0,,,0,,,BRA
Only in scratch_amanda,07b3a1d3,-5.5261377918235395,-35.26154249683589,MAXARANGUAPE,,BRA,0.0,anchorage_overrides,,,,,,0,,,0,,,BRA
Only in scratch_amanda,07b39f81,-5.517727255886658,-35.25605026664002,MAXARANGUAPE,,BRA,0.0,anchorage_overrides,,,,,,0,,,0,,,BRA
Only in scratch_amanda,07b3a02f,-5.526882138623118,-35.25055767161453,MAXARANGUAPE,,BRA,0.0,anchorage_overrides,,,,,,0,,,0,,,BRA
Only in scratch_amanda,07b3a033,-5.530901932585032,-35.25605026664002,MAXARANGUAPE,,BRA,0.0,anchorage_overrides,,,,,,0,,,0,,,BRA
Only in scratch_amanda,07b39f79,-5.512965177513303,-35.26154249683588,MAXARANGUAPE,,BRA,0.0,anchorage_overrides,,,,,,0,,,0,,,BRA
Only in scratch_amanda,07b3a02b,-5.522118419408655,-35.25605026664002,MAXARANGUAPE,,BRA,0.0,anchorage_overrides,,,,,,0,,,0,,,BRA
Only in scratch_amanda,07b3a02d,-5.526509978331656,-35.25605026664002,MAXARANGUAPE,,BRA,0.0,anchorage_overrides,,,,,,0,,,0,,,BRA
Only in scratch_amanda,07b39f7f,-5.517355653519543,-35.26154249683589,MAXARANGUAPE,,BRA,0.0,anchorage_overrides,,,,,,0,,,0,,,BRA
Only in scratch_amanda,07b39f83,-5.513336487836275,-35.25605026664002,MAXARANGUAPE,,BRA,0.0,anchorage_overrides,,,,,,0,,,0,,,BRA
Only in scratch_amanda,9618bcaf,-42.31583333333333,-73.2685,MECHUQUE,,CHL,0.0,anchorage_overrides,,,,,,0,,,0,,,CHL
Only in scratch_amanda,96159dbb,-39.43581111111111,-73.21554444444445,MEHUIN,,CHL,0.0,anchorage_overrides,,,,,,0,,,0,,,CHL
Only in scratch_amanda,96159db3,-39.444766666666666,-73.21621666666667,MEHUIN BAJO,,CHL,0.0,anchorage_overrides,,,,,,0,,,0,,,CHL
Only in scratch_amanda,9619b4d3,-41.59001944444445,-72.70494722222223,METRI,,CHL,0.0,anchorage_overrides,,,,,,0,,,0,,,CHL
Only in scratch_amanda,963deeb3,-40.35075555555556,-73.74384722222223,MILAGRO,,CHL,0.0,anchorage_overrides,,,,,,0,,,0,,,CHL
Only in scratch_amanda,9641f9c5,-37.55806944444444,-73.6387138888889,MILLONGUE,,CHL,0.0,anchorage_overrides,,,,,,0,,,0,,,CHL
Only in scratch_amanda,96159c4d,-39.44811111111111,-73.21621666666667,MISSISSIPI,,CHL,0.0,anchorage_overrides,,,,,,0,,,0,,,CHL
Only in scratch_amanda,31a1c9f1,9.4245032,106.1699898,MO O FISHING PORT,,VNM,0.0,anchorage_overrides,,,,,,0,,,0,,,VNM
Only in scratch_amanda,96623855,-33.60266666666667,-71.61426666666667,MOLITO,,CHL,0.0,anchorage_overrides,,,,,,0,,,0,,,CHL
Only in scratch_amanda,9689dd41,-32.956833333333336,-71.54988888888889,MONTEMAR,,CHL,0.0,anchorage_overrides,,,,,,0,,,0,,,CHL
Only in scratch_amanda,9641ef7b,-37.723036111111114,-73.66187777777779,MORHUILLA,,CHL,0.0,anchorage_overrides,,,,,,0,,,0,,,CHL
Only in scratch_amanda,9619b307,-41.64624444444444,-72.66779166666667,MORRO CHAICAS,,CHL,0.0,anchorage_overrides,,,,,,0,,,0,,,CHL
Only in scratch_amanda,9691c9ad,-29.94119166666667,-71.33491666666666,MUELLE  COQUIMBO II,,CHL,0.0,anchorage_overrides,,,,,,0,,,0,,,CHL
Only in scratch_amanda,bd8cda75,-45.400669444444446,-72.70268333333334,"MUELLE AGUAS QUIETAS, PUERTO AYSEN",,CHL,0.0,anchorage_overrides,,,,,,0,,,0,,,CHL
Only in scratch_amanda,bdb26679,-53.096111111111114,-70.87472222222222,MUELLE ARTESANAL BARRANCO AMARILLO,,CHL,0.0,anchorage_overrides,,,,,,0,,,0,,,CHL
Only in scratch_amanda,9669e21f,-37.23066666666667,-73.4461,MUELLE ARTESANAL DE TUBUL,,CHL,0.0,anchorage_overrides,,,,,,0,,,0,,,CHL
Only in scratch_amanda,bd8c62cd,-45.165277777777774,-73.52388888888889,"MUELLE ARTESANAL, PUERTO AGUIRRE",,CHL,0.0,anchorage_overrides,,,,,,0,,,0,,,CHL
Only in scratch_amanda,915213f5,-20.234383333333337,-70.15104166666667,MUELLE CALETA CAVANCHA,,CHL,0.0,anchorage_overrides,,,,,,0,,,0,,,CHL
Only in scratch_amanda,966238e1,-33.58144166666667,-71.61803333333333,MUELLE CAMANCHACA,,CHL,0.0,anchorage_overrides,,,,,,0,,,0,,,CHL
Only in scratch_amanda,bd8aa171,-43.89555555555555,-73.74972222222222,"MUELLE CEMENTERIO, PUERTO MELINKA",,CHL,0.0,anchorage_overrides,,,,,,0,,,0,,,CHL
Only in scratch_amanda,bdad9007,-53.16277777777778,-71.53027777777778,MUELLE CRUCE CANAL FITZ ROY & RIO CANELO,,CHL,0.0,anchorage_overrides,,,,,,0,,,0,,,CHL
Only in scratch_amanda,904ce307,-6.935905824,-79.87926403999998,MUELLE DE ETEN,,PER,0.0,anchorage_overrides,,,,,,0,,,0,,,PER
Only in scratch_amanda,904ce3ab,-6.937344438023952,-79.87348831137723,MUELLE DE ETEN,,PER,0.0,anchorage_overrides,,,,,,0,,,0,,,PER
Only in scratch_amanda,bd8aa16f,-43.894444444444446,-73.74777777777778,"MUELLE ESTERO, PUERTO MELINKA",,CHL,0.0,anchorage_overrides,,,,,,0,,,0,,,CHL
Only in scratch_amanda,9615ee6b,-39.82879166666667,-73.2512,MUELLE MORA & MORA,,CHL,0.0,anchorage_overrides,,,,,,0,,,0,,,CHL
Only in scratch_amanda,9691c88d,-29.96373611111111,-71.36207222222221,MUELLE ORIZON COQUIMBO,,CHL,0.0,anchorage_overrides,,,,,,0,,,0,,,CHL
Only in scratch_amanda,9691df17,-30.256080555555556,-71.5045638888889,MUELLE ORIZON TONGOY,,CHL,0.0,anchorage_overrides,,,,,,0,,,0,,,CHL
Only in scratch_amanda,9105b797,-12.162205265483598,-77.0323234295287,MUELLE PESCADORES,,PER,0.0,anchorage_overrides,,,,,,0,,,0,,,PER
Only in scratch_amanda,9105b799,-12.164656033333332,-77.0302057,MUELLE PESCADORES,,PER,0.0,anchorage_overrides,,,,,,0,,,0,,,PER
Only in scratch_amanda,9105b7a3,-12.165327272727271,-77.03546363636363,MUELLE PESCADORES,,PER,0.0,anchorage_overrides,,,,,,0,,,0,,,PER
Only in scratch_amanda,9105b7bd,-12.162300812720847,-77.03389106007067,MUELLE PESCADORES,,PER,0.0,anchorage_overrides,,,,,,0,,,0,,,PER
Only in scratch_amanda,9615f7a5,-39.89058333333333,-73.42392222222223,MUELLE PESQUERA BLUMAR,,CHL,0.0,anchorage_overrides,,,,,,0,,,0,,,CHL
Only in scratch_amanda,bdf4b001,-44.72444444444445,-72.68777777777778,MUELLE PUERTO CISNES & MUELLE PUERTO GALA,,CHL,0.0,anchorage_overrides,,,,,,0,,,0,,,CHL
Only in scratch_amanda,bd8b66b5,-44.897777777777776,-73.30305555555556,MUELLE PUERTO GAVIOTA,,CHL,0.0,anchorage_overrides,,,,,,0,,,0,,,CHL
Only in scratch_amanda,bdf4e37f,-44.32611111111112,-72.55833333333334,MUELLE PUERTO PUYUHUAPI,,CHL,0.0,anchorage_overrides,,,,,,0,,,0,,,CHL
Only in scratch_amanda,bd8cda09,-45.41081388888889,-72.69328333333334,"MUELLE RIO AYSEN, PUERTO AYSEN",,CHL,0.0,anchorage_overrides,,,,,,0,,,0,,,CHL
Only in scratch_amanda,96bb344d,-25.40771111111111,-70.49178055555555,MUELLE TALTAL,,CHL,0.0,anchorage_overrides,,,,,,0,,,0,,,CHL
Only in scratch_amanda,96ad77a9,-22.092616666666665,-70.20440833333333,MUELLE TOCOPILLA,,CHL,0.0,anchorage_overrides,,,,,,0,,,0,,,CHL
Only in scratch_amanda,bd96dc4f,-47.803888888888885,-73.53694444444444,MUELLE TORTEL,,CHL,0.0,anchorage_overrides,,,,,,0,,,0,,,CHL
Only in scratch_amanda,3138828d,17.93715932,106.5152579,MUI ONG FISHING PORT,,VNM,0.0,anchorage_overrides,,,,,,0,,,0,,,VNM
Only in scratch_amanda,3168fa7d,14.83153354,108.9913654,MY A FISHING PORT,,VNM,0.0,anchorage_overrides,,,,,,0,,,0,,,VNM
Only in scratch_amanda,317576a5,10.40529547,107.2103946,MY THO FISHING PORT,,VNM,0.0,anchorage_overrides,,,,,,0,,,0,,,VNM
Only in scratch_amanda,968937a5,-31.85356666666667,-71.53184722222223,NAGUE,,CHL,0.0,anchorage_overrides,,,,,,0,,,0,,,CHL
Only in scratch_amanda,961551f1,-38.85722222222223,-73.29055555555556,NAHUELHUAPI,,CHL,0.0,anchorage_overrides,,,,,,0,,,0,,,CHL
Only in scratch_amanda,9622eea1,-41.82252777777778,-73.93947222222222,NAL,,CHL,0.0,anchorage_overrides,,,,,,0,,,0,,,CHL
Only in scratch_amanda,07b3009b,-5.758899497704966,-35.20660379003067,NATAL,,BRA,0.0,anchorage_overrides,,,,,,0,,,0,,,BRA
Only in scratch_amanda,07b30063,-5.772533823286105,-35.201107916223,NATAL,,BRA,0.0,anchorage_overrides,,,,,,0,,,0,,,BRA
Only in scratch_amanda,07b300a1,-5.749684008232252,-35.2120992999462,NATAL,,BRA,0.0,anchorage_overrides,,,,,,0,,,0,,,BRA
Only in scratch_amanda,07b3009d,-5.75851234595181,-35.2120992999462,NATAL,,BRA,0.0,anchorage_overrides,,,,,,0,,,0,,,BRA
Only in scratch_amanda,07b3aa79,-5.762539630404968,-35.21759444586519,NATAL,,BRA,0.0,anchorage_overrides,,,,,,0,,,0,,,BRA
Only in scratch_amanda,07b3aaa7,-5.7934518388493075,-35.21759444586519,NATAL,,BRA,0.0,anchorage_overrides,,,,,,0,,,0,,,BRA
Only in scratch_amanda,07b3000f,-5.794230855703105,-35.20660379003067,NATAL,,BRA,0.0,anchorage_overrides,,,,,,0,,,0,,,BRA
Only in scratch_amanda,07b3009f,-5.754097981180032,-35.2120992999462,NATAL,,BRA,0.0,anchorage_overrides,,,,,,0,,,0,,,BRA
Only in scratch_amanda,07b30077,-5.7805900446404905,-35.2120992999462,NATAL,,BRA,0.0,anchorage_overrides,,,,,,0,,,0,,,BRA
Only in scratch_amanda,07b3000b,-5.789423864352538,-35.2120992999462,NATAL,,BRA,0.0,anchorage_overrides,,,,,,0,,,0,,,BRA
Only in scratch_amanda,07b3007f,-5.771757790488369,-35.2120992999462,NATAL,,BRA,0.0,anchorage_overrides,,,,,,0,,,0,,,BRA
Only in scratch_amanda,07b3aa83,-5.775785371209211,-35.21759444586519,NATAL,,BRA,0.0,anchorage_overrides,,,,,,0,,,0,,,BRA
Only in scratch_amanda,07b30081,-5.767342250678286,-35.2120992999462,NATAL,,BRA,0.0,anchorage_overrides,,,,,,0,,,0,,,BRA
Only in scratch_amanda,07b30083,-5.762927102475325,-35.2120992999462,NATAL,,BRA,0.0,anchorage_overrides,,,,,,0,,,0,,,BRA
Only in scratch_amanda,07b30089,-5.7681176978384165,-35.20110791622301,NATAL,,BRA,0.0,anchorage_overrides,,,,,,0,,,0,,,BRA
Only in scratch_amanda,07b300a3,-5.750070574443624,-35.20660379003067,NATAL,,BRA,0.0,anchorage_overrides,,,,,,0,,,0,,,BRA
Only in scratch_amanda,07b3008d,-5.7640893534744375,-35.195611678627614,NATAL,,BRA,0.0,anchorage_overrides,,,,,,0,,,0,,,BRA
Only in scratch_amanda,07b30065,-5.776950340302058,-35.201107916223,NATAL,,BRA,0.0,anchorage_overrides,,,,,,0,,,0,,,BRA
Only in scratch_amanda,07b3aaa1,-5.7890346350242465,-35.21759444586519,NATAL,,BRA,0.0,anchorage_overrides,,,,,,0,,,0,,,BRA
Only in scratch_amanda,07b300a5,-5.7456567006464,-35.20660379003067,NATAL,,BRA,0.0,anchorage_overrides,,,,,,0,,,0,,,BRA
Only in scratch_amanda,07b30009,-5.793841361112426,-35.2120992999462,NATAL,,BRA,0.0,anchorage_overrides,,,,,,0,,,0,,,BRA
Only in scratch_amanda,07b30099,-5.754484840153895,-35.20660379003067,NATAL,,BRA,0.0,anchorage_overrides,,,,,,0,,,0,,,BRA
Only in scratch_amanda,07b30013,-5.7902022400352795,-35.201107916223,NATAL,,BRA,0.0,anchorage_overrides,,,,,,0,,,0,,,BRA
Only in scratch_amanda,07b30073,-5.7853956676187055,-35.20660379003067,NATAL,,BRA,0.0,anchorage_overrides,,,,,,0,,,0,,,BRA
Only in scratch_amanda,07b3006d,-5.785784548749095,-35.20110791622301,NATAL,,BRA,0.0,anchorage_overrides,,,,,,0,,,0,,,BRA
Only in scratch_amanda,07b30071,-5.78097866054165,-35.20660379003067,NATAL,,BRA,0.0,anchorage_overrides,,,,,,0,,,0,,,BRA
Only in scratch_amanda,07b3008b,-5.768505380051076,-35.195611678627614,NATAL,,BRA,0.0,anchorage_overrides,,,,,,0,,,0,,,BRA
Only in scratch_amanda,07b3008f,-5.7637019640313705,-35.20110791622301,NATAL,,BRA,0.0,anchorage_overrides,,,,,,0,,,0,,,BRA
Only in scratch_amanda,07b3aa77,-5.758125166699141,-35.21759444586519,NATAL,,BRA,0.0,anchorage_overrides,,,,,,0,,,0,,,BRA
Only in scratch_amanda,07b30079,-5.776173721833232,-35.2120992999462,NATAL,,BRA,0.0,anchorage_overrides,,,,,,0,,,0,,,BRA
Only in scratch_amanda,07b3aa75,-5.753711094728257,-35.21759444586519,NATAL,,BRA,0.0,anchorage_overrides,,,,,,0,,,0,,,BRA
Only in scratch_amanda,07b3000d,-5.7898130660300176,-35.20660379003066,NATAL,,BRA,0.0,anchorage_overrides,,,,,,0,,,0,,,BRA
Only in scratch_amanda,07b300bd,-5.750457113177419,-35.201107916223,NATAL,,BRA,0.0,anchorage_overrides,,,,,,0,,,0,,,BRA
Only in scratch_amanda,07b3aa9f,-5.78461782242758,-35.21759444586519,NATAL,,BRA,0.0,anchorage_overrides,,,,,,0,,,0,,,BRA
Only in scratch_amanda,07b3aa81,-5.771369732732325,-35.21759444586518,NATAL,,BRA,0.0,anchorage_overrides,,,,,,0,,,0,,,BRA
Only in scratch_amanda,07b3006f,-5.781367248813865,-35.20110791622301,NATAL,,BRA,0.0,anchorage_overrides,,,,,,0,,,0,,,BRA
Only in scratch_amanda,07b30075,-5.785006758837737,-35.2120992999462,NATAL,,BRA,0.0,anchorage_overrides,,,,,,0,,,0,,,BRA
Only in scratch_amanda,07b3aa9d,-5.780201401131762,-35.21759444586518,NATAL,,BRA,0.0,anchorage_overrides,,,,,,0,,,0,,,BRA
Only in scratch_amanda,07b30087,-5.767729988040378,-35.20660379003067,NATAL,,BRA,0.0,anchorage_overrides,,,,,,0,,,0,,,BRA
Only in scratch_amanda,07b30061,-5.772921798285109,-35.195611678627614,NATAL,,BRA,0.0,anchorage_overrides,,,,,,0,,,0,,,BRA
Only in scratch_amanda,07b30067,-5.777338608104148,-35.19561167862761,NATAL,,BRA,0.0,anchorage_overrides,,,,,,0,,,0,,,BRA
Only in scratch_amanda,07b30091,-5.759286621937313,-35.20110791622301,NATAL,,BRA,0.0,anchorage_overrides,,,,,,0,,,0,,,BRA
Only in scratch_amanda,07b30097,-5.754871671628567,-35.201107916223,NATAL,,BRA,0.0,anchorage_overrides,,,,,,0,,,0,,,BRA
Only in scratch_amanda,966aaba9,-38.745555555555555,-73.41166666666668,NEHUENTUE,,CHL,0.0,anchorage_overrides,,,,,,0,,,0,,,CHL
Only in scratch_amanda,314a6c19,20.72242957,106.7976815,NGOC HAI FISHING PORT,,VNM,0.0,anchorage_overrides,,,,,,0,,,0,,,VNM
Only in scratch_amanda,3170cf77,11.59129985,109.0488252,NINH CHU FISHING PORT,,VNM,0.0,anchorage_overrides,,,,,,0,,,0,,,VNM
Only in scratch_amanda,31701643,12.57692152,109.2204259,NINH HAI FISHING PORT,,VNM,0.0,anchorage_overrides,,,,,,0,,,0,,,VNM
Only in scratch_amanda,00998173,-22.920408472331616,-43.12868305268398,NITEROI,,BRA,0.0,anchorage_overrides,,,,,,0,,,0,,,BRA
Only in scratch_amanda,0099813d,-22.93485042430309,-43.11413754202454,NITEROI,,BRA,0.0,anchorage_overrides,,,,,,0,,,0,,,BRA
Only in scratch_amanda,0099816b,-22.923666194129108,-43.11898651079642,NITEROI,,BRA,0.0,anchorage_overrides,,,,,,0,,,0,,,BRA
Only in scratch_amanda,00998309,-22.864712525800936,-43.12383501435989,NITEROI,,BRA,0.0,anchorage_overrides,,,,,,0,,,0,,,BRA
Only in scratch_amanda,00998399,-22.87751888263116,-43.11413754202454,NITEROI,,BRA,0.0,anchorage_overrides,,,,,,0,,,0,,,BRA
Only in scratch_amanda,00998377,-22.869589470254127,-43.10928810807516,NITEROI,,BRA,0.0,anchorage_overrides,,,,,,0,,,0,,,BRA
Only in scratch_amanda,00998115,-22.928443629960544,-43.11898651079642,NITEROI,,BRA,0.0,anchorage_overrides,,,,,,0,,,0,,,BRA
Only in scratch_amanda,0099837b,-22.866437039799628,-43.104438208979325,NITEROI,,BRA,0.0,anchorage_overrides,,,,,,0,,,0,,,BRA
Only in scratch_amanda,009983c1,-22.89022458340166,-43.11898651079642,NITEROI,,BRA,0.0,anchorage_overrides,,,,,,0,,,0,,,BRA
Only in scratch_amanda,00998313,-22.856783768652836,-43.11898651079642,NITEROI,,BRA,0.0,anchorage_overrides,,,,,,0,,,0,,,BRA
Only in scratch_amanda,00998141,-22.925295009923428,-43.11413754202454,NITEROI,,BRA,0.0,anchorage_overrides,,,,,,0,,,0,,,BRA
Only in scratch_amanda,0099810f,-22.929962304643578,-43.12868305268398,NITEROI,,BRA,0.0,anchorage_overrides,,,,,,0,,,0,,,BRA
Only in scratch_amanda,0099816d,-22.92203734824307,-43.12383501435989,NITEROI,,BRA,0.0,anchorage_overrides,,,,,,0,,,0,,,BRA
Only in scratch_amanda,009983b9,-22.883820539889452,-43.12383501435989,NITEROI,,BRA,0.0,anchorage_overrides,,,,,,0,,,0,,,BRA
Only in scratch_amanda,0099836f,-22.860033978010076,-43.10928810807516,NITEROI,,BRA,0.0,anchorage_overrides,,,,,,0,,,0,,,BRA
Only in scratch_amanda,00998119,-22.937998547722632,-43.11898651079642,NITEROI,,BRA,0.0,anchorage_overrides,,,,,,0,,,0,,,BRA
Only in scratch_amanda,00998143,-22.92051732587456,-43.11413754202454,NITEROI,,BRA,0.0,anchorage_overrides,,,,,,0,,,0,,,BRA
Only in scratch_amanda,00998395,-22.887073979331927,-43.11413754202454,NITEROI,,BRA,0.0,anchorage_overrides,,,,,,0,,,0,,,BRA
Only in scratch_amanda,00998393,-22.888700654092823,-43.10928810807516,NITEROI,,BRA,0.0,anchorage_overrides,,,,,,0,,,0,,,BRA
Only in scratch_amanda,0099839d,-22.874367241453115,-43.10928810807516,NITEROI,,BRA,0.0,anchorage_overrides,,,,,,0,,,0,,,BRA
Only in scratch_amanda,00998383,-22.87599309390266,-43.104438208979325,NITEROI,,BRA,0.0,anchorage_overrides,,,,,,0,,,0,,,BRA
Only in scratch_amanda,009983c9,-22.886970556035735,-43.12868305268398,NITEROI,,BRA,0.0,anchorage_overrides,,,,,,0,,,0,,,BRA
Only in scratch_amanda,0099837f,-22.872840616762616,-43.09958784476808,NITEROI,,BRA,0.0,anchorage_overrides,,,,,,0,,,0,,,BRA
Only in scratch_amanda,0099836d,-22.85840888826851,-43.11413754202454,NITEROI,,BRA,0.0,anchorage_overrides,,,,,,0,,,0,,,BRA
Only in scratch_amanda,00998123,-22.93962815442315,-43.11413754202454,NITEROI,,BRA,0.0,anchorage_overrides,,,,,,0,,,0,,,BRA
Only in scratch_amanda,009983c7,-22.888597584660417,-43.12383501435989,NITEROI,,BRA,0.0,anchorage_overrides,,,,,,0,,,0,,,BRA
Only in scratch_amanda,009983b7,-22.88219377534033,-43.12868305268398,NITEROI,,BRA,0.0,anchorage_overrides,,,,,,0,,,0,,,BRA
Only in scratch_amanda,00998113,-22.926814520374325,-43.12383501435989,NITEROI,,BRA,0.0,anchorage_overrides,,,,,,0,,,0,,,BRA
Only in scratch_amanda,0099813b,-22.936479737213983,-43.10928810807516,NITEROI,,BRA,0.0,anchorage_overrides,,,,,,0,,,0,,,BRA
Only in scratch_amanda,0099838f,-22.885549214138088,-43.104438208979325,NITEROI,,BRA,0.0,anchorage_overrides,,,,,,0,,,0,,,BRA
Only in scratch_amanda,0099839b,-22.87914502922951,-43.10928810807516,NITEROI,,BRA,0.0,anchorage_overrides,,,,,,0,,,0,,,BRA
Only in scratch_amanda,0099811b,-22.936368910869408,-43.12383501435989,NITEROI,,BRA,0.0,anchorage_overrides,,,,,,0,,,0,,,BRA
Only in scratch_amanda,009983a1,-22.871115446617093,-43.11898651079642,NITEROI,,BRA,0.0,anchorage_overrides,,,,,,0,,,0,,,BRA
Only in scratch_amanda,0099810d,-22.92518538074238,-43.12868305268398,NITEROI,,BRA,0.0,anchorage_overrides,,,,,,0,,,0,,,BRA
Only in scratch_amanda,0099813f,-22.93007270943473,-43.11413754202454,NITEROI,,BRA,0.0,anchorage_overrides,,,,,,0,,,0,,,BRA
Only in scratch_amanda,00998117,-22.933221081193494,-43.11898651079642,NITEROI,,BRA,0.0,anchorage_overrides,,,,,,0,,,0,,,BRA
Only in scratch_amanda,00998379,-22.871215058531877,-43.104438208979325,NITEROI,,BRA,0.0,anchorage_overrides,,,,,,0,,,0,,,BRA
Only in scratch_amanda,00998385,-22.880771145806552,-43.104438208979325,NITEROI,,BRA,0.0,anchorage_overrides,,,,,,0,,,0,,,BRA
Only in scratch_amanda,00998381,-22.87761891628493,-43.09958784476808,NITEROI,,BRA,0.0,anchorage_overrides,,,,,,0,,,0,,,BRA
Only in scratch_amanda,00998111,-22.93159170795155,-43.12383501435989,NITEROI,,BRA,0.0,anchorage_overrides,,,,,,0,,,0,,,BRA
Only in scratch_amanda,00998391,-22.88392283347789,-43.10928810807516,NITEROI,,BRA,0.0,anchorage_overrides,,,,,,0,,,0,,,BRA
Only in scratch_amanda,00998365,-22.861659037811343,-43.104438208979325,NITEROI,,BRA,0.0,anchorage_overrides,,,,,,0,,,0,,,BRA
Only in scratch_amanda,009983bf,-22.885447274575384,-43.11898651079641,NITEROI,,BRA,0.0,anchorage_overrides,,,,,,0,,,0,,,BRA
Only in scratch_amanda,9036f2dd,-4.215209347899918,-81.18031088169364,NURO,,PER,0.0,anchorage_overrides,,,,,,0,,,0,,,PER
Only in scratch_amanda,9036f2c3,-4.2129241046880495,-81.18057666818825,NURO,,PER,0.0,anchorage_overrides,,,,,,0,,,0,,,PER
Only in scratch_amanda,96bd2335,-26.762516666666667,-70.74609722222222,OBISPITO,,CHL,0.0,anchorage_overrides,,,,,,0,,,0,,,CHL
Only in scratch_amanda,8d6cc557,3.849507268624019,-51.84434886373441,OIAPOQUE,,BRA,0.0,anchorage_overrides,,,,,,0,,,0,,,BRA
Only in scratch_amanda,8d6cc551,3.845415754582806,-51.84434886373441,OIAPOQUE,,BRA,0.0,anchorage_overrides,,,,,,0,,,0,,,BRA
Only in scratch_amanda,8d6ccf8f,3.856577068447226,-51.82322247382862,OIAPOQUE,,BRA,0.0,anchorage_overrides,,,,,,0,,,0,,,BRA
Only in scratch_amanda,8d6cc561,3.848673212552408,-51.82850345104259,OIAPOQUE,,BRA,0.0,anchorage_overrides,,,,,,0,,,0,,,BRA
Only in scratch_amanda,8d6ccfed,3.8612264589780927,-51.83378484181577,OIAPOQUE,,BRA,0.0,anchorage_overrides,,,,,,0,,,0,,,BRA
Only in scratch_amanda,8d6ccff9,3.8535991888924,-51.84434886373441,OIAPOQUE,,BRA,0.0,anchorage_overrides,,,,,,0,,,0,,,BRA
Only in scratch_amanda,8d6ccff3,3.857134313985585,-51.83378484181577,OIAPOQUE,,BRA,0.0,anchorage_overrides,,,,,,0,,,0,,,BRA
Only in scratch_amanda,8d6cc553,3.845693457493514,-51.84963149472702,OIAPOQUE,,BRA,0.0,anchorage_overrides,,,,,,0,,,0,,,BRA
Only in scratch_amanda,8d6cc567,3.8445825796700936,-51.82850345104259,OIAPOQUE,,BRA,0.0,anchorage_overrides,,,,,,0,,,0,,,BRA
Only in scratch_amanda,8d6cc539,3.832866817393642,-51.83906664607184,OIAPOQUE,,BRA,0.0,anchorage_overrides,,,,,,0,,,0,,,BRA
Only in scratch_amanda,8d6cc559,3.8492292609662746,-51.83906664607184,OIAPOQUE,,BRA,0.0,anchorage_overrides,,,,,,0,,,0,,,BRA
Only in scratch_amanda,8d6cc55d,3.844860315657076,-51.83378484181577,OIAPOQUE,,BRA,0.0,anchorage_overrides,,,,,,0,,,0,,,BRA
Only in scratch_amanda,8d6ccff7,3.853320887503574,-51.83906664607184,OIAPOQUE,,BRA,0.0,anchorage_overrides,,,,,,0,,,0,,,BRA
Only in scratch_amanda,8d6cc569,3.84049235299844,-51.82850345104259,OIAPOQUE,,BRA,0.0,anchorage_overrides,,,,,,0,,,0,,,BRA
Only in scratch_amanda,8d6ccff5,3.8530425750652286,-51.83378484181577,OIAPOQUE,,BRA,0.0,anchorage_overrides,,,,,,0,,,0,,,BRA
Only in scratch_amanda,8d6ccf91,3.8606686258234784,-51.82322247382862,OIAPOQUE,,BRA,0.0,anchorage_overrides,,,,,,0,,,0,,,BRA
Only in scratch_amanda,8d6ccf8d,3.856855696733126,-51.82850345104259,OIAPOQUE,,BRA,0.0,anchorage_overrides,,,,,,0,,,0,,,BRA
Only in scratch_amanda,8d6ccf89,3.852485917096181,-51.82322247382862,OIAPOQUE,,BRA,0.0,anchorage_overrides,,,,,,0,,,0,,,BRA
Only in scratch_amanda,8d6ccf93,3.8609475479235194,-51.82850345104259,OIAPOQUE,,BRA,0.0,anchorage_overrides,,,,,,0,,,0,,,BRA
Only in scratch_amanda,8d6cc54b,3.837511060988027,-51.84963149472702,OIAPOQUE,,BRA,0.0,anchorage_overrides,,,,,,0,,,0,,,BRA
Only in scratch_amanda,8d6cc55f,3.8489512422710574,-51.83378484181578,OIAPOQUE,,BRA,0.0,anchorage_overrides,,,,,,0,,,0,,,BRA
Only in scratch_amanda,8d6cc55b,3.8451380406326536,-51.83906664607184,OIAPOQUE,,BRA,0.0,anchorage_overrides,,,,,,0,,,0,,,BRA
Only in scratch_amanda,8d6cc541,3.8366796811855632,-51.83378484181577,OIAPOQUE,,BRA,0.0,anchorage_overrides,,,,,,0,,,0,,,BRA
Only in scratch_amanda,8d6ccff1,3.8574129201905385,-51.83906664607184,OIAPOQUE,,BRA,0.0,anchorage_overrides,,,,,,0,,,0,,,BRA
Only in scratch_amanda,8d6cc555,3.8497852652302593,-51.84963149472702,OIAPOQUE,,BRA,0.0,anchorage_overrides,,,,,,0,,,0,,,BRA
Only in scratch_amanda,8d6cc54d,3.8416020560614426,-51.84963149472702,OIAPOQUE,,BRA,0.0,anchorage_overrides,,,,,,0,,,0,,,BRA
Only in scratch_amanda,8d6cc563,3.8483951718243534,-51.823222473828615,OIAPOQUE,,BRA,0.0,anchorage_overrides,,,,,,0,,,0,,,BRA
Only in scratch_amanda,8d6cc547,3.836956818792387,-51.83906664607184,OIAPOQUE,,BRA,0.0,anchorage_overrides,,,,,,0,,,0,,,BRA
Only in scratch_amanda,8d6cc537,3.833143650362075,-51.8443488637344,OIAPOQUE,,BRA,0.0,anchorage_overrides,,,,,,0,,,0,,,BRA
Only in scratch_amanda,8d6ccf8b,3.8527642515914167,-51.82850345104259,OIAPOQUE,,BRA,0.0,anchorage_overrides,,,,,,0,,,0,,,BRA
Only in scratch_amanda,8d6cc565,3.844304832685723,-51.823222473828615,OIAPOQUE,,BRA,0.0,anchorage_overrides,,,,,,0,,,0,,,BRA
Only in scratch_amanda,8d6cc549,3.837233945397872,-51.84434886373441,OIAPOQUE,,BRA,0.0,anchorage_overrides,,,,,,0,,,0,,,BRA
Only in scratch_amanda,8d6cc543,3.8407697952772586,-51.83378484181577,OIAPOQUE,,BRA,0.0,anchorage_overrides,,,,,,0,,,0,,,BRA
Only in scratch_amanda,8d6cc545,3.8410472265567024,-51.83906664607184,OIAPOQUE,,BRA,0.0,anchorage_overrides,,,,,,0,,,0,,,BRA
Only in scratch_amanda,8d6cc54f,3.841324646822765,-51.84434886373441,OIAPOQUE,,BRA,0.0,anchorage_overrides,,,,,,0,,,0,,,BRA
Only in scratch_amanda,9049e0c9,-5.073009626814606,-81.14043645210036,PAITA,,PER,0.0,anchorage_overrides,,,,,,0,,,0,,,PER
Only in scratch_amanda,9049e0b9,-5.070672443829517,-81.14560891217134,PAITA,,PER,0.0,anchorage_overrides,,,,,,0,,,0,,,PER
Only in scratch_amanda,9049e153,-5.078025389072297,-81.08420241664874,PAITA,,PER,0.0,anchorage_overrides,,,,,,0,,,0,,,PER
Only in scratch_amanda,9049e0c7,-5.070473199405483,-81.13996512648605,PAITA,,PER,0.0,anchorage_overrides,,,,,,0,,,0,,,PER
Only in scratch_amanda,9049e0db,-5.068767045897552,-81.12705468505547,PAITA,,PER,0.0,anchorage_overrides,,,,,,0,,,0,,,PER
Only in scratch_amanda,9049e15b,-5.068629769230769,-81.08553559743588,PAITA,,PER,0.0,anchorage_overrides,,,,,,0,,,0,,,PER
Only in scratch_amanda,9049e131,-5.07233465643274,-81.10364863952482,PAITA,,PER,0.0,anchorage_overrides,,,,,,0,,,0,,,PER
Only in scratch_amanda,9049e145,-5.070653560850223,-81.08911174948102,PAITA,,PER,0.0,anchorage_overrides,,,,,,0,,,0,,,PER
Only in scratch_amanda,9049e14f,-5.0760924791599535,-81.08701531907596,PAITA,,PER,0.0,anchorage_overrides,,,,,,0,,,0,,,PER
Only in scratch_amanda,9049e12b,-5.079728097843481,-81.11433991044524,PAITA,,PER,0.0,anchorage_overrides,,,,,,0,,,0,,,PER
Only in scratch_amanda,9697b7b7,-27.733697222222226,-71.04092222222222,PAJONALES,,CHL,0.0,anchorage_overrides,,,,,,0,,,0,,,CHL
Only in scratch_amanda,95272827,-27.89095632282102,-48.58628366306763,PALHOCA,,BRA,0.0,anchorage_overrides,,,,,,0,,,0,,,BRA
Only in scratch_amanda,9527282f,-27.887959323083393,-48.59129144063823,PALHOCA,,BRA,0.0,anchorage_overrides,,,,,,0,,,0,,,BRA
Only in scratch_amanda,952729b3,-27.872315782371796,-48.601308351387594,PALHOCA,,BRA,0.0,anchorage_overrides,,,,,,0,,,0,,,BRA
Only in scratch_amanda,95272823,-27.88430740826538,-48.58127633742782,PALHOCA,,BRA,0.0,anchorage_overrides,,,,,,0,,,0,,,BRA
Only in scratch_amanda,952729d3,-27.891610926706907,-48.60130835138759,PALHOCA,,BRA,0.0,anchorage_overrides,,,,,,0,,,0,,,BRA
Only in scratch_amanda,952729cd,-27.886787284893803,-48.601308351387594,PALHOCA,,BRA,0.0,anchorage_overrides,,,,,,0,,,0,,,BRA
Only in scratch_amanda,9527282d,-27.88978516383381,-48.59629967009358,PALHOCA,,BRA,0.0,anchorage_overrides,,,,,,0,,,0,,,BRA
Only in scratch_amanda,95272835,-27.880138202190647,-48.596299670093565,PALHOCA,,BRA,0.0,anchorage_overrides,,,,,,0,,,0,,,BRA
Only in scratch_amanda,95272831,-27.883136099473106,-48.59129144063823,PALHOCA,,BRA,0.0,anchorage_overrides,,,,,,0,,,0,,,BRA
Only in scratch_amanda,9527283b,-27.881310390068226,-48.58628366306763,PALHOCA,,BRA,0.0,anchorage_overrides,,,,,,0,,,0,,,BRA
Only in scratch_amanda,952729b5,-27.87713971262614,-48.601308351387594,PALHOCA,,BRA,0.0,anchorage_overrides,,,,,,0,,,0,,,BRA
Only in scratch_amanda,952729cb,-27.88196354683351,-48.601308351387594,PALHOCA,,BRA,0.0,anchorage_overrides,,,,,,0,,,0,,,BRA
Only in scratch_amanda,95272833,-27.884961731107857,-48.59629967009358,PALHOCA,,BRA,0.0,anchorage_overrides,,,,,,0,,,0,,,BRA
Only in scratch_amanda,95272825,-27.88613340453437,-48.58628366306763,PALHOCA,,BRA,0.0,anchorage_overrides,,,,,,0,,,0,,,BRA
Only in scratch_amanda,96bcb9a3,-26.140888888888888,-70.66243055555556,PAN DE AZUCAR,,CHL,0.0,anchorage_overrides,,,,,,0,,,0,,,CHL
Only in scratch_amanda,9641de89,-37.86445277777778,-73.54704722222222,PANGUE,,CHL,0.0,anchorage_overrides,,,,,,0,,,0,,,CHL
Only in scratch_amanda,9689a43f,-32.50574722222222,-71.44976944444444,PAPUDO,,CHL,0.0,anchorage_overrides,,,,,,0,,,0,,,CHL
Only in scratch_amanda,91106337,-13.827958343688918,-76.2598552536286,PARACAS,,PER,0.0,anchorage_overrides,,,,,,0,,,0,,,PER
Only in scratch_amanda,91106369,-13.818593333333334,-76.24727666666666,PARACAS,,PER,0.0,anchorage_overrides,,,,,,0,,,0,,,PER
Only in scratch_amanda,91106345,-13.819271732105449,-76.25374974507974,PARACAS,,PER,0.0,anchorage_overrides,,,,,,0,,,0,,,PER
Only in scratch_amanda,91106311,-13.83035,-76.24067,PARACAS,,PER,0.0,anchorage_overrides,,,,,,0,,,0,,,PER
Only in scratch_amanda,9110633f,-13.828734928251237,-76.2533957449408,PARACAS,,PER,0.0,anchorage_overrides,,,,,,0,,,0,,,PER
Only in scratch_amanda,9110635b,-13.812757161997876,-76.25642044631415,PARACAS,,PER,0.0,anchorage_overrides,,,,,,0,,,0,,,PER
Only in scratch_amanda,90497c4f,-5.771623098394392,-80.8641761907822,PARACHIQUE,,PER,0.0,anchorage_overrides,,,,,,0,,,0,,,PER
Only in scratch_amanda,90497c5b,-5.773409986867473,-80.86649118799474,PARACHIQUE,,PER,0.0,anchorage_overrides,,,,,,0,,,0,,,PER
Only in scratch_amanda,90497c45,-5.769237650832174,-80.8681820120233,PARACHIQUE,,PER,0.0,anchorage_overrides,,,,,,0,,,0,,,PER
Only in scratch_amanda,90497c51,-5.773252136035886,-80.86501461350201,PARACHIQUE,,PER,0.0,anchorage_overrides,,,,,,0,,,0,,,PER
Only in scratch_amanda,07c11e27,-3.4162151127948936,-39.04241848177484,PARACURU,,BRA,0.0,anchorage_overrides,,,,,,0,,,0,,,BRA
Only in scratch_amanda,07c11e2d,-3.412714466635751,-39.03199459095992,PARACURU,,BRA,0.0,anchorage_overrides,,,,,,0,,,0,,,BRA
Only in scratch_amanda,07c11e31,-3.4084606092992966,-39.03720674910261,PARACURU,,BRA,0.0,anchorage_overrides,,,,,,0,,,0,,,BRA
Only in scratch_amanda,07c11e35,-3.404708784508023,-39.03199459095992,PARACURU,,BRA,0.0,anchorage_overrides,,,,,,0,,,0,,,BRA
Only in scratch_amanda,07c11fd3,-3.4129655646128954,-39.026782007414965,PARACURU,,BRA,0.0,anchorage_overrides,,,,,,0,,,0,,,BRA
Only in scratch_amanda,07c11e3b,-3.4082097888637826,-39.04241848177483,PARACURU,,BRA,0.0,anchorage_overrides,,,,,,0,,,0,,,BRA
Only in scratch_amanda,07c11e33,-3.4087114219414683,-39.031994590959926,PARACURU,,BRA,0.0,anchorage_overrides,,,,,,0,,,0,,,BRA
Only in scratch_amanda,07c11fb5,-3.400956773015325,-39.026782007414965,PARACURU,,BRA,0.0,anchorage_overrides,,,,,,0,,,0,,,BRA
Only in scratch_amanda,07c11e49,-3.4004563279680613,-39.03720674910261,PARACURU,,BRA,0.0,anchorage_overrides,,,,,,0,,,0,,,BRA
Only in scratch_amanda,07c11e4b,-3.400706554385057,-39.03199459095992,PARACURU,,BRA,0.0,anchorage_overrides,,,,,,0,,,0,,,BRA
Only in scratch_amanda,07c11e37,-3.4044582649909083,-39.03720674910261,PARACURU,,BRA,0.0,anchorage_overrides,,,,,,0,,,0,,,BRA
Only in scratch_amanda,07c11e25,-3.4122122472486756,-39.04241848177483,PARACURU,,BRA,0.0,anchorage_overrides,,,,,,0,,,0,,,BRA
Only in scratch_amanda,07c11fcb,-3.4049592962289816,-39.026782007414965,PARACURU,,BRA,0.0,anchorage_overrides,,,,,,0,,,0,,,BRA
Only in scratch_amanda,07c11e29,-3.4164665195741324,-39.03720674910261,PARACURU,,BRA,0.0,anchorage_overrides,,,,,,0,,,0,,,BRA
Only in scratch_amanda,07c11fcd,-3.4089622267780575,-39.026782007414965,PARACURU,,BRA,0.0,anchorage_overrides,,,,,,0,,,0,,,BRA
Only in scratch_amanda,07c11e39,-3.404207737689867,-39.04241848177483,PARACURU,,BRA,0.0,anchorage_overrides,,,,,,0,,,0,,,BRA
Only in scratch_amanda,07c11fd5,-3.416969309683814,-39.026782007414965,PARACURU,,BRA,0.0,anchorage_overrides,,,,,,0,,,0,,,BRA
Only in scratch_amanda,07c11e2b,-3.416717918541196,-39.031994590959926,PARACURU,,BRA,0.0,anchorage_overrides,,,,,,0,,,0,,,BRA
Only in scratch_amanda,07c11e2f,-3.4124633608435926,-39.03720674910261,PARACURU,,BRA,0.0,anchorage_overrides,,,,,,0,,,0,,,BRA
Only in scratch_amanda,94db9ad7,-25.520734906988302,-48.55124187670816,PARANAGUA,,BRA,0.0,anchorage_overrides,,,,,,0,,,0,,,BRA
Only in scratch_amanda,94db9ae3,-25.51386112494253,-48.53122794731977,PARANAGUA,,BRA,0.0,anchorage_overrides,,,,,,0,,,0,,,BRA
Only in scratch_amanda,94db9a91,-25.53813568831833,-48.53122794731976,PARANAGUA,,BRA,0.0,anchorage_overrides,,,,,,0,,,0,,,BRA
Only in scratch_amanda,94db9a23,-25.512949916146827,-48.486223078023755,PARANAGUA,,BRA,0.0,anchorage_overrides,,,,,,0,,,0,,,BRA
Only in scratch_amanda,94db9a81,-25.544404624222473,-48.52122369704866,PARANAGUA,,BRA,0.0,anchorage_overrides,,,,,,0,,,0,,,BRA
Only in scratch_amanda,94db9af3,-25.526706688527373,-48.52622559594437,PARANAGUA,,BRA,0.0,anchorage_overrides,,,,,,0,,,0,,,BRA
Only in scratch_amanda,94db9a93,-25.533280866932827,-48.53122794731976,PARANAGUA,,BRA,0.0,anchorage_overrides,,,,,,0,,,0,,,BRA
Only in scratch_amanda,94db9ad5,-25.522453193027435,-48.55624648979892,PARANAGUA,,BRA,0.0,anchorage_overrides,,,,,,0,,,0,,,BRA
Only in scratch_amanda,94db9a8d,-25.531561320214568,-48.52622559594437,PARANAGUA,,BRA,0.0,anchorage_overrides,,,,,,0,,,0,,,BRA
Only in scratch_amanda,94db9b2b,-25.51759696606367,-48.55624648979892,PARANAGUA,,BRA,0.0,anchorage_overrides,,,,,,0,,,0,,,BRA
Only in scratch_amanda,94db9a59,-25.5184136691569,-48.5162222506782,PARANAGUA,,BRA,0.0,anchorage_overrides,,,,,,0,,,0,,,BRA
Only in scratch_amanda,94db9a0f,-25.529228546184257,-48.491221808291186,PARANAGUA,,BRA,0.0,anchorage_overrides,,,,,,0,,,0,,,BRA
Only in scratch_amanda,94db9a19,-25.517802663295985,-48.486223078023755,PARANAGUA,,BRA,0.0,anchorage_overrides,,,,,,0,,,0,,,BRA
Only in scratch_amanda,94db9ad9,-25.51901655708567,-48.546237715869246,PARANAGUA,,BRA,0.0,anchorage_overrides,,,,,,0,,,0,,,BRA
Only in scratch_amanda,94db9ae7,-25.520434905318353,-48.53623075112941,PARANAGUA,,BRA,0.0,anchorage_overrides,,,,,,0,,,0,,,BRA
Only in scratch_amanda,94db9a6f,-25.529536142267172,-48.50622071569435,PARANAGUA,,BRA,0.0,anchorage_overrides,,,,,,0,,,0,,,BRA
Only in scratch_amanda,94db9a7d,-25.537830220590266,-48.5162222506782,PARANAGUA,,BRA,0.0,anchorage_overrides,,,,,,0,,,0,,,BRA
Only in scratch_amanda,94db9a67,-25.526402298785513,-48.51122125687829,PARANAGUA,,BRA,0.0,anchorage_overrides,,,,,,0,,,0,,,BRA
Only in scratch_amanda,94db9a47,-25.513255680753623,-48.50122062717168,PARANAGUA,,BRA,0.0,anchorage_overrides,,,,,,0,,,0,,,BRA
Only in scratch_amanda,94db9a99,-25.54471041758633,-48.53623075112941,PARANAGUA,,BRA,0.0,anchorage_overrides,,,,,,0,,,0,,,BRA
Only in scratch_amanda,94db9a61,-25.528122036066343,-48.51622225067821,PARANAGUA,,BRA,0.0,anchorage_overrides,,,,,,0,,,0,,,BRA
Only in scratch_amanda,94db9a6b,-25.522962634183187,-48.50122062717168,PARANAGUA,,BRA,0.0,anchorage_overrides,,,,,,0,,,0,,,BRA
Only in scratch_amanda,94db9a11,-25.5243756541596,-48.49122180829119,PARANAGUA,,BRA,0.0,anchorage_overrides,,,,,,0,,,0,,,BRA
Only in scratch_amanda,94db9ae1,-25.51557966598821,-48.5362307511294,PARANAGUA,,BRA,0.0,anchorage_overrides,,,,,,0,,,0,,,BRA
Only in scratch_amanda,94db9a79,-25.54096380063657,-48.51122125687829,PARANAGUA,,BRA,0.0,anchorage_overrides,,,,,,0,,,0,,,BRA
Only in scratch_amanda,94db9ac5,-25.528727932313934,-48.546237715869246,PARANAGUA,,BRA,0.0,anchorage_overrides,,,,,,0,,,0,,,BRA
Only in scratch_amanda,94db9a13,-25.52609588006126,-48.49622099135556,PARANAGUA,,BRA,0.0,anchorage_overrides,,,,,,0,,,0,,,BRA
Only in scratch_amanda,94db9a5b,-25.516694402983703,-48.51122125687828,PARANAGUA,,BRA,0.0,anchorage_overrides,,,,,,0,,,0,,,BRA
Only in scratch_amanda,94db9a43,-25.519828808505498,-48.506220715694354,PARANAGUA,,BRA,0.0,anchorage_overrides,,,,,,0,,,0,,,BRA
Only in scratch_amanda,94db9adf,-25.517298143394104,-48.54123400732777,PARANAGUA,,BRA,0.0,anchorage_overrides,,,,,,0,,,0,,,BRA
Only in scratch_amanda,94db907f,-25.549258837204377,-48.52122369704867,PARANAGUA,,BRA,0.0,anchorage_overrides,,,,,,0,,,0,,,BRA
Only in scratch_amanda,94db9a45,-25.514975073491108,-48.506220715694354,PARANAGUA,,BRA,0.0,anchorage_overrides,,,,,,0,,,0,,,BRA
Only in scratch_amanda,94db9af5,-25.52498731368935,-48.52122369704867,PARANAGUA,,BRA,0.0,anchorage_overrides,,,,,,0,,,0,,,BRA
Only in scratch_amanda,94db9a2f,-25.503244286412585,-48.486223078023755,PARANAGUA,,BRA,0.0,anchorage_overrides,,,,,,0,,,0,,,BRA
Only in scratch_amanda,94db9add,-25.522153618276064,-48.54123400732777,PARANAGUA,,BRA,0.0,anchorage_overrides,,,,,,0,,,0,,,BRA
Only in scratch_amanda,94db9a15,-25.521242707010757,-48.49622099135556,PARANAGUA,,BRA,0.0,anchorage_overrides,,,,,,0,,,0,,,BRA
Only in scratch_amanda,94db9a7b,-25.53611001240814,-48.51122125687829,PARANAGUA,,BRA,0.0,anchorage_overrides,,,,,,0,,,0,,,BRA
Only in scratch_amanda,94db9a31,-25.504963632675818,-48.491221808291186,PARANAGUA,,BRA,0.0,anchorage_overrides,,,,,,0,,,0,,,BRA
Only in scratch_amanda,94db9a6d,-25.527816042788633,-48.50122062717168,PARANAGUA,,BRA,0.0,anchorage_overrides,,,,,,0,,,0,,,BRA
Only in scratch_amanda,94db9a9d,-25.547845193410605,-48.53122794731976,PARANAGUA,,BRA,0.0,anchorage_overrides,,,,,,0,,,0,,,BRA
Only in scratch_amanda,94db9a77,-25.539243293630907,-48.506220715694354,PARANAGUA,,BRA,0.0,anchorage_overrides,,,,,,0,,,0,,,BRA
Only in scratch_amanda,94db9adb,-25.523872267493243,-48.546237715869246,PARANAGUA,,BRA,0.0,anchorage_overrides,,,,,,0,,,0,,,BRA
Only in scratch_amanda,94db9a9b,-25.54299046384636,-48.53122794731977,PARANAGUA,,BRA,0.0,anchorage_overrides,,,,,,0,,,0,,,BRA
Only in scratch_amanda,94db9ac3,-25.527009047622737,-48.54123400732777,PARANAGUA,,BRA,0.0,anchorage_overrides,,,,,,0,,,0,,,BRA
Only in scratch_amanda,94db9a63,-25.532976151179636,-48.5162222506782,PARANAGUA,,BRA,0.0,anchorage_overrides,,,,,,0,,,0,,,BRA
Only in scratch_amanda,94db9aff,-25.510423852230076,-48.52122369704867,PARANAGUA,,BRA,0.0,anchorage_overrides,,,,,,0,,,0,,,BRA
Only in scratch_amanda,94db9a25,-25.508097123816945,-48.48622307802376,PARANAGUA,,BRA,0.0,anchorage_overrides,,,,,,0,,,0,,,BRA
Only in scratch_amanda,94db9a5d,-25.521548373603867,-48.51122125687829,PARANAGUA,,BRA,0.0,anchorage_overrides,,,,,,0,,,0,,,BRA
Only in scratch_amanda,94db9a8f,-25.5364159062022,-48.52622559594437,PARANAGUA,,BRA,0.0,anchorage_overrides,,,,,,0,,,0,,,BRA
Only in scratch_amanda,94db9079,-25.550979388904693,-48.52622559594437,PARANAGUA,,BRA,0.0,anchorage_overrides,,,,,,0,,,0,,,BRA
Only in scratch_amanda,94db9a7f,-25.542684244191943,-48.51622225067821,PARANAGUA,,BRA,0.0,anchorage_overrides,,,,,,0,,,0,,,BRA
Only in scratch_amanda,94db9a55,-25.508705120712367,-48.5162222506782,PARANAGUA,,BRA,0.0,anchorage_overrides,,,,,,0,,,0,,,BRA
Only in scratch_amanda,94db9a0d,-25.53094900761544,-48.49622099135556,PARANAGUA,,BRA,0.0,anchorage_overrides,,,,,,0,,,0,,,BRA
Only in scratch_amanda,94db9b2f,-25.511022878684628,-48.55124187670816,PARANAGUA,,BRA,0.0,anchorage_overrides,,,,,,0,,,0,,,BRA
Only in scratch_amanda,94db9a85,-25.54127044638396,-48.52622559594436,PARANAGUA,,BRA,0.0,anchorage_overrides,,,,,,0,,,0,,,BRA
Only in scratch_amanda,94db9ad1,-25.525590852895267,-48.55124187670816,PARANAGUA,,BRA,0.0,anchorage_overrides,,,,,,0,,,0,,,BRA
Only in scratch_amanda,94db9a3b,-25.509816705842045,-48.491221808291186,PARANAGUA,,BRA,0.0,anchorage_overrides,,,,,,0,,,0,,,BRA
Only in scratch_amanda,94db9a53,-25.50698632585306,-48.51122125687829,PARANAGUA,,BRA,0.0,anchorage_overrides,,,,,,0,,,0,,,BRA
Only in scratch_amanda,94db9a69,-25.524682498132947,-48.506220715694354,PARANAGUA,,BRA,0.0,anchorage_overrides,,,,,,0,,,0,,,BRA
Only in scratch_amanda,94db9a97,-25.53985540673825,-48.5362307511294,PARANAGUA,,BRA,0.0,anchorage_overrides,,,,,,0,,,0,,,BRA
Only in scratch_amanda,94db9acf,-25.53044675316376,-48.55124187670816,PARANAGUA,,BRA,0.0,anchorage_overrides,,,,,,0,,,0,,,BRA
Only in scratch_amanda,94db9a73,-25.532669405846168,-48.50122062717168,PARANAGUA,,BRA,0.0,anchorage_overrides,,,,,,0,,,0,,,BRA
Only in scratch_amanda,94db9a41,-25.5181091801361,-48.50122062717167,PARANAGUA,,BRA,0.0,anchorage_overrides,,,,,,0,,,0,,,BRA
Only in scratch_amanda,94db9afd,-25.51214252033164,-48.52622559594437,PARANAGUA,,BRA,0.0,anchorage_overrides,,,,,,0,,,0,,,BRA
Only in scratch_amanda,94db9a5f,-25.523267875356662,-48.5162222506782,PARANAGUA,,BRA,0.0,anchorage_overrides,,,,,,0,,,0,,,BRA
Only in scratch_amanda,94db9a51,-25.511840387031334,-48.51122125687829,PARANAGUA,,BRA,0.0,anchorage_overrides,,,,,,0,,,0,,,BRA
Only in scratch_amanda,94db9a71,-25.534389740801913,-48.506220715694354,PARANAGUA,,BRA,0.0,anchorage_overrides,,,,,,0,,,0,,,BRA
Only in scratch_amanda,94db9a4f,-25.510121293196057,-48.506220715694354,PARANAGUA,,BRA,0.0,anchorage_overrides,,,,,,0,,,0,,,BRA
Only in scratch_amanda,94db9b27,-25.51416080119762,-48.546237715869246,PARANAGUA,,BRA,0.0,anchorage_overrides,,,,,,0,,,0,,,BRA
Only in scratch_amanda,94db9b03,-25.50728770690948,-48.52622559594437,PARANAGUA,,BRA,0.0,anchorage_overrides,,,,,,0,,,0,,,BRA
Only in scratch_amanda,94db9b1f,-25.510724381280713,-48.5362307511294,PARANAGUA,,BRA,0.0,anchorage_overrides,,,,,,0,,,0,,,BRA
Only in scratch_amanda,94db9b21,-25.512442623083228,-48.541234007327766,PARANAGUA,,BRA,0.0,anchorage_overrides,,,,,,0,,,0,,,BRA
Only in scratch_amanda,94db9a89,-25.53469606046444,-48.52122369704867,PARANAGUA,,BRA,0.0,anchorage_overrides,,,,,,0,,,0,,,BRA
Only in scratch_amanda,94db9ae9,-25.52529009916479,-48.53623075112941,PARANAGUA,,BRA,0.0,anchorage_overrides,,,,,,0,,,0,,,BRA
Only in scratch_amanda,94db9a87,-25.539550365273737,-48.52122369704867,PARANAGUA,,BRA,0.0,anchorage_overrides,,,,,,0,,,0,,,BRA
Only in scratch_amanda,94db9a37,-25.5066829159438,-48.49622099135556,PARANAGUA,,BRA,0.0,anchorage_overrides,,,,,,0,,,0,,,BRA
Only in scratch_amanda,94db9a57,-25.51355941757336,-48.5162222506782,PARANAGUA,,BRA,0.0,anchorage_overrides,,,,,,0,,,0,,,BRA
Only in scratch_amanda,94db9a65,-25.531256178422367,-48.51122125687829,PARANAGUA,,BRA,0.0,anchorage_overrides,,,,,,0,,,0,,,BRA
Only in scratch_amanda,94db9081,-25.547538221878412,-48.51622225067821,PARANAGUA,,BRA,0.0,anchorage_overrides,,,,,,0,,,0,,,BRA
Only in scratch_amanda,94db9b29,-25.515878915549283,-48.55124187670816,PARANAGUA,,BRA,0.0,anchorage_overrides,,,,,,0,,,0,,,BRA
Only in scratch_amanda,94db9a8b,-25.52984170990088,-48.52122369704867,PARANAGUA,,BRA,0.0,anchorage_overrides,,,,,,0,,,0,,,BRA
Only in scratch_amanda,94db9b2d,-25.512740693622696,-48.55624648979892,PARANAGUA,,BRA,0.0,anchorage_overrides,,,,,,0,,,0,,,BRA
Only in scratch_amanda,94db9a83,-25.546124940653556,-48.52622559594436,PARANAGUA,,BRA,0.0,anchorage_overrides,,,,,,0,,,0,,,BRA
Only in scratch_amanda,009d6cc5,-23.23671725350878,-44.71234496253058,PARATY,,BRA,0.0,anchorage_overrides,,,,,,0,,,0,,,BRA
Only in scratch_amanda,009d6d21,-23.220957902751696,-44.71703660831952,PARATY,,BRA,0.0,anchorage_overrides,,,,,,0,,,0,,,BRA
Only in scratch_amanda,009d1179,-23.260999028813085,-44.61841267775804,PARATY,,BRA,0.0,anchorage_overrides,,,,,,0,,,0,,,BRA
Only in scratch_amanda,009d6cdb,-23.232025179056695,-44.71234496253058,PARATY,,BRA,0.0,anchorage_overrides,,,,,,0,,,0,,,BRA
Only in scratch_amanda,009d6d2b,-23.226007354628777,-44.70296025107305,PARATY,,BRA,0.0,anchorage_overrides,,,,,,0,,,0,,,BRA
Only in scratch_amanda,009d6d23,-23.216266125745083,-44.71703660831952,PARATY,,BRA,0.0,anchorage_overrides,,,,,,0,,,0,,,BRA
Only in scratch_amanda,009d6d27,-23.22264106526174,-44.71234496253058,PARATY,,BRA,0.0,anchorage_overrides,,,,,,0,,,0,,,BRA
Only in scratch_amanda,009d13c5,-23.263658767988133,-44.63721427338075,PARATY,,BRA,0.0,anchorage_overrides,,,,,,0,,,0,,,BRA
Only in scratch_amanda,009d6d2d,-23.22131479126868,-44.70296025107305,PARATY,,BRA,0.0,anchorage_overrides,,,,,,0,,,0,,,BRA
Only in scratch_amanda,009d13e1,-23.276419836819883,-44.62781442151737,PARATY,,BRA,0.0,anchorage_overrides,,,,,,0,,,0,,,BRA
Only in scratch_amanda,009d6cdd,-23.230341492408368,-44.71703660831952,PARATY,,BRA,0.0,anchorage_overrides,,,,,,0,,,0,,,BRA
Only in scratch_amanda,009d132b,-23.23238331853736,-44.69826718543998,PARATY,,BRA,0.0,anchorage_overrides,,,,,,0,,,0,,,BRA
Only in scratch_amanda,009d6d29,-23.22432421590857,-44.7076528434425,PARATY,,BRA,0.0,anchorage_overrides,,,,,,0,,,0,,,BRA
Only in scratch_amanda,009d6d25,-23.217949026119253,-44.71234496253058,PARATY,,BRA,0.0,anchorage_overrides,,,,,,0,,,0,,,BRA
Only in scratch_amanda,009d6cc9,-23.24309353820348,-44.7076528434425,PARATY,,BRA,0.0,anchorage_overrides,,,,,,0,,,0,,,BRA
Only in scratch_amanda,009d6cc3,-23.23503330485807,-44.71703660831952,PARATY,,BRA,0.0,anchorage_overrides,,,,,,0,,,0,,,BRA
Only in scratch_amanda,009d6ce9,-23.233349344353396,-44.72172778079164,PARATY,,BRA,0.0,anchorage_overrides,,,,,,0,,,0,,,BRA
Only in scratch_amanda,009d6ccd,-23.240085114994624,-44.70296025107304,PARATY,,BRA,0.0,anchorage_overrides,,,,,,0,,,0,,,BRA
Only in scratch_amanda,009d1167,-23.275090960791022,-44.61841267775804,PARATY,,BRA,0.0,anchorage_overrides,,,,,,0,,,0,,,BRA
Only in scratch_amanda,009d6cdf,-23.22564969167285,-44.71703660831951,PARATY,,BRA,0.0,anchorage_overrides,,,,,,0,,,0,,,BRA
Only in scratch_amanda,009d12d3,-23.22299765591715,-44.69826718543998,PARATY,,BRA,0.0,anchorage_overrides,,,,,,0,,,0,,,BRA
Only in scratch_amanda,009d115f,-23.27810407135999,-44.62311378611549,PARATY,,BRA,0.0,anchorage_overrides,,,,,,0,,,0,,,BRA
Only in scratch_amanda,009d6cd5,-23.23069992976995,-44.70296025107305,PARATY,,BRA,0.0,anchorage_overrides,,,,,,0,,,0,,,BRA
Only in scratch_amanda,009d6cd9,-23.227333116274288,-44.71234496253058,PARATY,,BRA,0.0,anchorage_overrides,,,,,,0,,,0,,,BRA
Only in scratch_amanda,009d13c3,-23.268355042870933,-44.63721427338075,PARATY,,BRA,0.0,anchorage_overrides,,,,,,0,,,0,,,BRA
Only in scratch_amanda,009d6ce7,-23.228657793924125,-44.72172778079164,PARATY,,BRA,0.0,anchorage_overrides,,,,,,0,,,0,,,BRA
Only in scratch_amanda,009d13d1,-23.260645979686053,-44.63251458394524,PARATY,,BRA,0.0,anchorage_overrides,,,,,,0,,,0,,,BRA
Only in scratch_amanda,009d13d5,-23.257632665902136,-44.62781442151737,PARATY,,BRA,0.0,anchorage_overrides,,,,,,0,,,0,,,BRA
Only in scratch_amanda,009d6cc1,-23.2397251289218,-44.71703660831952,PARATY,,BRA,0.0,anchorage_overrides,,,,,,0,,,0,,,BRA
Only in scratch_amanda,009d6cc7,-23.24140933953037,-44.71234496253058,PARATY,,BRA,0.0,anchorage_overrides,,,,,,0,,,0,,,BRA
Only in scratch_amanda,009d12d5,-23.22769048135897,-44.69826718543998,PARATY,,BRA,0.0,anchorage_overrides,,,,,,0,,,0,,,BRA
Only in scratch_amanda,009d117b,-23.265696328727927,-44.61841267775804,PARATY,,BRA,0.0,anchorage_overrides,,,,,,0,,,0,,,BRA
Only in scratch_amanda,009d6d3b,-23.213256998947013,-44.71234496253058,PARATY,,BRA,0.0,anchorage_overrides,,,,,,0,,,0,,,BRA
Only in scratch_amanda,009d6cd3,-23.235392516591965,-44.70296025107304,PARATY,,BRA,0.0,anchorage_overrides,,,,,,0,,,0,,,BRA
Only in scratch_amanda,009d13df,-23.271723027990387,-44.62781442151737,PARATY,,BRA,0.0,anchorage_overrides,,,,,,0,,,0,,,BRA
Only in scratch_amanda,009d13db,-23.265342505406604,-44.632514583945245,PARATY,,BRA,0.0,anchorage_overrides,,,,,,0,,,0,,,BRA
Only in scratch_amanda,009d132d,-23.237076167352065,-44.69826718543998,PARATY,,BRA,0.0,anchorage_overrides,,,,,,0,,,0,,,BRA
Only in scratch_amanda,009d6cd7,-23.229016528994453,-44.7076528434425,PARATY,,BRA,0.0,anchorage_overrides,,,,,,0,,,0,,,BRA
Only in scratch_amanda,009d116f,-23.272077324465965,-44.61371109646347,PARATY,,BRA,0.0,anchorage_overrides,,,,,,0,,,0,,,BRA
Only in scratch_amanda,009d1171,-23.267379752152284,-44.61371109646347,PARATY,,BRA,0.0,anchorage_overrides,,,,,,0,,,0,,,BRA
Only in scratch_amanda,009d6cd1,-23.233708853805705,-44.7076528434425,PARATY,,BRA,0.0,anchorage_overrides,,,,,,0,,,0,,,BRA
Only in scratch_amanda,009d6ccf,-23.238401190242104,-44.707652843442496,PARATY,,BRA,0.0,anchorage_overrides,,,,,,0,,,0,,,BRA
Only in scratch_amanda,009d117f,-23.259315853901928,-44.62311378611549,PARATY,,BRA,0.0,anchorage_overrides,,,,,,0,,,0,,,BRA
Only in scratch_amanda,009d1165,-23.27039363942071,-44.618412677758045,PARATY,,BRA,0.0,anchorage_overrides,,,,,,0,,,0,,,BRA
Only in scratch_amanda,009d1177,-23.2626821905719,-44.61371109646347,PARATY,,BRA,0.0,anchorage_overrides,,,,,,0,,,0,,,BRA
Only in scratch_amanda,009d1161,-23.27340700096241,-44.62311378611549,PARATY,,BRA,0.0,anchorage_overrides,,,,,,0,,,0,,,BRA
Only in scratch_amanda,961877df,-41.79294444444445,-73.45963888888889,PARGUA,,CHL,0.0,anchorage_overrides,,,,,,0,,,0,,,CHL
Only in scratch_amanda,07b2f0d5,-5.986154099406385,-35.12412753280887,PARNAMIRIM,,BRA,0.0,anchorage_overrides,,,,,,0,,,0,,,BRA
Only in scratch_amanda,07b2f0d9,-5.986956773413789,-35.113124531331984,PARNAMIRIM,,BRA,0.0,anchorage_overrides,,,,,,0,,,0,,,BRA
Only in scratch_amanda,07b2f72d,-5.981314454031356,-35.12962849011919,PARNAMIRIM,,BRA,0.0,anchorage_overrides,,,,,,0,,,0,,,BRA
Only in scratch_amanda,07b2f12b,-5.990593045992016,-35.12412753280887,PARNAMIRIM,,BRA,0.0,anchorage_overrides,,,,,,0,,,0,,,BRA
Only in scratch_amanda,07b2f0d3,-5.981715541178956,-35.12412753280888,PARNAMIRIM,,BRA,0.0,anchorage_overrides,,,,,,0,,,0,,,BRA
Only in scratch_amanda,07b2f129,-5.990994690742296,-35.11862621317806,PARNAMIRIM,,BRA,0.0,anchorage_overrides,,,,,,0,,,0,,,BRA
Only in scratch_amanda,07b2f6d5,-5.990191372282541,-35.129628490119195,PARNAMIRIM,,BRA,0.0,anchorage_overrides,,,,,,0,,,0,,,BRA
Only in scratch_amanda,07b2f127,-5.991396306511253,-35.113124531331984,PARNAMIRIM,,BRA,0.0,anchorage_overrides,,,,,,0,,,0,,,BRA
Only in scratch_amanda,07b2f0d7,-5.986555450889733,-35.11862621317806,PARNAMIRIM,,BRA,0.0,anchorage_overrides,,,,,,0,,,0,,,BRA
Only in scratch_amanda,07b2f0cd,-5.977277371383679,-35.12412753280888,PARNAMIRIM,,BRA,0.0,anchorage_overrides,,,,,,0,,,0,,,BRA
Only in scratch_amanda,07b2f733,-5.976876577492964,-35.12962849011919,PARNAMIRIM,,BRA,0.0,anchorage_overrides,,,,,,0,,,0,,,BRA
Only in scratch_amanda,07b2f0db,-5.982517628706568,-35.113124531331984,PARNAMIRIM,,BRA,0.0,anchorage_overrides,,,,,,0,,,0,,,BRA
Only in scratch_amanda,07b2f0d1,-5.982116599411392,-35.11862621317806,PARNAMIRIM,,BRA,0.0,anchorage_overrides,,,,,,0,,,0,,,BRA
Only in scratch_amanda,07b2f72b,-5.985752718985861,-35.12962849011919,PARNAMIRIM,,BRA,0.0,anchorage_overrides,,,,,,0,,,0,,,BRA
Only in scratch_amanda,95226991,-29.32269060471662,-49.719222255154165,PASSO DE TORRES,,BRA,0.0,anchorage_overrides,,,,,,0,,,0,,,BRA
Only in scratch_amanda,95226995,-29.325685842874883,-49.71411493181773,PASSO DE TORRES,,BRA,0.0,anchorage_overrides,,,,,,0,,,0,,,BRA
Only in scratch_amanda,95226993,-29.32084233533823,-49.71411493181773,PASSO DE TORRES,,BRA,0.0,anchorage_overrides,,,,,,0,,,0,,,BRA
Only in scratch_amanda,95226977,-29.328234800558057,-49.73454686773391,PASSO DE TORRES,,BRA,0.0,anchorage_overrides,,,,,,0,,,0,,,BRA
Only in scratch_amanda,95226979,-29.32339040151633,-49.73454686773391,PASSO DE TORRES,,BRA,0.0,anchorage_overrides,,,,,,0,,,0,,,BRA
Only in scratch_amanda,95226971,-29.330082661467937,-49.739655952595655,PASSO DE TORRES,,BRA,0.0,anchorage_overrides,,,,,,0,,,0,,,BRA
Only in scratch_amanda,95226961,-29.324088006175444,-49.74987544298245,PASSO DE TORRES,,BRA,0.0,anchorage_overrides,,,,,,0,,,0,,,BRA
Only in scratch_amanda,9522698d,-29.315998697923277,-49.71411493181773,PASSO DE TORRES,,BRA,0.0,anchorage_overrides,,,,,,0,,,0,,,BRA
Only in scratch_amanda,9522697b,-29.325238072096216,-49.739655952595655,PASSO DE TORRES,,BRA,0.0,anchorage_overrides,,,,,,0,,,0,,,BRA
Only in scratch_amanda,95226bd9,-29.317395690756214,-49.7447654776974,PASSO DE TORRES,,BRA,0.0,anchorage_overrides,,,,,,0,,,0,,,BRA
Only in scratch_amanda,9522697f,-29.31854587246228,-49.73454686773392,PASSO DE TORRES,,BRA,0.0,anchorage_overrides,,,,,,0,,,0,,,BRA
Only in scratch_amanda,95226985,-29.3196947538109,-49.72433001895664,PASSO DE TORRES,,BRA,0.0,anchorage_overrides,,,,,,0,,,0,,,BRA
Only in scratch_amanda,95226983,-29.32154262872729,-49.7294382231687,PASSO DE TORRES,,BRA,0.0,anchorage_overrides,,,,,,0,,,0,,,BRA
Only in scratch_amanda,9522697d,-29.320393352654225,-49.73965595259565,PASSO DE TORRES,,BRA,0.0,anchorage_overrides,,,,,,0,,,0,,,BRA
Only in scratch_amanda,9522699f,-29.33123091603725,-49.7294382231687,PASSO DE TORRES,,BRA,0.0,anchorage_overrides,,,,,,0,,,0,,,BRA
Only in scratch_amanda,95226973,-29.334927120671612,-49.739655952595655,PASSO DE TORRES,,BRA,0.0,anchorage_overrides,,,,,,0,,,0,,,BRA
Only in scratch_amanda,95226975,-29.33307906948969,-49.73454686773391,PASSO DE TORRES,,BRA,0.0,anchorage_overrides,,,,,,0,,,0,,,BRA
Only in scratch_amanda,9522699d,-29.326386837408336,-49.7294382231687,PASSO DE TORRES,,BRA,0.0,anchorage_overrides,,,,,,0,,,0,,,BRA
Only in scratch_amanda,95226bd5,-29.31370121349369,-49.73454686773391,PASSO DE TORRES,,BRA,0.0,anchorage_overrides,,,,,,0,,,0,,,BRA
Only in scratch_amanda,95226bd7,-29.315548503239743,-49.739655952595655,PASSO DE TORRES,,BRA,0.0,anchorage_overrides,,,,,,0,,,0,,,BRA
Only in scratch_amanda,9522690b,-29.337923208213475,-49.73454686773391,PASSO DE TORRES,,BRA,0.0,anchorage_overrides,,,,,,0,,,0,,,BRA
Only in scratch_amanda,952269a1,-29.33607486451625,-49.7294382231687,PASSO DE TORRES,,BRA,0.0,anchorage_overrides,,,,,,0,,,0,,,BRA
Only in scratch_amanda,952269ed,-29.318993964047227,-49.70900804900375,PASSO DE TORRES,,BRA,0.0,anchorage_overrides,,,,,,0,,,0,,,BRA
Only in scratch_amanda,95226997,-29.327534302648026,-49.719222255154165,PASSO DE TORRES,,BRA,0.0,anchorage_overrides,,,,,,0,,,0,,,BRA
Only in scratch_amanda,952269a3,-29.33422641859963,-49.72433001895664,PASSO DE TORRES,,BRA,0.0,anchorage_overrides,,,,,,0,,,0,,,BRA
Only in scratch_amanda,9522698f,-29.317846776848956,-49.71922225515418,PASSO DE TORRES,,BRA,0.0,anchorage_overrides,,,,,,0,,,0,,,BRA
Only in scratch_amanda,95226981,-29.316698290091857,-49.729438223168685,PASSO DE TORRES,,BRA,0.0,anchorage_overrides,,,,,,0,,,0,,,BRA
Only in scratch_amanda,95226967,-29.32893310630125,-49.74987544298244,PASSO DE TORRES,,BRA,0.0,anchorage_overrides,,,,,,0,,,0,,,BRA
Only in scratch_amanda,95226999,-29.32938266039608,-49.72433001895664,PASSO DE TORRES,,BRA,0.0,anchorage_overrides,,,,,,0,,,0,,,BRA
Only in scratch_amanda,95226965,-29.327085640385132,-49.7447654776974,PASSO DE TORRES,,BRA,0.0,anchorage_overrides,,,,,,0,,,0,,,BRA
Only in scratch_amanda,95226963,-29.32224073058588,-49.7447654776974,PASSO DE TORRES,,BRA,0.0,anchorage_overrides,,,,,,0,,,0,,,BRA
Only in scratch_amanda,9522699b,-29.324538772100592,-49.72433001895664,PASSO DE TORRES,,BRA,0.0,anchorage_overrides,,,,,,0,,,0,,,BRA
Only in scratch_amanda,9522696f,-29.331930420056153,-49.7447654776974,PASSO DE TORRES,,BRA,0.0,anchorage_overrides,,,,,,0,,,0,,,BRA
Only in scratch_amanda,966631bf,-35.81592222222222,-72.58624166666667,PELLUHUE,,CHL,0.0,anchorage_overrides,,,,,,0,,,0,,,CHL
Only in scratch_amanda,9511ac55,-31.691471605852477,-52.1461161236812,PELOTAS,,BRA,0.0,anchorage_overrides,,,,,,0,,,0,,,BRA
Only in scratch_amanda,9511adb7,-31.709785064181183,-52.15672865813434,PELOTAS,,BRA,0.0,anchorage_overrides,,,,,,0,,,0,,,BRA
Only in scratch_amanda,9511adbd,-31.708595885478815,-52.16734282751227,PELOTAS,,BRA,0.0,anchorage_overrides,,,,,,0,,,0,,,BRA
Only in scratch_amanda,9511ac45,-31.697535034937285,-52.13550522478792,PELOTAS,,BRA,0.0,anchorage_overrides,,,,,,0,,,0,,,BRA
Only in scratch_amanda,9511adb3,-31.703066139541676,-52.15142218650246,PELOTAS,,BRA,0.0,anchorage_overrides,,,,,,0,,,0,,,BRA
Only in scratch_amanda,9511ac5b,-31.69265995127416,-52.13550522478793,PELOTAS,,BRA,0.0,anchorage_overrides,,,,,,0,,,0,,,BRA
Only in scratch_amanda,9511ad01,-31.68843891305803,-52.15142218650246,PELOTAS,,BRA,0.0,anchorage_overrides,,,,,,0,,,0,,,BRA
Only in scratch_amanda,9511adad,-31.698190584449137,-52.15142218650246,PELOTAS,,BRA,0.0,anchorage_overrides,,,,,,0,,,0,,,BRA
Only in scratch_amanda,9511ada3,-31.703719859254303,-52.16734282751228,PELOTAS,,BRA,0.0,anchorage_overrides,,,,,,0,,,0,,,BRA
Only in scratch_amanda,9511adaf,-31.70003382709331,-52.15672865813434,PELOTAS,,BRA,0.0,anchorage_overrides,,,,,,0,,,0,,,BRA
Only in scratch_amanda,9511ad07,-31.690281841369856,-52.15672865813434,PELOTAS,,BRA,0.0,anchorage_overrides,,,,,,0,,,0,,,BRA
Only in scratch_amanda,9511ada9,-31.69515792776483,-52.15672865813434,PELOTAS,,BRA,0.0,anchorage_overrides,,,,,,0,,,0,,,BRA
Only in scratch_amanda,9511adb5,-31.70794150744235,-52.15142218650246,PELOTAS,,BRA,0.0,anchorage_overrides,,,,,,0,,,0,,,BRA
Only in scratch_amanda,9511ac4f,-31.699378887294515,-52.1408104697499,PELOTAS,,BRA,0.0,anchorage_overrides,,,,,,0,,,0,,,BRA
Only in scratch_amanda,9511adbb,-31.70675278793673,-52.162035538497435,PELOTAS,,BRA,0.0,anchorage_overrides,,,,,,0,,,0,,,BRA
Only in scratch_amanda,9511adb1,-31.704909539262903,-52.15672865813434,PELOTAS,,BRA,0.0,anchorage_overrides,,,,,,0,,,0,,,BRA
Only in scratch_amanda,9511ac57,-31.689628218635267,-52.1408104697499,PELOTAS,,BRA,0.0,anchorage_overrides,,,,,,0,,,0,,,BRA
Only in scratch_amanda,9511ada1,-31.698843645752056,-52.16734282751227,PELOTAS,,BRA,0.0,anchorage_overrides,,,,,,0,,,0,,,BRA
Only in scratch_amanda,9511ada5,-31.70187691872316,-52.162035538497435,PELOTAS,,BRA,0.0,anchorage_overrides,,,,,,0,,,0,,,BRA
Only in scratch_amanda,9511adab,-31.693314842257113,-52.15142218650246,PELOTAS,,BRA,0.0,anchorage_overrides,,,,,,0,,,0,,,BRA
Only in scratch_amanda,9511ac53,-31.69634719087498,-52.1461161236812,PELOTAS,,BRA,0.0,anchorage_overrides,,,,,,0,,,0,,,BRA
Only in scratch_amanda,9511acff,-31.686595833882333,-52.1461161236812,PELOTAS,,BRA,0.0,anchorage_overrides,,,,,,0,,,0,,,BRA
Only in scratch_amanda,9511ada7,-31.697000862291254,-52.16203553849744,PELOTAS,,BRA,0.0,anchorage_overrides,,,,,,0,,,0,,,BRA
Only in scratch_amanda,9511ac51,-31.694503646455207,-52.1408104697499,PELOTAS,,BRA,0.0,anchorage_overrides,,,,,,0,,,0,,,BRA
Only in scratch_amanda,96684ca9,-36.73299444444445,-72.99239444444444,PENCO,,CHL,0.0,anchorage_overrides,,,,,,0,,,0,,,CHL
Only in scratch_amanda,94d8d1a3,-26.790012638532943,-48.61633710584011,PENHA,,BRA,0.0,anchorage_overrides,,,,,,0,,,0,,,BRA
Only in scratch_amanda,94d8d101,-26.774997605833,-48.60130835138759,PENHA,,BRA,0.0,anchorage_overrides,,,,,,0,,,0,,,BRA
Only in scratch_amanda,94d8d1a7,-26.78339293385965,-48.611327069307045,PENHA,,BRA,0.0,anchorage_overrides,,,,,,0,,,0,,,BRA
Only in scratch_amanda,94d8d1ad,-26.784683757431676,-48.60130835138759,PENHA,,BRA,0.0,anchorage_overrides,,,,,,0,,,0,,,BRA
Only in scratch_amanda,94d8d053,-26.782907320560227,-48.596299670093565,PENHA,,BRA,0.0,anchorage_overrides,,,,,,0,,,0,,,BRA
Only in scratch_amanda,94d8d1b3,-26.78952672372561,-48.60130835138759,PENHA,,BRA,0.0,anchorage_overrides,,,,,,0,,,0,,,BRA
Only in scratch_amanda,94d8d1a5,-26.78823641649496,-48.611327069307045,PENHA,,BRA,0.0,anchorage_overrides,,,,,,0,,,0,,,BRA
Only in scratch_amanda,94d8d1af,-26.786460122768897,-48.60631748447415,PENHA,,BRA,0.0,anchorage_overrides,,,,,,0,,,0,,,BRA
Only in scratch_amanda,94d8d10b,-26.780325156944706,-48.61633710584011,PENHA,,BRA,0.0,anchorage_overrides,,,,,,0,,,0,,,BRA
Only in scratch_amanda,94d8d105,-26.771930120913726,-48.60631748447415,PENHA,,BRA,0.0,anchorage_overrides,,,,,,0,,,0,,,BRA
Only in scratch_amanda,94d8d1b7,-26.796146425383792,-48.60631748447415,PENHA,,BRA,0.0,anchorage_overrides,,,,,,0,,,0,,,BRA
Only in scratch_amanda,94d8d1b5,-26.79436961687805,-48.601308351387594,PENHA,,BRA,0.0,anchorage_overrides,,,,,,0,,,0,,,BRA
Only in scratch_amanda,94d8d1b1,-26.79130331067415,-48.60631748447414,PENHA,,BRA,0.0,anchorage_overrides,,,,,,0,,,0,,,BRA
Only in scratch_amanda,94d8d1ab,-26.779840718099667,-48.60130835138759,PENHA,,BRA,0.0,anchorage_overrides,,,,,,0,,,0,,,BRA
Only in scratch_amanda,94d8d1bb,-26.79307982598397,-48.611327069307045,PENHA,,BRA,0.0,anchorage_overrides,,,,,,0,,,0,,,BRA
Only in scratch_amanda,94d8d1a1,-26.785168934287313,-48.6163371058401,PENHA,,BRA,0.0,anchorage_overrides,,,,,,0,,,0,,,BRA
Only in scratch_amanda,9691c971,-29.95276388888889,-71.300375,PENUELAS,,CHL,0.0,anchorage_overrides,,,,,,0,,,0,,,CHL
Only in scratch_amanda,96685d1f,-36.42903611111111,-72.87365277777778,PERALES,,CHL,0.0,anchorage_overrides,,,,,,0,,,0,,,CHL
Only in scratch_amanda,96683345,-36.761225,-73.19528333333334,PERONE,,CHL,0.0,anchorage_overrides,,,,,,0,,,0,,,CHL
Only in scratch_amanda,134dd627,42.205386,18.937591,PETROVAC,,MNE,0.0,anchorage_overrides,,,,,,0,,,0,,,MNE
Only in scratch_amanda,3176c3af,11.16611133,108.563046,PHAN RI CUA FISHING PORT,,VNM,0.0,anchorage_overrides,,,,,,0,,,0,,,VNM
Only in scratch_amanda,317683a9,10.92041923,108.1028173,PHAN THIET FISHING PORT,,VNM,0.0,anchorage_overrides,,,,,,0,,,0,,,VNM
Only in scratch_amanda,3176837b,10.9306896,108.1360389,PHU HAI FISHING PORT,,VNM,0.0,anchorage_overrides,,,,,,0,,,0,,,VNM
Only in scratch_amanda,316ffaf3,12.95275623,109.4185933,PHU LAC FISHING PORT,,VNM,0.0,anchorage_overrides,,,,,,0,,,0,,,VNM
Only in scratch_amanda,0704f77b,-10.408553283089995,-36.428319275555715,PIACABUCU,,BRA,0.0,anchorage_overrides,,,,,,0,,,0,,,BRA
Only in scratch_amanda,0704f783,-10.399132255729748,-36.428319275555715,PIACABUCU,,BRA,0.0,anchorage_overrides,,,,,,0,,,0,,,BRA
Only in scratch_amanda,0704f82b,-10.397714003356562,-36.439141817806,PIACABUCU,,BRA,0.0,anchorage_overrides,,,,,,0,,,0,,,BRA
Only in scratch_amanda,0704f779,-10.403842618999205,-36.428319275555715,PIACABUCU,,BRA,0.0,anchorage_overrides,,,,,,0,,,0,,,BRA
Only in scratch_amanda,0704f765,-10.413264247904742,-36.428319275555715,PIACABUCU,,BRA,0.0,anchorage_overrides,,,,,,0,,,0,,,BRA
Only in scratch_amanda,0704f9d7,-10.407133802861544,-36.43914181780599,PIACABUCU,,BRA,0.0,anchorage_overrides,,,,,,0,,,0,,,BRA
Only in scratch_amanda,0704f77f,-10.403133207537255,-36.433730739721426,PIACABUCU,,BRA,0.0,anchorage_overrides,,,,,,0,,,0,,,BRA
Only in scratch_amanda,0704f771,-10.409262958069398,-36.42290742540169,PIACABUCU,,BRA,0.0,anchorage_overrides,,,,,,0,,,0,,,BRA
Only in scratch_amanda,0704f781,-10.398423151220577,-36.433730739721426,PIACABUCU,,BRA,0.0,anchorage_overrides,,,,,,0,,,0,,,BRA
Only in scratch_amanda,0704f9d3,-10.401714254521451,-36.444552509716544,PIACABUCU,,BRA,0.0,anchorage_overrides,,,,,,0,,,0,,,BRA
Only in scratch_amanda,0704f761,-10.417265181023296,-36.433730739721426,PIACABUCU,,BRA,0.0,anchorage_overrides,,,,,,0,,,0,,,BRA
Only in scratch_amanda,0704f9d9,-10.411844153747415,-36.43914181780599,PIACABUCU,,BRA,0.0,anchorage_overrides,,,,,,0,,,0,,,BRA
Only in scratch_amanda,0704f767,-10.417975513346043,-36.428319275555715,PIACABUCU,,BRA,0.0,anchorage_overrides,,,,,,0,,,0,,,BRA
Only in scratch_amanda,0704f9dd,-10.415844386090969,-36.444552509716544,PIACABUCU,,BRA,0.0,anchorage_overrides,,,,,,0,,,0,,,BRA
Only in scratch_amanda,0704f77d,-10.407843564674844,-36.433730739721426,PIACABUCU,,BRA,0.0,anchorage_overrides,,,,,,0,,,0,,,BRA
Only in scratch_amanda,0704f9d1,-10.406423997687677,-36.444552509716544,PIACABUCU,,BRA,0.0,anchorage_overrides,,,,,,0,,,0,,,BRA
Only in scratch_amanda,0704f9df,-10.416554805259064,-36.43914181780599,PIACABUCU,,BRA,0.0,anchorage_overrides,,,,,,0,,,0,,,BRA
Only in scratch_amanda,0704f76f,-10.413974229816072,-36.42290742540169,PIACABUCU,,BRA,0.0,anchorage_overrides,,,,,,0,,,0,,,BRA
Only in scratch_amanda,0704f9db,-10.411134041576632,-36.444552509716544,PIACABUCU,,BRA,0.0,anchorage_overrides,,,,,,0,,,0,,,BRA
Only in scratch_amanda,0704f9d5,-10.402423752698814,-36.43914181780599,PIACABUCU,,BRA,0.0,anchorage_overrides,,,,,,0,,,0,,,BRA
Only in scratch_amanda,0704f763,-10.412554222535988,-36.433730739721426,PIACABUCU,,BRA,0.0,anchorage_overrides,,,,,,0,,,0,,,BRA
Only in scratch_amanda,0704f777,-10.404551987047087,-36.4229074254017,PIACABUCU,,BRA,0.0,anchorage_overrides,,,,,,0,,,0,,,BRA
Only in scratch_amanda,0704f82d,-10.397004812175268,-36.444552509716544,PIACABUCU,,BRA,0.0,anchorage_overrides,,,,,,0,,,0,,,BRA
Only in scratch_amanda,96193d9b,-42.13678055555555,-72.46367777777778,PICHANCO,,CHL,0.0,anchorage_overrides,,,,,,0,,,0,,,CHL
Only in scratch_amanda,9666bcdf,-34.88373055555555,-72.1615388888889,PICHIBUDI,,CHL,0.0,anchorage_overrides,,,,,,0,,,0,,,CHL
Only in scratch_amanda,96191b41,-42.00625,-72.5958611111111,PICHICOLO,,CHL,0.0,anchorage_overrides,,,,,,0,,,0,,,CHL
Only in scratch_amanda,96891489,-32.13606111111111,-71.52963611111112,PICHIDANGUI,,CHL,0.0,anchorage_overrides,,,,,,0,,,0,,,CHL
Only in scratch_amanda,966159db,-34.38305555555556,-72.01441944444444,PICHILEMU,,CHL,0.0,anchorage_overrides,,,,,,0,,,0,,,CHL
Only in scratch_amanda,96183a69,-41.474916666666665,-72.92161111111112,PICHIPELLUCO,,CHL,0.0,anchorage_overrides,,,,,,0,,,0,,,CHL
Only in scratch_amanda,96183437,-41.51235,-72.78347777777778,PIEDRA AZUL,,CHL,0.0,anchorage_overrides,,,,,,0,,,0,,,CHL
Only in scratch_amanda,96158c1f,-39.66959722222222,-73.35038888888889,PILOLCURA,,CHL,0.0,anchorage_overrides,,,,,,0,,,0,,,CHL
Only in scratch_amanda,9615f6d5,-39.86875555555556,-73.37673888888888,PINO HUACHO,,CHL,0.0,anchorage_overrides,,,,,,0,,,0,,,CHL
Only in scratch_amanda,07aca05d,-7.544325077585502,-34.826540569219446,PITIMBU,,BRA,0.0,anchorage_overrides,,,,,,0,,,0,,,BRA
Only in scratch_amanda,07aca043,-7.543825169201375,-34.83206094004112,PITIMBU,,BRA,0.0,anchorage_overrides,,,,,,0,,,0,,,BRA
Only in scratch_amanda,07aca061,-7.549407802959092,-34.82101984183072,PITIMBU,,BRA,0.0,anchorage_overrides,,,,,,0,,,0,,,BRA
Only in scratch_amanda,07aca041,-7.54332522274482,-34.83758095418784,PITIMBU,,BRA,0.0,anchorage_overrides,,,,,,0,,,0,,,BRA
Only in scratch_amanda,07aca05f,-7.544824947869556,-34.82101984183072,PITIMBU,,BRA,0.0,anchorage_overrides,,,,,,0,,,0,,,BRA
Only in scratch_amanda,07aca015,-7.547406906903627,-34.84310061155178,PITIMBU,,BRA,0.0,anchorage_overrides,,,,,,0,,,0,,,BRA
Only in scratch_amanda,07aca03f,-7.5428252382434735,-34.84310061155179,PITIMBU,,BRA,0.0,anchorage_overrides,,,,,,0,,,0,,,BRA
Only in scratch_amanda,07aca069,-7.54840743112419,-34.83206094004112,PITIMBU,,BRA,0.0,anchorage_overrides,,,,,,0,,,0,,,BRA
Only in scratch_amanda,07aca067,-7.548907636103677,-34.826540569219446,PITIMBU,,BRA,0.0,anchorage_overrides,,,,,,0,,,0,,,BRA
Only in scratch_amanda,07aca06b,-7.547907188048287,-34.83758095418784,PITIMBU,,BRA,0.0,anchorage_overrides,,,,,,0,,,0,,,BRA
Only in scratch_amanda,00b91b79,-20.825751450414153,-40.72346101280988,PIUMA,,BRA,0.0,anchorage_overrides,,,,,,0,,,0,,,BRA
Only in scratch_amanda,00b91b97,-20.837509911042886,-40.73359815171668,PIUMA,,BRA,0.0,anchorage_overrides,,,,,,0,,,0,,,BRA
Only in scratch_amanda,00b91c75,-20.848200841218897,-40.713322093118194,PIUMA,,BRA,0.0,anchorage_overrides,,,,,,0,,,0,,,BRA
Only in scratch_amanda,00b91ba3,-20.831172921813113,-40.73866605324497,PIUMA,,BRA,0.0,anchorage_overrides,,,,,,0,,,0,,,BRA
Only in scratch_amanda,00b91b81,-20.832088449741367,-40.71839177553599,PIUMA,,BRA,0.0,anchorage_overrides,,,,,,0,,,0,,,BRA
Only in scratch_amanda,00b91b77,-20.824301387814657,-40.72852980488756,PIUMA,,BRA,0.0,anchorage_overrides,,,,,,0,,,0,,,BRA
Only in scratch_amanda,00b91b95,-20.842396241998483,-40.73359815171668,PIUMA,,BRA,0.0,anchorage_overrides,,,,,,0,,,0,,,BRA
Only in scratch_amanda,00b91b83,-20.830638158675043,-40.723461012809885,PIUMA,,BRA,0.0,anchorage_overrides,,,,,,0,,,0,,,BRA
Only in scratch_amanda,00b91b9f,-20.827737427776103,-40.73359815171668,PIUMA,,BRA,0.0,anchorage_overrides,,,,,,0,,,0,,,BRA
Only in scratch_amanda,00b91b9d,-20.82918781799816,-40.728529804887565,PIUMA,,BRA,0.0,anchorage_overrides,,,,,,0,,,0,,,BRA
Only in scratch_amanda,00b91b8f,-20.84041175406259,-40.72346101280988,PIUMA,,BRA,0.0,anchorage_overrides,,,,,,0,,,0,,,BRA
Only in scratch_amanda,00b91c7b,-20.839876484684872,-40.708251965608895,PIUMA,,BRA,0.0,anchorage_overrides,,,,,,0,,,0,,,BRA
Only in scratch_amanda,00b91b91,-20.838960857347356,-40.728529804887565,PIUMA,,BRA,0.0,anchorage_overrides,,,,,,0,,,0,,,BRA
Only in scratch_amanda,00b91c7d,-20.834988882780717,-40.708251965608895,PIUMA,,BRA,0.0,anchorage_overrides,,,,,,0,,,0,,,BRA
Only in scratch_amanda,00b91b85,-20.835524926595717,-40.72346101280988,PIUMA,,BRA,0.0,anchorage_overrides,,,,,,0,,,0,,,BRA
Only in scratch_amanda,00b91c7f,-20.833538691131725,-40.713322093118194,PIUMA,,BRA,0.0,anchorage_overrides,,,,,,0,,,0,,,BRA
Only in scratch_amanda,00b91b9b,-20.83407430788025,-40.72852980488756,PIUMA,,BRA,0.0,anchorage_overrides,,,,,,0,,,0,,,BRA
Only in scratch_amanda,00b91b89,-20.841862601123182,-40.71839177553599,PIUMA,,BRA,0.0,anchorage_overrides,,,,,,0,,,0,,,BRA
Only in scratch_amanda,00b91bbd,-20.836058915214604,-40.73866605324497,PIUMA,,BRA,0.0,anchorage_overrides,,,,,,0,,,0,,,BRA
Only in scratch_amanda,00b91c81,-20.828651426782173,-40.7133220931182,PIUMA,,BRA,0.0,anchorage_overrides,,,,,,0,,,0,,,BRA
Only in scratch_amanda,00b91b8d,-20.845298640962085,-40.72346101280988,PIUMA,,BRA,0.0,anchorage_overrides,,,,,,0,,,0,,,BRA
Only in scratch_amanda,00b91b7f,-20.827201463425123,-40.71839177553599,PIUMA,,BRA,0.0,anchorage_overrides,,,,,,0,,,0,,,BRA
Only in scratch_amanda,00b91b87,-20.836975495678583,-40.71839177553599,PIUMA,,BRA,0.0,anchorage_overrides,,,,,,0,,,0,,,BRA
Only in scratch_amanda,00b91c77,-20.843313398463703,-40.7133220931182,PIUMA,,BRA,0.0,anchorage_overrides,,,,,,0,,,0,,,BRA
Only in scratch_amanda,00b91b8b,-20.84674976596155,-40.71839177553599,PIUMA,,BRA,0.0,anchorage_overrides,,,,,,0,,,0,,,BRA
Only in scratch_amanda,00b91c79,-20.838426015063444,-40.713322093118194,PIUMA,,BRA,0.0,anchorage_overrides,,,,,,0,,,0,,,BRA
Only in scratch_amanda,00b91b99,-20.832623639597585,-40.73359815171668,PIUMA,,BRA,0.0,anchorage_overrides,,,,,,0,,,0,,,BRA
Only in scratch_amanda,00b91b93,-20.84384746628591,-40.72852980488756,PIUMA,,BRA,0.0,anchorage_overrides,,,,,,0,,,0,,,BRA
Only in scratch_amanda,91526c9b,-20.33811111111111,-70.15394444444445,PLAYA BLANCA,,CHL,0.0,anchorage_overrides,,,,,,0,,,0,,,CHL
Only in scratch_amanda,9691c903,-29.959491666666665,-71.33250833333332,PLAYA CHANGA,,CHL,0.0,anchorage_overrides,,,,,,0,,,0,,,CHL
Only in scratch_amanda,96157629,-39.4041,-73.22119166666667,PLAYA CHEUQUE,,CHL,0.0,anchorage_overrides,,,,,,0,,,0,,,CHL
Only in scratch_amanda,9691c8bd,-29.983525,-71.365825,PLAYA CHICA DE LA HERRADURA,,CHL,0.0,anchorage_overrides,,,,,,0,,,0,,,CHL
Only in scratch_amanda,963e08bb,-40.044775,-73.66827500000001,PLAYA COLUN,,CHL,0.0,anchorage_overrides,,,,,,0,,,0,,,CHL
Only in scratch_amanda,8f9e29a3,10.5534,-85.7052,PLAYA DEL COCO,,CRI,0.0,anchorage_overrides,,,,,,0,,,0,,,CRI
Only in scratch_amanda,8f9e29a1,10.5511,-85.7053,PLAYA DEL COCO,,CRI,0.0,anchorage_overrides,,,,,,0,,,0,,,CRI
Only in scratch_amanda,8f9e2999,10.5547,-85.704,PLAYA DEL COCO,,CRI,0.0,anchorage_overrides,,,,,,0,,,0,,,CRI
Only in scratch_amanda,96684b51,-36.73761666666667,-73.00273888888889,PLAYA NEGRA,,CHL,0.0,anchorage_overrides,,,,,,0,,,0,,,CHL
Only in scratch_amanda,904d460d,-7.395335340909091,-79.57948636363636,PLAYA PACASMAYO,,PER,0.0,anchorage_overrides,,,,,,0,,,0,,,PER
Only in scratch_amanda,96157633,-39.39468611111111,-73.22824444444444,PLAYA PICHICULLIN,,CHL,0.0,anchorage_overrides,,,,,,0,,,0,,,CHL
Only in scratch_amanda,9615f425,-39.828136111111114,-73.40443333333334,PLAYA ROSADA,,CHL,0.0,anchorage_overrides,,,,,,0,,,0,,,CHL
Only in scratch_amanda,9669c11b,-37.04499722222222,-73.14514444444445,PLAYA SUR,,CHL,0.0,anchorage_overrides,,,,,,0,,,0,,,CHL
Only in scratch_amanda,96185c11,-41.81113888888888,-73.00727777777777,POLLOLLO,,CHL,0.0,anchorage_overrides,,,,,,0,,,0,,,CHL
Only in scratch_amanda,9689e0b5,-33.031325,-71.59069722222222,PORTALES,,CHL,0.0,anchorage_overrides,,,,,,0,,,0,,,CHL
Only in scratch_amanda,134c3a91,42.433379,18.603502,PORTNOVI MARINA,,MNE,0.0,anchorage_overrides,,,,,,0,,,0,,,MNE
Only in scratch_amanda,94d8a571,-27.137639785891487,-48.546237715869246,PORTO BELO,,BRA,0.0,anchorage_overrides,,,,,,0,,,0,,,BRA
Only in scratch_amanda,94d8a579,-27.14426871956008,-48.55124187670816,PORTO BELO,,BRA,0.0,anchorage_overrides,,,,,,0,,,0,,,BRA
Only in scratch_amanda,94d8a56d,-27.131011134581748,-48.54123400732777,PORTO BELO,,BRA,0.0,anchorage_overrides,,,,,,0,,,0,,,BRA
Only in scratch_amanda,94d8a59d,-27.14730898429856,-48.546237715869246,PORTO BELO,,BRA,0.0,anchorage_overrides,,,,,,0,,,0,,,BRA
Only in scratch_amanda,94d8a56f,-27.132805066099976,-48.546237715869246,PORTO BELO,,BRA,0.0,anchorage_overrides,,,,,,0,,,0,,,BRA
Only in scratch_amanda,94d8a507,-27.135296520719656,-48.52622559594436,PORTO BELO,,BRA,0.0,anchorage_overrides,,,,,,0,,,0,,,BRA
Only in scratch_amanda,94d8a519,-27.120794975640248,-48.52622559594437,PORTO BELO,,BRA,0.0,anchorage_overrides,,,,,,0,,,0,,,BRA
Only in scratch_amanda,94d8a509,-27.137091105865977,-48.53122794731977,PORTO BELO,,BRA,0.0,anchorage_overrides,,,,,,0,,,0,,,BRA
Only in scratch_amanda,94d8a59f,-27.14551439952129,-48.54123400732777,PORTO BELO,,BRA,0.0,anchorage_overrides,,,,,,0,,,0,,,BRA
Only in scratch_amanda,94d8a575,-27.140680058246115,-48.54123400732777,PORTO BELO,,BRA,0.0,anchorage_overrides,,,,,,0,,,0,,,BRA
Only in scratch_amanda,94d8a51d,-27.123834682173353,-48.52122369704867,PORTO BELO,,BRA,0.0,anchorage_overrides,,,,,,0,,,0,,,BRA
Only in scratch_amanda,94d8a51b,-27.12562890407096,-48.52622559594437,PORTO BELO,,BRA,0.0,anchorage_overrides,,,,,,0,,,0,,,BRA
Only in scratch_amanda,94d8a503,-27.128668312648387,-48.52122369704867,PORTO BELO,,BRA,0.0,anchorage_overrides,,,,,,0,,,0,,,BRA
Only in scratch_amanda,94d8a573,-27.135845636565527,-48.54123400732777,PORTO BELO,,BRA,0.0,anchorage_overrides,,,,,,0,,,0,,,BRA
Only in scratch_amanda,94d8a585,-27.153938192230857,-48.55124187670816,PORTO BELO,,BRA,0.0,anchorage_overrides,,,,,,0,,,0,,,BRA
Only in scratch_amanda,94d8a583,-27.149103496204024,-48.55124187670817,PORTO BELO,,BRA,0.0,anchorage_overrides,,,,,,0,,,0,,,BRA
Only in scratch_amanda,94d8a50b,-27.13888561840061,-48.53623075112941,PORTO BELO,,BRA,0.0,anchorage_overrides,,,,,,0,,,0,,,BRA
Only in scratch_amanda,94d8a577,-27.142474425325094,-48.546237715869246,PORTO BELO,,BRA,0.0,anchorage_overrides,,,,,,0,,,0,,,BRA
Only in scratch_amanda,94d8a501,-27.133501863039044,-48.52122369704867,PORTO BELO,,BRA,0.0,anchorage_overrides,,,,,,0,,,0,,,BRA
Only in scratch_amanda,94d8a5ab,-27.13833533324314,-48.52122369704867,PORTO BELO,,BRA,0.0,anchorage_overrides,,,,,,0,,,0,,,BRA
Only in scratch_amanda,94d8a50d,-27.134051414500824,-48.53623075112941,PORTO BELO,,BRA,0.0,anchorage_overrides,,,,,,0,,,0,,,BRA
Only in scratch_amanda,94d8a505,-27.13046275246485,-48.52622559594437,PORTO BELO,,BRA,0.0,anchorage_overrides,,,,,,0,,,0,,,BRA
Only in scratch_amanda,07b72e3d,-5.052913970667465,-36.76848384618891,PORTO DO MANGUE,,BRA,0.0,anchorage_overrides,,,,,,0,,,0,,,BRA
Only in scratch_amanda,07b73207,-5.077512049528546,-36.78464355606681,PORTO DO MANGUE,,BRA,0.0,anchorage_overrides,,,,,,0,,,0,,,BRA
Only in scratch_amanda,07b72e19,-5.056836672441446,-36.77387080800656,PORTO DO MANGUE,,BRA,0.0,anchorage_overrides,,,,,,0,,,0,,,BRA
Only in scratch_amanda,07b72e03,-5.065035536592905,-36.77925737799572,PORTO DO MANGUE,,BRA,0.0,anchorage_overrides,,,,,,0,,,0,,,BRA
Only in scratch_amanda,07b72de3,-5.074298814685123,-36.76848384618891,PORTO DO MANGUE,,BRA,0.0,anchorage_overrides,,,,,,0,,,0,,,BRA
Only in scratch_amanda,07b72dfd,-5.073944156047951,-36.77387080800657,PORTO DO MANGUE,,BRA,0.0,anchorage_overrides,,,,,,0,,,0,,,BRA
Only in scratch_amanda,07b731ff,-5.068957908414591,-36.78464355606681,PORTO DO MANGUE,,BRA,0.0,anchorage_overrides,,,,,,0,,,0,,,BRA
Only in scratch_amanda,07b72e17,-5.05719014776742,-36.7684838461889,PORTO DO MANGUE,,BRA,0.0,anchorage_overrides,,,,,,0,,,0,,,BRA
Only in scratch_amanda,07b72e07,-5.069666691526849,-36.77387080800657,PORTO DO MANGUE,,BRA,0.0,anchorage_overrides,,,,,,0,,,0,,,BRA
Only in scratch_amanda,07b72e15,-5.057543603934512,-36.76309649263239,PORTO DO MANGUE,,BRA,0.0,anchorage_overrides,,,,,,0,,,0,,,BRA
Only in scratch_amanda,07b72e1f,-5.056483177975266,-36.77925737799572,PORTO DO MANGUE,,BRA,0.0,anchorage_overrides,,,,,,0,,,0,,,BRA
Only in scratch_amanda,07b72e1b,-5.0611129496591,-36.77387080800657,PORTO DO MANGUE,,BRA,0.0,anchorage_overrides,,,,,,0,,,0,,,BRA
Only in scratch_amanda,07b731fd,-5.064681431321907,-36.78464355606681,PORTO DO MANGUE,,BRA,0.0,anchorage_overrides,,,,,,0,,,0,,,BRA
Only in scratch_amanda,07b73203,-5.072880064969975,-36.790029342130254,PORTO DO MANGUE,,BRA,0.0,anchorage_overrides,,,,,,0,,,0,,,BRA
Only in scratch_amanda,07b72e23,-5.052560791120554,-36.77387080800657,PORTO DO MANGUE,,BRA,0.0,anchorage_overrides,,,,,,0,,,0,,,BRA
Only in scratch_amanda,07b72e1d,-5.060759159377682,-36.77925737799573,PORTO DO MANGUE,,BRA,0.0,anchorage_overrides,,,,,,0,,,0,,,BRA
Only in scratch_amanda,07b731e3,-5.060405349958077,-36.7846435560668,PORTO DO MANGUE,,BRA,0.0,anchorage_overrides,,,,,,0,,,0,,,BRA
Only in scratch_amanda,07b73201,-5.07323478117164,-36.78464355606681,PORTO DO MANGUE,,BRA,0.0,anchorage_overrides,,,,,,0,,,0,,,BRA
Only in scratch_amanda,07b72e01,-5.069312309556469,-36.77925737799573,PORTO DO MANGUE,,BRA,0.0,anchorage_overrides,,,,,,0,,,0,,,BRA
Only in scratch_amanda,07b72dff,-5.073589478203877,-36.77925737799573,PORTO DO MANGUE,,BRA,0.0,anchorage_overrides,,,,,,0,,,0,,,BRA
Only in scratch_amanda,07b72dfb,-5.078222016207827,-36.77387080800656,PORTO DO MANGUE,,BRA,0.0,anchorage_overrides,,,,,,0,,,0,,,BRA
Only in scratch_amanda,07b72df9,-5.077867042470602,-36.77925737799573,PORTO DO MANGUE,,BRA,0.0,anchorage_overrides,,,,,,0,,,0,,,BRA
Only in scratch_amanda,07b72e09,-5.070021054307003,-36.7684838461889,PORTO DO MANGUE,,BRA,0.0,anchorage_overrides,,,,,,0,,,0,,,BRA
Only in scratch_amanda,07b72e05,-5.065389622709062,-36.77387080800656,PORTO DO MANGUE,,BRA,0.0,anchorage_overrides,,,,,,0,,,0,,,BRA
Only in scratch_amanda,07b731f9,-5.068603488119925,-36.790029342130254,PORTO DO MANGUE,,BRA,0.0,anchorage_overrides,,,,,,0,,,0,,,BRA
Only in scratch_amanda,96bcd93b,-26.5159,-70.70471388888889,PORTO FINO,,CHL,0.0,anchorage_overrides,,,,,,0,,,0,,,CHL
Only in scratch_amanda,07369135,-16.459056099602545,-39.07367993912092,PORTO SEGURO,,BRA,0.0,anchorage_overrides,,,,,,0,,,0,,,BRA
Only in scratch_amanda,07369153,-16.4444402770967,-39.07367993912092,PORTO SEGURO,,BRA,0.0,anchorage_overrides,,,,,,0,,,0,,,BRA
Only in scratch_amanda,073696a9,-16.441864485233072,-39.06326115639891,PORTO SEGURO,,BRA,0.0,anchorage_overrides,,,,,,0,,,0,,,BRA
Only in scratch_amanda,073696b7,-16.456481633857116,-39.06326115639891,PORTO SEGURO,,BRA,0.0,anchorage_overrides,,,,,,0,,,0,,,BRA
Only in scratch_amanda,073696b1,-16.45160908916381,-39.06326115639891,PORTO SEGURO,,BRA,0.0,anchorage_overrides,,,,,,0,,,0,,,BRA
Only in scratch_amanda,073696cb,-16.460205244101303,-39.06847076069898,PORTO SEGURO,,BRA,0.0,anchorage_overrides,,,,,,0,,,0,,,BRA
Only in scratch_amanda,073696b5,-16.45533283961708,-39.06847076069898,PORTO SEGURO,,BRA,0.0,anchorage_overrides,,,,,,0,,,0,,,BRA
Only in scratch_amanda,073696af,-16.44673670625137,-39.06326115639891,PORTO SEGURO,,BRA,0.0,anchorage_overrides,,,,,,0,,,0,,,BRA
Only in scratch_amanda,073696ad,-16.44558851583426,-39.06847076069898,PORTO SEGURO,,BRA,0.0,anchorage_overrides,,,,,,0,,,0,,,BRA
Only in scratch_amanda,073696c9,-16.461354340218,-39.06326115639891,PORTO SEGURO,,BRA,0.0,anchorage_overrides,,,,,,0,,,0,,,BRA
Only in scratch_amanda,0736914d,-16.44931205614248,-39.073679939120915,PORTO SEGURO,,BRA,0.0,anchorage_overrides,,,,,,0,,,0,,,BRA
Only in scratch_amanda,0736914b,-16.454183997015516,-39.07367993912092,PORTO SEGURO,,BRA,0.0,anchorage_overrides,,,,,,0,,,0,,,BRA
Only in scratch_amanda,073696b3,-16.450460596823632,-39.06847076069898,PORTO SEGURO,,BRA,0.0,anchorage_overrides,,,,,,0,,,0,,,BRA
Only in scratch_amanda,0734fbfb,-17.346459977152517,-39.229756924072895,PRADO,,BRA,0.0,anchorage_overrides,,,,,,0,,,0,,,BRA
Only in scratch_amanda,0734fbdf,-17.345189162431797,-39.214166528114,PRADO,,BRA,0.0,anchorage_overrides,,,,,,0,,,0,,,BRA
Only in scratch_amanda,0734fbed,-17.35745169390217,-39.224560553287745,PRADO,,BRA,0.0,anchorage_overrides,,,,,,0,,,0,,,BRA
Only in scratch_amanda,0734f961,-17.34029671472079,-39.21416652811399,PRADO,,BRA,0.0,anchorage_overrides,,,,,,0,,,0,,,BRA
Only in scratch_amanda,0734f959,-17.337883440654863,-39.224560553287745,PRADO,,BRA,0.0,anchorage_overrides,,,,,,0,,,0,,,BRA
Only in scratch_amanda,0734fbff,-17.340361220661563,-39.234952866901835,PRADO,,BRA,0.0,anchorage_overrides,,,,,,0,,,0,,,BRA
Only in scratch_amanda,0734f95f,-17.339090103007806,-39.21936375461263,PRADO,,BRA,0.0,anchorage_overrides,,,,,,0,,,0,,,BRA
Only in scratch_amanda,0734fbf1,-17.35135181312225,-39.229756924072895,PRADO,,BRA,0.0,anchorage_overrides,,,,,,0,,,0,,,BRA
Only in scratch_amanda,0734fbe3,-17.342775292753263,-39.224560553287745,PRADO,,BRA,0.0,anchorage_overrides,,,,,,0,,,0,,,BRA
Only in scratch_amanda,0734fbef,-17.352559419491644,-39.224560553287745,PRADO,,BRA,0.0,anchorage_overrides,,,,,,0,,,0,,,BRA
Only in scratch_amanda,0734fbe5,-17.347667285737092,-39.224560553287745,PRADO,,BRA,0.0,anchorage_overrides,,,,,,0,,,0,,,BRA
Only in scratch_amanda,0734fbeb,-17.358659547362905,-39.21936375461263,PRADO,,BRA,0.0,anchorage_overrides,,,,,,0,,,0,,,BRA
Only in scratch_amanda,0734fbf7,-17.350144156165097,-39.234952866901835,PRADO,,BRA,0.0,anchorage_overrides,,,,,,0,,,0,,,BRA
Only in scratch_amanda,0734fbe1,-17.343982252923094,-39.21936375461263,PRADO,,BRA,0.0,anchorage_overrides,,,,,,0,,,0,,,BRA
Only in scratch_amanda,0734fbfd,-17.341568281980127,-39.229756924072895,PRADO,,BRA,0.0,anchorage_overrides,,,,,,0,,,0,,,BRA
Only in scratch_amanda,0734fbc3,-17.354974480235633,-39.21416652811399,PRADO,,BRA,0.0,anchorage_overrides,,,,,,0,,,0,,,BRA
Only in scratch_amanda,0734fbc1,-17.359867350098924,-39.21416652811399,PRADO,,BRA,0.0,anchorage_overrides,,,,,,0,,,0,,,BRA
Only in scratch_amanda,0734fbf9,-17.34525261800134,-39.234952866901835,PRADO,,BRA,0.0,anchorage_overrides,,,,,,0,,,0,,,BRA
Only in scratch_amanda,0734fbdd,-17.350081750975008,-39.21416652811399,PRADO,,BRA,0.0,anchorage_overrides,,,,,,0,,,0,,,BRA
Only in scratch_amanda,0734fbe7,-17.34887454369721,-39.21936375461262,PRADO,,BRA,0.0,anchorage_overrides,,,,,,0,,,0,,,BRA
Only in scratch_amanda,0734f957,-17.336676727719798,-39.229756924072895,PRADO,,BRA,0.0,anchorage_overrides,,,,,,0,,,0,,,BRA
Only in scratch_amanda,0734fbe9,-17.353766975215397,-39.21936375461263,PRADO,,BRA,0.0,anchorage_overrides,,,,,,0,,,0,,,BRA
Only in scratch_amanda,96154fc9,-38.89527777777778,-73.25527777777778,PTO. DOMINGUEZ,,CHL,0.0,anchorage_overrides,,,,,,0,,,0,,,CHL
Only in scratch_amanda,961554c5,-38.797777777777775,-73.40138888888889,PTO. SAAVEDRA,,CHL,0.0,anchorage_overrides,,,,,,0,,,0,,,CHL
Only in scratch_amanda,963d9117,-40.54529444444445,-73.71942777777778,PUCATRIHUE,,CHL,0.0,anchorage_overrides,,,,,,0,,,0,,,CHL
Only in scratch_amanda,91059fd7,-12.474426666666666,-76.79015666666666,PUCUSANA,,PER,0.0,anchorage_overrides,,,,,,0,,,0,,,PER
Only in scratch_amanda,91059fc3,-12.465824444444443,-76.79977111111111,PUCUSANA,,PER,0.0,anchorage_overrides,,,,,,0,,,0,,,PER
Only in scratch_amanda,96228d71,-41.87386111111111,-73.80088888888889,PUDETO,,CHL,0.0,anchorage_overrides,,,,,,0,,,0,,,CHL
Only in scratch_amanda,9669c1bd,-37.07316388888889,-73.15536944444445,PUEBLO HUNDIDO,,CHL,0.0,anchorage_overrides,,,,,,0,,,0,,,CHL
Only in scratch_amanda,9619ac4f,-41.73916666666667,-72.64736111111112,PUELCHE,,CHL,0.0,anchorage_overrides,,,,,,0,,,0,,,CHL
Only in scratch_amanda,9640271d,-38.365808333333334,-73.50667777777778,PUENTE DE TIERRA (TIRUA SUR 2),,CHL,0.0,anchorage_overrides,,,,,,0,,,0,,,CHL
Only in scratch_amanda,9661627b,-34.08878611111111,-71.96182777777778,PUERTECILLO,,CHL,0.0,anchorage_overrides,,,,,,0,,,0,,,CHL
Only in scratch_amanda,966238fb,-33.58746388888889,-71.61371944444444,PUERTECITO,,CHL,0.0,anchorage_overrides,,,,,,0,,,0,,,CHL
Only in scratch_amanda,8fadc9ab,8.24276584142602,-80.49800220842384,PUERTO AGUADULCE,,PAN,0.0,anchorage_overrides,,,,,,0,,,0,,,PAN
Only in scratch_amanda,9691e02f,-30.292075,-71.60836666666665,PUERTO ALDEA (HORNILLA),,CHL,0.0,anchorage_overrides,,,,,,0,,,0,,,CHL
Only in scratch_amanda,8fa50319,8.272,-82.857,PUERTO ARMUELLES,,PAN,0.0,anchorage_overrides,,,,,,0,,,0,,,PAN
Only in scratch_amanda,902be653,-0.931898,-80.668268,PUERTO ASTIESMAR,,ECU,0.0,anchorage_overrides,,,,,,0,,,0,,,ECU
Only in scratch_amanda,902be7b3,-0.928244,-80.663692,PUERTO ATUN GRUPO PH,,ECU,0.0,anchorage_overrides,,,,,,0,,,0,,,ECU
Only in scratch_amanda,9619188f,-42.13241111111111,-72.575425,PUERTO BONITO,,CHL,0.0,anchorage_overrides,,,,,,0,,,0,,,CHL
Only in scratch_amanda,8faca2cd,8.870710738066274,-79.7087528430212,PUERTO CAIMITO,,PAN,0.0,anchorage_overrides,,,,,,0,,,0,,,PAN
Only in scratch_amanda,8e54a3cd,9.124,-79.065,PUERTO COQUIRA,,PAN,0.0,anchorage_overrides,,,,,,0,,,0,,,PAN
Only in scratch_amanda,8e54a233,9.125,-79.063,PUERTO COQUIRA,,PAN,0.0,anchorage_overrides,,,,,,0,,,0,,,PAN
Only in scratch_amanda,9115dc17,-15.5528,-74.8572,PUERTO DE LOMAS,,PER,0.0,anchorage_overrides,,,,,,0,,,0,,,PER
Only in scratch_amanda,9115dc37,-15.568091280338267,-74.85596228287524,PUERTO DE LOMAS,,PER,0.0,anchorage_overrides,,,,,,0,,,0,,,PER
Only in scratch_amanda,9115dc3b,-15.565705604130088,-74.85688567071648,PUERTO DE LOMAS,,PER,0.0,anchorage_overrides,,,,,,0,,,0,,,PER
Only in scratch_amanda,902be12d,-0.93939,-80.726222,PUERTO DE MANTA,,ECU,0.0,anchorage_overrides,,,,,,0,,,0,,,ECU
Only in scratch_amanda,91ac7fdf,-8.986739058823531,-78.65409129411765,PUERTO DE SANTA,,PER,0.0,anchorage_overrides,,,,,,0,,,0,,,PER
Only in scratch_amanda,914519ed,-18.00042037974684,-70.89296582278484,PUERTO GRAU,,PER,0.0,anchorage_overrides,,,,,,0,,,0,,,PER
Only in scratch_amanda,91451995,-17.99310761416983,-70.88700959040885,PUERTO GRAU,,PER,0.0,anchorage_overrides,,,,,,0,,,0,,,PER
Only in scratch_amanda,9145198d,-17.994370937974683,-70.89867886075947,PUERTO GRAU,,PER,0.0,anchorage_overrides,,,,,,0,,,0,,,PER
Only in scratch_amanda,9145199b,-17.98556,-70.89289,PUERTO GRAU,,PER,0.0,anchorage_overrides,,,,,,0,,,0,,,PER
Only in scratch_amanda,914519f3,-18.0016866462963,-70.89916677592593,PUERTO GRAU,,PER,0.0,anchorage_overrides,,,,,,0,,,0,,,PER
Only in scratch_amanda,914519bf,-17.993253934036677,-70.88251472278289,PUERTO GRAU,,PER,0.0,anchorage_overrides,,,,,,0,,,0,,,PER
Only in scratch_amanda,966837db,-36.621697222222224,-73.09665277777778,PUERTO INLGES,,CHL,0.0,anchorage_overrides,,,,,,0,,,0,,,CHL
Only in scratch_amanda,8facaa6f,9.022,-79.437,PUERTO JUAN DIAZ,,PAN,0.0,anchorage_overrides,,,,,,0,,,0,,,PAN
Only in scratch_amanda,8facaa65,9.021,-79.435,PUERTO JUAN DIAZ,,PAN,0.0,anchorage_overrides,,,,,,0,,,0,,,PAN
Only in scratch_amanda,902e0ec5,-2.220105,-80.911992,PUERTO LA LIBERTAD,,ECU,0.0,anchorage_overrides,,,,,,0,,,0,,,ECU
Only in scratch_amanda,8fae113f,7.925,-81.056,PUERTO MUTIS,,PAN,0.0,anchorage_overrides,,,,,,0,,,0,,,PAN
Only in scratch_amanda,964279d9,-36.98246666666667,-73.52740833333333,PUERTO NORTE I. SANTA MARIA,,CHL,0.0,anchorage_overrides,,,,,,0,,,0,,,CHL
Only in scratch_amanda,9669ea0b,-37.10373888888889,-73.15998888888889,PUERTO NUEVO,,CHL,0.0,anchorage_overrides,,,,,,0,,,0,,,CHL
Only in scratch_amanda,968ebf6d,-31.4231,-71.59298333333332,PUERTO OSCURO,,CHL,0.0,anchorage_overrides,,,,,,0,,,0,,,CHL
Only in scratch_amanda,8faca8c9,8.959,-79.535,PUERTO PANAMA,,PAN,0.0,anchorage_overrides,,,,,,0,,,0,,,PAN
Only in scratch_amanda,8faca8cb,8.957,-79.534,PUERTO PANAMA,,PAN,0.0,anchorage_overrides,,,,,,0,,,0,,,PAN
Only in scratch_amanda,8faca8cf,8.959,-79.532,PUERTO PANAMA,,PAN,0.0,anchorage_overrides,,,,,,0,,,0,,,PAN
Only in scratch_amanda,8fa576f9,8.363,-82.438,PUERTO PEDREGAL,,PAN,0.0,anchorage_overrides,,,,,,0,,,0,,,PAN
Only in scratch_amanda,8fa576fd,8.362,-82.435,PUERTO PEDREGAL,,PAN,0.0,anchorage_overrides,,,,,,0,,,0,,,PAN
Only in scratch_amanda,8fa576ff,8.367,-82.432,PUERTO PEDREGAL,,PAN,0.0,anchorage_overrides,,,,,,0,,,0,,,PAN
Only in scratch_amanda,8fa576fb,8.362,-82.438,PUERTO PEDREGAL,,PAN,0.0,anchorage_overrides,,,,,,0,,,0,,,PAN
Only in scratch_amanda,8fa57655,8.373,-82.434,PUERTO PEDREGAL,,PAN,0.0,anchorage_overrides,,,,,,0,,,0,,,PAN
Only in scratch_amanda,8fa57653,8.374,-82.435,PUERTO PEDREGAL,,PAN,0.0,anchorage_overrides,,,,,,0,,,0,,,PAN
Only in scratch_amanda,90326fbd,-2.608364,-80.304339,PUERTO PESQUERO  EL MORRO,,ECU,0.0,anchorage_overrides,,,,,,0,,,0,,,ECU
Only in scratch_amanda,902e0699,-2.331688,-80.889127,PUERTO PESQUERO ANCONCITO,,ECU,0.0,anchorage_overrides,,,,,,0,,,0,,,ECU
Only in scratch_amanda,902bc165,-0.845742,-80.533453,PUERTO PESQUERO DE CRUCITA,,ECU,0.0,anchorage_overrides,,,,,,0,,,0,,,ECU
Only in scratch_amanda,8fd4bb8d,0.988432,-79.644511,PUERTO PESQUERO DE ESMERALDAS,,ECU,0.0,anchorage_overrides,,,,,,0,,,0,,,ECU
Only in scratch_amanda,902be625,-0.943165,-80.63848,PUERTO PESQUERO DE JARAMIJO,,ECU,0.0,anchorage_overrides,,,,,,0,,,0,,,ECU
Only in scratch_amanda,902e9e17,-1.560865,-80.823523,PUERTO PESQUERO DE PUERTO LOPEZ,,ECU,0.0,anchorage_overrides,,,,,,0,,,0,,,ECU
Only in scratch_amanda,902be1e3,-0.957178,-80.80765,PUERTO PESQUERO DE SAN MATEO,,ECU,0.0,anchorage_overrides,,,,,,0,,,0,,,ECU
Only in scratch_amanda,90326797,-2.718594,-80.2454,PUERTO PESQUERO POSORJA,,ECU,0.0,anchorage_overrides,,,,,,0,,,0,,,ECU
Only in scratch_amanda,90330eb5,-3.269903,-80.003724,PUERTO PESQUERO PUERTO BOLIVAR,,ECU,0.0,anchorage_overrides,,,,,,0,,,0,,,ECU
Only in scratch_amanda,911064eb,-13.77751344325448,-76.24736698112734,PUERTO PISCO,,PER,0.0,anchorage_overrides,,,,,,0,,,0,,,PER
Only in scratch_amanda,90339247,-3.5015946611314916,-80.39361013516123,PUERTO PIZARRO,,PER,0.0,anchorage_overrides,,,,,,0,,,0,,,PER
Only in scratch_amanda,8fafbccf,8.215222808301577,-81.8084467252163,PUERTO REMEDIOS,,PAN,0.0,anchorage_overrides,,,,,,0,,,0,,,PAN
Only in scratch_amanda,8f75a6af,11.0497,-85.6762,PUERTO SOLEY,,CRI,0.0,anchorage_overrides,,,,,,0,,,0,,,CRI
Only in scratch_amanda,8f75a6ad,11.0447,-85.678,PUERTO SOLEY,,CRI,0.0,anchorage_overrides,,,,,,0,,,0,,,CRI
Only in scratch_amanda,910739df,-10.79918,-77.744945,PUERTO SUPE,,PER,0.0,anchorage_overrides,,,,,,0,,,0,,,PER
Only in scratch_amanda,9642765f,-37.045425,-73.51036388888889,PUERTO SUR I. SANTA MARIA,,CHL,0.0,anchorage_overrides,,,,,,0,,,0,,,CHL
Only in scratch_amanda,8facbccb,8.864,-79.673,PUERTO VACAMONTE,,PAN,0.0,anchorage_overrides,,,,,,0,,,0,,,PAN
Only in scratch_amanda,8facbcb5,8.864,-79.669,PUERTO VACAMONTE,,PAN,0.0,anchorage_overrides,,,,,,0,,,0,,,PAN
Only in scratch_amanda,8facbcb1,8.861,-79.667,PUERTO VACAMONTE,,PAN,0.0,anchorage_overrides,,,,,,0,,,0,,,PAN
Only in scratch_amanda,8facbccd,8.866,-79.679,PUERTO VACAMONTE,,PAN,0.0,anchorage_overrides,,,,,,0,,,0,,,PAN
Only in scratch_amanda,9697d89d,-27.33492222222222,-70.94140555555556,PUERTO VIEJO,,CHL,0.0,anchorage_overrides,,,,,,0,,,0,,,CHL
Only in scratch_amanda,bc4eac7b,-54.93277777777777,-67.59861111111111,PUERTO WILLIAMS & TERMINAL PESQUERO PUERTO WILLIAMS,,CHL,0.0,anchorage_overrides,,,,,,0,,,0,,,CHL
Only in scratch_amanda,9622ef29,-41.81955833333333,-73.98733333333334,PULLIHUE,,CHL,0.0,anchorage_overrides,,,,,,0,,,0,,,CHL
Only in scratch_amanda,961f25cb,-42.67574722222222,-72.82528611111111,PUMALIN,,CHL,0.0,anchorage_overrides,,,,,,0,,,0,,,CHL
Only in scratch_amanda,9622f083,-41.944,-74.02955555555556,PUMILLAHUE,,CHL,0.0,anchorage_overrides,,,,,,0,,,0,,,CHL
Only in scratch_amanda,9696dbf1,-28.568716666666667,-71.30294722222222,PUNTA ALCALDE,,CHL,0.0,anchorage_overrides,,,,,,0,,,0,,,CHL
Only in scratch_amanda,96ad4685,-21.633691666666667,-70.13751388888889,PUNTA ARENAS,,CHL,0.0,anchorage_overrides,,,,,,0,,,0,,,CHL
Only in scratch_amanda,9669c1df,-37.10082222222222,-73.15749166666667,PUNTA ASTORGA,,CHL,0.0,anchorage_overrides,,,,,,0,,,0,,,CHL
Only in scratch_amanda,96ad852b,-22.281527777777775,-70.24247222222222,PUNTA ATALA,,CHL,0.0,anchorage_overrides,,,,,,0,,,0,,,CHL
Only in scratch_amanda,96bd15e5,-26.87425,-70.82434444444443,PUNTA CABEZA DE VACA,,CHL,0.0,anchorage_overrides,,,,,,0,,,0,,,CHL
Only in scratch_amanda,963d3e15,-41.11516666666667,-73.91581944444445,PUNTA CAPITANES,,CHL,0.0,anchorage_overrides,,,,,,0,,,0,,,CHL
Only in scratch_amanda,bdad601d,-53.59361111111112,-70.9375,PUNTA CARRERA,,CHL,0.0,anchorage_overrides,,,,,,0,,,0,,,CHL
Only in scratch_amanda,962281f5,-41.899,-73.48469444444444,PUNTA CHILEN,,CHL,0.0,anchorage_overrides,,,,,,0,,,0,,,CHL
Only in scratch_amanda,9691167b,-29.24671388888889,-71.46761111111111,PUNTA CHOROS A (SAN AGUSTIN),,CHL,0.0,anchorage_overrides,,,,,,0,,,0,,,CHL
Only in scratch_amanda,96911663,-29.24996666666667,-71.46245277777778,PUNTA CHOROS B (LOS CORRALES),,CHL,0.0,anchorage_overrides,,,,,,0,,,0,,,CHL
Only in scratch_amanda,96bab7cb,-24.72053888888889,-70.57879444444444,PUNTA PLATA,,CHL,0.0,anchorage_overrides,,,,,,0,,,0,,,CHL
Only in scratch_amanda,9036a32f,-3.973514,-80.977128,PUNTA SAL,,PER,0.0,anchorage_overrides,,,,,,0,,,0,,,PER
Only in scratch_amanda,8fa02ef1,9.9793,-84.8245,PUNTARENAS,,CRI,0.0,anchorage_overrides,,,,,,0,,,0,,,CRI
Only in scratch_amanda,8fa02ef7,9.983,-84.8153,PUNTARENAS,,CRI,0.0,anchorage_overrides,,,,,,0,,,0,,,CRI
Only in scratch_amanda,8fa02e5b,9.9817,-84.8085,PUNTARENAS,,CRI,0.0,anchorage_overrides,,,,,,0,,,0,,,CRI
Only in scratch_amanda,8fa02ec3,9.9803,-84.8365,PUNTARENAS,,CRI,0.0,anchorage_overrides,,,,,,0,,,0,,,CRI
Only in scratch_amanda,8fa02e2f,9.9846,-84.7796,PUNTARENAS,,CRI,0.0,anchorage_overrides,,,,,,0,,,0,,,CRI
Only in scratch_amanda,8fa02eef,9.9793,-84.8261,PUNTARENAS,,CRI,0.0,anchorage_overrides,,,,,,0,,,0,,,CRI
Only in scratch_amanda,8fa02ec1,9.9768,-84.8376,PUNTARENAS,,CRI,0.0,anchorage_overrides,,,,,,0,,,0,,,CRI
Only in scratch_amanda,8fa02e29,9.9845,-84.7772,PUNTARENAS,,CRI,0.0,anchorage_overrides,,,,,,0,,,0,,,CRI
Only in scratch_amanda,8fa02e45,9.982,-84.803,PUNTARENAS,,CRI,0.0,anchorage_overrides,,,,,,0,,,0,,,CRI
Only in scratch_amanda,8fa02eed,9.9791,-84.826,PUNTARENAS,,CRI,0.0,anchorage_overrides,,,,,,0,,,0,,,CRI
Only in scratch_amanda,8fa02ec9,9.9787,-84.8478,PUNTARENAS,,CRI,0.0,anchorage_overrides,,,,,,0,,,0,,,CRI
Only in scratch_amanda,8fa02ee9,9.9806,-84.8311,PUNTARENAS,,CRI,0.0,anchorage_overrides,,,,,,0,,,0,,,CRI
Only in scratch_amanda,8fa02ef3,9.9791,-84.8231,PUNTARENAS,,CRI,0.0,anchorage_overrides,,,,,,0,,,0,,,CRI
Only in scratch_amanda,8fa02e59,9.9827,-84.8147,PUNTARENAS,,CRI,0.0,anchorage_overrides,,,,,,0,,,0,,,CRI
Only in scratch_amanda,8fa02eeb,9.9793,-84.8355,PUNTARENAS,,CRI,0.0,anchorage_overrides,,,,,,0,,,0,,,CRI
Only in scratch_amanda,8fa02ec7,9.9782,-84.846,PUNTARENAS,,CRI,0.0,anchorage_overrides,,,,,,0,,,0,,,CRI
Only in scratch_amanda,96228c25,-41.90811111111111,-73.75933333333333,PUPELDE,,CHL,0.0,anchorage_overrides,,,,,,0,,,0,,,CHL
Only in scratch_amanda,96221d6b,-42.59913888888889,-73.67927777777778,PUQUELDON,,CHL,0.0,anchorage_overrides,,,,,,0,,,0,,,CHL
Only in scratch_amanda,96685cc5,-36.44429444444444,-72.88598888888889,PUREMA,,CHL,0.0,anchorage_overrides,,,,,,0,,,0,,,CHL
Only in scratch_amanda,96668e15,-35.12468333333334,-72.216325,PUTU,,CHL,0.0,anchorage_overrides,,,,,,0,,,0,,,CHL
Only in scratch_amanda,3170191b,12.69661918,109.2433234,QUANG HOI FISHING PORT,,VNM,0.0,anchorage_overrides,,,,,,0,,,0,,,VNM
Only in scratch_amanda,9621ffaf,-42.61944444444445,-73.50141666666667,QUEHUI,,CHL,0.0,anchorage_overrides,,,,,,0,,,0,,,CHL
Only in scratch_amanda,9621e00f,-42.88422222222222,-73.47936111111112,QUEILEN,,CHL,0.0,anchorage_overrides,,,,,,0,,,0,,,CHL
Only in scratch_amanda,9618aefb,-42.45713888888889,-73.33016666666666,QUENAC,,CHL,0.0,anchorage_overrides,,,,,,0,,,0,,,CHL
Only in scratch_amanda,8fa17397,9.4382,-84.168,QUEPOS,,CRI,0.0,anchorage_overrides,,,,,,0,,,0,,,CRI
Only in scratch_amanda,8fa17395,9.4354,-84.1679,QUEPOS,,CRI,0.0,anchorage_overrides,,,,,,0,,,0,,,CRI
Only in scratch_amanda,9618f94f,-41.93705555555555,-72.81494444444444,QUETEN,,CHL,0.0,anchorage_overrides,,,,,,0,,,0,,,CHL
Only in scratch_amanda,96157625,-39.397777777777776,-73.21472222222222,QUEULE,,CHL,0.0,anchorage_overrides,,,,,,0,,,0,,,CHL
Only in scratch_amanda,96193ce1,-42.16885555555555,-72.49431944444444,QUIACA,,CHL,0.0,anchorage_overrides,,,,,,0,,,0,,,CHL
Only in scratch_amanda,9642024d,-37.45806944444445,-73.59144166666667,QUIAPO,,CHL,0.0,anchorage_overrides,,,,,,0,,,0,,,CHL
Only in scratch_amanda,9618a213,-42.27275,-73.35105555555555,QUICAVI,,CHL,0.0,anchorage_overrides,,,,,,0,,,0,,,CHL
Only in scratch_amanda,96684ef1,-36.62435,-72.95735,QUICHIUTO,,CHL,0.0,anchorage_overrides,,,,,,0,,,0,,,CHL
Only in scratch_amanda,964029bf,-38.248694444444446,-73.49005277777778,QUIDICO,,CHL,0.0,anchorage_overrides,,,,,,0,,,0,,,CHL
Only in scratch_amanda,914111fb,-16.716862396945494,-72.43439473096234,QUILCA,,PER,0.0,anchorage_overrides,,,,,,0,,,0,,,PER
Only in scratch_amanda,961855f9,-41.866372222222225,-72.79383055555556,QUILDACO,,CHL,0.0,anchorage_overrides,,,,,,0,,,0,,,CHL
Only in scratch_amanda,9622efb3,-41.86302777777778,-73.98544444444444,QUILO,,CHL,0.0,anchorage_overrides,,,,,,0,,,0,,,CHL
Only in scratch_amanda,9662096b,-33.19383611111111,-71.68950555555556,QUINTAY,,CHL,0.0,anchorage_overrides,,,,,,0,,,0,,,CHL
Only in scratch_amanda,316f6c7b,13.77392439,109.2466755,QUY NHON FISHING PORT,,VNM,0.0,anchorage_overrides,,,,,,0,,,0,,,VNM
Only in scratch_amanda,68bf7381,-4.222154538,152.1708587,RABAUL,,PNG,0.0,anchorage_overrides,,,,,,0,,,0,,,PNG
Only in scratch_amanda,68bf7389,-4.229472727,152.1715636,RABAUL,,PNG,0.0,anchorage_overrides,,,,,,0,,,0,,,PNG
Only in scratch_amanda,68bf73f7,-4.244118586,152.1730776,RABAUL,,PNG,0.0,anchorage_overrides,,,,,,0,,,0,,,PNG
Only in scratch_amanda,68bf7151,-4.2616314,152.1776387,RABAUL,,PNG,0.0,anchorage_overrides,,,,,,0,,,0,,,PNG
Only in scratch_amanda,68bf746f,-4.231665228,152.1566706,RABAUL,,PNG,0.0,anchorage_overrides,,,,,,0,,,0,,,PNG
Only in scratch_amanda,68bf714f,-4.269030945,152.1798797,RABAUL,,PNG,0.0,anchorage_overrides,,,,,,0,,,0,,,PNG
Only in scratch_amanda,31a3f603,8.6302222,105.0324037,RACH GOC FISHING PORT,,VNM,0.0,anchorage_overrides,,,,,,0,,,0,,,VNM
Only in scratch_amanda,134dd40d,42.278481,18.881163,RAFAILOVICI,,MNE,0.0,anchorage_overrides,,,,,,0,,,0,,,MNE
Only in scratch_amanda,96bd41db,-27.01043611111111,-70.8049861111111,RAMADA,,CHL,0.0,anchorage_overrides,,,,,,0,,,0,,,CHL
Only in scratch_amanda,96221ea3,-42.56831666666667,-73.75865,RAUCO,,CHL,0.0,anchorage_overrides,,,,,,0,,,0,,,CHL
Only in scratch_amanda,07ab1f4d,-8.078105252634026,-34.87621105726353,RECIFE,,BRA,0.0,anchorage_overrides,,,,,,0,,,0,,,BRA
Only in scratch_amanda,07ab227f,-8.042742458198525,-34.859657441869096,RECIFE,,BRA,0.0,anchorage_overrides,,,,,,0,,,0,,,BRA
Only in scratch_amanda,07ab1893,-8.049849478602965,-34.88172821413238,RECIFE,,BRA,0.0,anchorage_overrides,,,,,,0,,,0,,,BRA
Only in scratch_amanda,07ab18bb,-8.064242409569946,-34.87621105726353,RECIFE,,BRA,0.0,anchorage_overrides,,,,,,0,,,0,,,BRA
Only in scratch_amanda,07ab2281,-8.038123083506322,-34.8596574418691,RECIFE,,BRA,0.0,anchorage_overrides,,,,,,0,,,0,,,BRA
Only in scratch_amanda,07ab187f,-8.037590841051902,-34.86517567102436,RECIFE,,BRA,0.0,anchorage_overrides,,,,,,0,,,0,,,BRA
Only in scratch_amanda,07ab18a5,-8.064776520204594,-34.870693542858355,RECIFE,,BRA,0.0,anchorage_overrides,,,,,,0,,,0,,,BRA
Only in scratch_amanda,07ab18a1,-8.060689751017902,-34.86517567102436,RECIFE,,BRA,0.0,anchorage_overrides,,,,,,0,,,0,,,BRA
Only in scratch_amanda,07ab1f39,-8.08627758520562,-34.88724501335747,RECIFE,,BRA,0.0,anchorage_overrides,,,,,,0,,,0,,,BRA
Only in scratch_amanda,07ab2279,-8.04736218553563,-34.8596574418691,RECIFE,,BRA,0.0,anchorage_overrides,,,,,,0,,,0,,,BRA
Only in scratch_amanda,07ab18b7,-8.068328556046884,-34.88172821413238,RECIFE,,BRA,0.0,anchorage_overrides,,,,,,0,,,0,,,BRA
Only in scratch_amanda,07ab1f45,-8.087348907734635,-34.87621105726353,RECIFE,,BRA,0.0,anchorage_overrides,,,,,,0,,,0,,,BRA
Only in scratch_amanda,07ab18c9,-8.067794066310231,-34.88724501335747,RECIFE,,BRA,0.0,anchorage_overrides,,,,,,0,,,0,,,BRA
Only in scratch_amanda,07ab18bf,-8.059088312808305,-34.88172821413238,RECIFE,,BRA,0.0,anchorage_overrides,,,,,,0,,,0,,,BRA
Only in scratch_amanda,07ab188f,-8.045763549737744,-34.87621105726354,RECIFE,,BRA,0.0,anchorage_overrides,,,,,,0,,,0,,,BRA
Only in scratch_amanda,07ab1f53,-8.07864025698635,-34.870693542858355,RECIFE,,BRA,0.0,anchorage_overrides,,,,,,0,,,0,,,BRA
Only in scratch_amanda,07ab18b9,-8.063708258342347,-34.88172821413238,RECIFE,,BRA,0.0,anchorage_overrides,,,,,,0,,,0,,,BRA
Only in scratch_amanda,07ab1891,-8.050382736119467,-34.87621105726353,RECIFE,,BRA,0.0,anchorage_overrides,,,,,,0,,,0,,,BRA
Only in scratch_amanda,07ab1f51,-8.083262206546266,-34.87069354285836,RECIFE,,BRA,0.0,anchorage_overrides,,,,,,0,,,0,,,BRA
Only in scratch_amanda,07ab18a9,-8.069931781612638,-34.86517567102436,RECIFE,,BRA,0.0,anchorage_overrides,,,,,,0,,,0,,,BRA
Only in scratch_amanda,07ab1897,-8.055002274943936,-34.87621105726354,RECIFE,,BRA,0.0,anchorage_overrides,,,,,,0,,,0,,,BRA
Only in scratch_amanda,07ab1f33,-8.076499995700921,-34.89276145483143,RECIFE,,BRA,0.0,anchorage_overrides,,,,,,0,,,0,,,BRA
Only in scratch_amanda,07ab18b1,-8.068863005195835,-34.87621105726353,RECIFE,,BRA,0.0,anchorage_overrides,,,,,,0,,,0,,,BRA
Only in scratch_amanda,07ab1f49,-8.082191561304773,-34.88172821413238,RECIFE,,BRA,0.0,anchorage_overrides,,,,,,0,,,0,,,BRA
Only in scratch_amanda,07ab1889,-8.041144715886524,-34.87621105726353,RECIFE,,BRA,0.0,anchorage_overrides,,,,,,0,,,0,,,BRA
Only in scratch_amanda,07ab1863,-8.036526234653534,-34.87621105726353,RECIFE,,BRA,0.0,anchorage_overrides,,,,,,0,,,0,,,BRA
Only in scratch_amanda,07ab18a7,-8.065310590216807,-34.86517567102436,RECIFE,,BRA,0.0,anchorage_overrides,,,,,,0,,,0,,,BRA
Only in scratch_amanda,07ab1f4b,-8.077570207615993,-34.88172821413238,RECIFE,,BRA,0.0,anchorage_overrides,,,,,,0,,,0,,,BRA
Only in scratch_amanda,07ab1f3f,-8.090899344454817,-34.88724501335747,RECIFE,,BRA,0.0,anchorage_overrides,,,,,,0,,,0,,,BRA
Only in scratch_amanda,07ab18ad,-8.07401865935081,-34.870693542858355,RECIFE,,BRA,0.0,anchorage_overrides,,,,,,0,,,0,,,BRA
Only in scratch_amanda,07ab1f35,-8.077035121961785,-34.88724501335747,RECIFE,,BRA,0.0,anchorage_overrides,,,,,,0,,,0,,,BRA
Only in scratch_amanda,07ab1f41,-8.091435324051083,-34.88172821413238,RECIFE,,BRA,0.0,anchorage_overrides,,,,,,0,,,0,,,BRA
Only in scratch_amanda,07ab187d,-8.037058558091179,-34.87069354285836,RECIFE,,BRA,0.0,anchorage_overrides,,,,,,0,,,0,,,BRA
Only in scratch_amanda,07ab18b3,-8.073483952913163,-34.87621105726353,RECIFE,,BRA,0.0,anchorage_overrides,,,,,,0,,,0,,,BRA
Only in scratch_amanda,07ab1f47,-8.086813266812458,-34.88172821413238,RECIFE,,BRA,0.0,anchorage_overrides,,,,,,0,,,0,,,BRA
Only in scratch_amanda,07ab1f4f,-8.082726904270503,-34.87621105726353,RECIFE,,BRA,0.0,anchorage_overrides,,,,,,0,,,0,,,BRA
Only in scratch_amanda,07ab1887,-8.041677337168155,-34.87069354285836,RECIFE,,BRA,0.0,anchorage_overrides,,,,,,0,,,0,,,BRA
Only in scratch_amanda,07ab1881,-8.04220991794862,-34.86517567102436,RECIFE,,BRA,0.0,anchorage_overrides,,,,,,0,,,0,,,BRA
Only in scratch_amanda,07ab1885,-8.046296468872256,-34.870693542858355,RECIFE,,BRA,0.0,anchorage_overrides,,,,,,0,,,0,,,BRA
Only in scratch_amanda,07ab18a3,-8.060155978869721,-34.870693542858355,RECIFE,,BRA,0.0,anchorage_overrides,,,,,,0,,,0,,,BRA
Only in scratch_amanda,07ab18cb,-8.07241441814302,-34.88724501335747,RECIFE,,BRA,0.0,anchorage_overrides,,,,,,0,,,0,,,BRA
Only in scratch_amanda,07ab188d,-8.045230590107236,-34.88172821413238,RECIFE,,BRA,0.0,anchorage_overrides,,,,,,0,,,0,,,BRA
Only in scratch_amanda,07ab18bd,-8.059622166123365,-34.87621105726353,RECIFE,,BRA,0.0,anchorage_overrides,,,,,,0,,,0,,,BRA
Only in scratch_amanda,07ab1895,-8.054468719532577,-34.88172821413238,RECIFE,,BRA,0.0,anchorage_overrides,,,,,,0,,,0,,,BRA
Only in scratch_amanda,07ab18b5,-8.07294920583406,-34.88172821413238,RECIFE,,BRA,0.0,anchorage_overrides,,,,,,0,,,0,,,BRA
Only in scratch_amanda,07ab1f5b,-8.087884507942578,-34.87069354285836,RECIFE,,BRA,0.0,anchorage_overrides,,,,,,0,,,0,,,BRA
Only in scratch_amanda,9618d6f5,-42.37798333333333,-72.76081666666667,RELDEHUE,,CHL,0.0,anchorage_overrides,,,,,,0,,,0,,,CHL
Only in scratch_amanda,96893e2d,-32.05170555555555,-71.51908611111111,RIGO,,CHL,0.0,anchorage_overrides,,,,,,0,,,0,,,CHL
Only in scratch_amanda,962204a3,-42.52578055555555,-73.63377777777778,RILAN,,CHL,0.0,anchorage_overrides,,,,,,0,,,0,,,CHL
Only in scratch_amanda,963e07dd,-40.08655555555555,-73.64259444444446,RIO COLUN,,CHL,0.0,anchorage_overrides,,,,,,0,,,0,,,CHL
Only in scratch_amanda,95119953,-32.019322875074934,-52.1089851372896,RIO GRANDE,,BRA,0.0,anchorage_overrides,,,,,,0,,,0,,,BRA
Only in scratch_amanda,95119ea9,-32.02047297986745,-52.09837996784544,RIO GRANDE,,BRA,0.0,anchorage_overrides,,,,,,0,,,0,,,BRA
Only in scratch_amanda,9511836f,-32.125504500671504,-52.09307799748681,RIO GRANDE,,BRA,0.0,anchorage_overrides,,,,,,0,,,0,,,BRA
Only in scratch_amanda,95118483,-32.13593817858601,-52.108985137289594,RIO GRANDE,,BRA,0.0,anchorage_overrides,,,,,,0,,,0,,,BRA
Only in scratch_amanda,95119c39,-32.032488150178956,-52.077174544810845,RIO GRANDE,,BRA,0.0,anchorage_overrides,,,,,,0,,,0,,,BRA
Only in scratch_amanda,9511838b,-32.15835919145604,-52.103682347806,RIO GRANDE,,BRA,0.0,anchorage_overrides,,,,,,0,,,0,,,BRA
Only in scratch_amanda,95118379,-32.13707630357401,-52.09837996784544,RIO GRANDE,,BRA,0.0,anchorage_overrides,,,,,,0,,,0,,,BRA
Only in scratch_amanda,95118389,-32.15350358364092,-52.10368234780599,RIO GRANDE,,BRA,0.0,anchorage_overrides,,,,,,0,,,0,,,BRA
Only in scratch_amanda,9511849d,-32.131081442718674,-52.108985137289594,RIO GRANDE,,BRA,0.0,anchorage_overrides,,,,,,0,,,0,,,BRA
Only in scratch_amanda,95118365,-32.127363634504285,-52.09837996784544,RIO GRANDE,,BRA,0.0,anchorage_overrides,,,,,,0,,,0,,,BRA
Only in scratch_amanda,9511849f,-32.126224511831964,-52.1089851372896,RIO GRANDE,,BRA,0.0,anchorage_overrides,,,,,,0,,,0,,,BRA
Only in scratch_amanda,95119c1d,-32.023477750096895,-52.0930779974868,RIO GRANDE,,BRA,0.0,anchorage_overrides,,,,,,0,,,0,,,BRA
Only in scratch_amanda,95119c41,-32.03920446269771,-52.08247528589072,RIO GRANDE,,BRA,0.0,anchorage_overrides,,,,,,0,,,0,,,BRA
Only in scratch_amanda,95119ea7,-32.018617204391305,-52.0930779974868,RIO GRANDE,,BRA,0.0,anchorage_overrides,,,,,,0,,,0,,,BRA
Only in scratch_amanda,95119957,-32.02603939157752,-52.11428833621727,RIO GRANDE,,BRA,0.0,anchorage_overrides,,,,,,0,,,0,,,BRA
Only in scratch_amanda,95119c3f,-32.03434499548638,-52.08247528589072,RIO GRANDE,,BRA,0.0,anchorage_overrides,,,,,,0,,,0,,,BRA
Only in scratch_amanda,95119ead,-32.017467557747736,-52.10368234780601,RIO GRANDE,,BRA,0.0,anchorage_overrides,,,,,,0,,,0,,,BRA
Only in scratch_amanda,95118481,-32.14079471934387,-52.108985137289594,RIO GRANDE,,BRA,0.0,anchorage_overrides,,,,,,0,,,0,,,BRA
Only in scratch_amanda,9511837b,-32.132220066534344,-52.09837996784544,RIO GRANDE,,BRA,0.0,anchorage_overrides,,,,,,0,,,0,,,BRA
Only in scratch_amanda,95118477,-32.15536317006017,-52.1089851372896,RIO GRANDE,,BRA,0.0,anchorage_overrides,,,,,,0,,,0,,,BRA
Only in scratch_amanda,95119c15,-32.036201688518894,-52.087776436808966,RIO GRANDE,,BRA,0.0,anchorage_overrides,,,,,,0,,,0,,,BRA
Only in scratch_amanda,95118479,-32.15050721517098,-52.108985137289594,RIO GRANDE,,BRA,0.0,anchorage_overrides,,,,,,0,,,0,,,BRA
Only in scratch_amanda,95118499,-32.128083034115654,-52.11428833621727,RIO GRANDE,,BRA,0.0,anchorage_overrides,,,,,,0,,,0,,,BRA
Only in scratch_amanda,95119bff,-32.02904507898418,-52.108985137289594,RIO GRANDE,,BRA,0.0,anchorage_overrides,,,,,,0,,,0,,,BRA
Only in scratch_amanda,95118367,-32.12250700757387,-52.09837996784544,RIO GRANDE,,BRA,0.0,anchorage_overrides,,,,,,0,,,0,,,BRA
Only in scratch_amanda,9511849b,-32.13294011693107,-52.11428833621727,RIO GRANDE,,BRA,0.0,anchorage_overrides,,,,,,0,,,0,,,BRA
Only in scratch_amanda,9511847f,-32.14565106490221,-52.108985137289594,RIO GRANDE,,BRA,0.0,anchorage_overrides,,,,,,0,,,0,,,BRA
Only in scratch_amanda,95118487,-32.14265369723508,-52.11428833621727,RIO GRANDE,,BRA,0.0,anchorage_overrides,,,,,,0,,,0,,,BRA
Only in scratch_amanda,9511847d,-32.14751019454352,-52.11428833621727,RIO GRANDE,,BRA,0.0,anchorage_overrides,,,,,,0,,,0,,,BRA
Only in scratch_amanda,95118485,-32.13779700466757,-52.11428833621727,RIO GRANDE,,BRA,0.0,anchorage_overrides,,,,,,0,,,0,,,BRA
Only in scratch_amanda,95119c6b,-32.04106130883562,-52.087776436808966,RIO GRANDE,,BRA,0.0,anchorage_overrides,,,,,,0,,,0,,,BRA
Only in scratch_amanda,96205155,-43.36255555555556,-74.12294444444444,RIO INIO,,CHL,0.0,anchorage_overrides,,,,,,0,,,0,,,CHL
Only in scratch_amanda,96665f19,-35.337744444444446,-72.39875,RIO MAULE,,CHL,0.0,anchorage_overrides,,,,,,0,,,0,,,CHL
Only in scratch_amanda,96190fd5,-41.97206666666667,-72.473825,RIO NEGRO - HORNOPIREN,,CHL,0.0,anchorage_overrides,,,,,,0,,,0,,,CHL
Only in scratch_amanda,91529663,-20.996,-70.16247222222223,RIO SECO,,CHL,0.0,anchorage_overrides,,,,,,0,,,0,,,CHL
Only in scratch_amanda,96683561,-36.73627777777778,-73.09272777777777,ROCUANT,,CHL,0.0,anchorage_overrides,,,,,,0,,,0,,,CHL
Only in scratch_amanda,9618f907,-41.92066666666666,-72.84625,ROLECHA,,CHL,0.0,anchorage_overrides,,,,,,0,,,0,,,CHL
Only in scratch_amanda,9619ea87,-41.45011111111111,-72.32313888888889,ROLLIZO,,CHL,0.0,anchorage_overrides,,,,,,0,,,0,,,CHL
Only in scratch_amanda,96155213,-38.83055555555555,-73.29222222222222,ROMOPULLI,,CHL,0.0,anchorage_overrides,,,,,,0,,,0,,,CHL
Only in scratch_amanda,96420d2f,-37.17574444444444,-73.61425555555554,RUMENA,,CHL,0.0,anchorage_overrides,,,,,,0,,,0,,,CHL
Only in scratch_amanda,3168e947,14.67292077,109.0710249,SA HUYNH FISHING PORT,,VNM,0.0,anchorage_overrides,,,,,,0,,,0,,,VNM
Only in scratch_amanda,31684ea3,15.2178432,108.9124208,SA KY FISHING PORT,,VNM,0.0,anchorage_overrides,,,,,,0,,,0,,,VNM
Only in scratch_amanda,91ad191f,-8.218394680517445,-78.97118321311903,SALAVERRY,,PER,0.0,anchorage_overrides,,,,,,0,,,0,,,PER
Only in scratch_amanda,91ad18fd,-8.210155087907845,-78.97735261987441,SALAVERRY,,PER,0.0,anchorage_overrides,,,,,,0,,,0,,,PER
Only in scratch_amanda,92a89ecd,-0.6295536249393328,-47.37310314226022,SALINOPOLIS,,BRA,0.0,anchorage_overrides,,,,,,0,,,0,,,BRA
Only in scratch_amanda,92a89931,-0.6294546124983024,-47.36331295170445,SALINOPOLIS,,BRA,0.0,anchorage_overrides,,,,,,0,,,0,,,BRA
Only in scratch_amanda,92a8994d,-0.6189877987869025,-47.368207816030605,SALINOPOLIS,,BRA,0.0,anchorage_overrides,,,,,,0,,,0,,,BRA
Only in scratch_amanda,92a89ecb,-0.6260474952750745,-47.37310314226022,SALINOPOLIS,,BRA,0.0,anchorage_overrides,,,,,,0,,,0,,,BRA
Only in scratch_amanda,92a89925,-0.6329108229868669,-47.358418549316866,SALINOPOLIS,,BRA,0.0,anchorage_overrides,,,,,,0,,,0,,,BRA
Only in scratch_amanda,92a89929,-0.6364670110169057,-47.36331295170445,SALINOPOLIS,,BRA,0.0,anchorage_overrides,,,,,,0,,,0,,,BRA
Only in scratch_amanda,92a89945,-0.6188904403118819,-47.358418549316866,SALINOPOLIS,,BRA,0.0,anchorage_overrides,,,,,,0,,,0,,,BRA
Only in scratch_amanda,92a8994f,-0.6189391195110373,-47.36331295170445,SALINOPOLIS,,BRA,0.0,anchorage_overrides,,,,,,0,,,0,,,BRA
Only in scratch_amanda,92a89ead,-0.6155315907199833,-47.37310314226022,SALINOPOLIS,,BRA,0.0,anchorage_overrides,,,,,,0,,,0,,,BRA
Only in scratch_amanda,92a89953,-0.6154831869417074,-47.368207816030605,SALINOPOLIS,,BRA,0.0,anchorage_overrides,,,,,,0,,,0,,,BRA
Only in scratch_amanda,92a89927,-0.6364169534830234,-47.358418549316866,SALINOPOLIS,,BRA,0.0,anchorage_overrides,,,,,,0,,,0,,,BRA
Only in scratch_amanda,92a89923,-0.632861041263986,-47.353524608903,SALINOPOLIS,,BRA,0.0,anchorage_overrides,,,,,,0,,,0,,,BRA
Only in scratch_amanda,92a8993f,-0.6258505733735737,-47.353524608903,SALINOPOLIS,,BRA,0.0,anchorage_overrides,,,,,,0,,,0,,,BRA
Only in scratch_amanda,92a89933,-0.6295041186808353,-47.368207816030605,SALINOPOLIS,,BRA,0.0,anchorage_overrides,,,,,,0,,,0,,,BRA
Only in scratch_amanda,92a89951,-0.6154347832377451,-47.36331295170445,SALINOPOLIS,,BRA,0.0,anchorage_overrides,,,,,,0,,,0,,,BRA
Only in scratch_amanda,92a8992f,-0.6329606047901813,-47.36331295170445,SALINOPOLIS,,BRA,0.0,anchorage_overrides,,,,,,0,,,0,,,BRA
Only in scratch_amanda,92a89935,-0.6259982646843655,-47.3682078160306,SALINOPOLIS,,BRA,0.0,anchorage_overrides,,,,,,0,,,0,,,BRA
Only in scratch_amanda,92a89eab,-0.6120271174405013,-47.37310314226021,SALINOPOLIS,,BRA,0.0,anchorage_overrides,,,,,,0,,,0,,,BRA
Only in scratch_amanda,92a89939,-0.6258998037316092,-47.35841854931687,SALINOPOLIS,,BRA,0.0,anchorage_overrides,,,,,,0,,,0,,,BRA
Only in scratch_amanda,92a8994b,-0.6224928247104184,-47.3682078160306,SALINOPOLIS,,BRA,0.0,anchorage_overrides,,,,,,0,,,0,,,BRA
Only in scratch_amanda,92a89947,-0.6223949150283543,-47.358418549316866,SALINOPOLIS,,BRA,0.0,anchorage_overrides,,,,,,0,,,0,,,BRA
Only in scratch_amanda,92a89949,-0.6224438698308192,-47.36331295170445,SALINOPOLIS,,BRA,0.0,anchorage_overrides,,,,,,0,,,0,,,BRA
Only in scratch_amanda,92a89eb3,-0.619036478137494,-47.37310314226021,SALINOPOLIS,,BRA,0.0,anchorage_overrides,,,,,,0,,,0,,,BRA
Only in scratch_amanda,92a8995b,-0.6153863796100684,-47.358418549316866,SALINOPOLIS,,BRA,0.0,anchorage_overrides,,,,,,0,,,0,,,BRA
Only in scratch_amanda,92a8993b,-0.6294051063937512,-47.358418549316866,SALINOPOLIS,,BRA,0.0,anchorage_overrides,,,,,,0,,,0,,,BRA
Only in scratch_amanda,92a8992b,-0.6365170686296173,-47.3682078160306,SALINOPOLIS,,BRA,0.0,anchorage_overrides,,,,,,0,,,0,,,BRA
Only in scratch_amanda,92a89eb5,-0.6225417796651566,-47.37310314226021,SALINOPOLIS,,BRA,0.0,anchorage_overrides,,,,,,0,,,0,,,BRA
Only in scratch_amanda,92a89941,-0.6223459603050177,-47.353524608903,SALINOPOLIS,,BRA,0.0,anchorage_overrides,,,,,,0,,,0,,,BRA
Only in scratch_amanda,92a8992d,-0.6330103866719013,-47.3682078160306,SALINOPOLIS,,BRA,0.0,anchorage_overrides,,,,,,0,,,0,,,BRA
Only in scratch_amanda,92a89955,-0.6119789892027038,-47.368207816030605,SALINOPOLIS,,BRA,0.0,anchorage_overrides,,,,,,0,,,0,,,BRA
Only in scratch_amanda,92a8993d,-0.6293556003691989,-47.353524608903,SALINOPOLIS,,BRA,0.0,anchorage_overrides,,,,,,0,,,0,,,BRA
Only in scratch_amanda,92a89937,-0.6259490341692084,-47.36331295170445,SALINOPOLIS,,BRA,0.0,anchorage_overrides,,,,,,0,,,0,,,BRA
Only in scratch_amanda,92a89957,-0.6119308610388068,-47.36331295170445,SALINOPOLIS,,BRA,0.0,anchorage_overrides,,,,,,0,,,0,,,BRA
Only in scratch_amanda,07161007,-12.929239323891863,-38.477107156874645,SALVADOR,,BRA,0.0,anchorage_overrides,,,,,,0,,,0,,,BRA
Only in scratch_amanda,07160ff7,-12.925594336945258,-38.498132096282866,SALVADOR,,BRA,0.0,anchorage_overrides,,,,,,0,,,0,,,BRA
Only in scratch_amanda,0716055b,-12.935100483526044,-38.49813209628286,SALVADOR,,BRA,0.0,anchorage_overrides,,,,,,0,,,0,,,BRA
Only in scratch_amanda,07160ff5,-12.924682992020946,-38.50338728583287,SALVADOR,,BRA,0.0,anchorage_overrides,,,,,,0,,,0,,,BRA
Only in scratch_amanda,07160fff,-12.92741690905895,-38.487620462673874,SALVADOR,,BRA,0.0,anchorage_overrides,,,,,,0,,,0,,,BRA
Only in scratch_amanda,07160ff3,-12.919930594045686,-38.50338728583287,SALVADOR,,BRA,0.0,anchorage_overrides,,,,,,0,,,0,,,BRA
Only in scratch_amanda,07160fc5,-12.90183321087352,-38.498132096282866,SALVADOR,,BRA,0.0,anchorage_overrides,,,,,,0,,,0,,,BRA
Only in scratch_amanda,07161001,-12.928328136158074,-38.48236401876136,SALVADOR,,BRA,0.0,anchorage_overrides,,,,,,0,,,0,,,BRA
Only in scratch_amanda,07160fe3,-12.917910483142508,-38.487620462673874,SALVADOR,,BRA,0.0,anchorage_overrides,,,,,,0,,,0,,,BRA
Only in scratch_amanda,0716103d,-12.9111348459351,-38.47184987708704,SALVADOR,,BRA,0.0,anchorage_overrides,,,,,,0,,,0,,,BRA
Only in scratch_amanda,07160557,-12.931258906913031,-38.4928764885388,SALVADOR,,BRA,0.0,anchorage_overrides,,,,,,0,,,0,,,BRA
Only in scratch_amanda,07161017,-12.915888388905795,-38.47184987708704,SALVADOR,,BRA,0.0,anchorage_overrides,,,,,,0,,,0,,,BRA
Only in scratch_amanda,07161019,-12.914978176518224,-38.477107156874645,SALVADOR,,BRA,0.0,anchorage_overrides,,,,,,0,,,0,,,BRA
Only in scratch_amanda,07160ffd,-12.922663574956166,-38.487620462673874,SALVADOR,,BRA,0.0,anchorage_overrides,,,,,,0,,,0,,,BRA
Only in scratch_amanda,07160551,-12.93601241327787,-38.4928764885388,SALVADOR,,BRA,0.0,anchorage_overrides,,,,,,0,,,0,,,BRA
Only in scratch_amanda,07161aab,-12.93308202444334,-38.48236401876136,SALVADOR,,BRA,0.0,anchorage_overrides,,,,,,0,,,0,,,BRA
Only in scratch_amanda,07160ff9,-12.926505642639636,-38.4928764885388,SALVADOR,,BRA,0.0,anchorage_overrides,,,,,,0,,,0,,,BRA
Only in scratch_amanda,07161029,-12.899809895773211,-38.48236401876136,SALVADOR,,BRA,0.0,anchorage_overrides,,,,,,0,,,0,,,BRA
Only in scratch_amanda,07160fdf,-12.908405026796231,-38.487620462673874,SALVADOR,,BRA,0.0,anchorage_overrides,,,,,,0,,,0,,,BRA
Only in scratch_amanda,07160fdb,-12.902742956263872,-38.4928764885388,SALVADOR,,BRA,0.0,anchorage_overrides,,,,,,0,,,0,,,BRA
Only in scratch_amanda,07161027,-12.90456232944803,-38.48236401876136,SALVADOR,,BRA,0.0,anchorage_overrides,,,,,,0,,,0,,,BRA
Only in scratch_amanda,0716101d,-12.918821086220484,-38.48236401876136,SALVADOR,,BRA,0.0,anchorage_overrides,,,,,,0,,,0,,,BRA
Only in scratch_amanda,07160559,-12.930347289185333,-38.498132096282866,SALVADOR,,BRA,0.0,anchorage_overrides,,,,,,0,,,0,,,BRA
Only in scratch_amanda,07160fe1,-12.913157633721395,-38.487620462673874,SALVADOR,,BRA,0.0,anchorage_overrides,,,,,,0,,,0,,,BRA
Only in scratch_amanda,07161025,-12.905471957151711,-38.477107156874645,SALVADOR,,BRA,0.0,anchorage_overrides,,,,,,0,,,0,,,BRA
Only in scratch_amanda,0716055f,-12.929435632209447,-38.50338728583287,SALVADOR,,BRA,0.0,anchorage_overrides,,,,,,0,,,0,,,BRA
Only in scratch_amanda,0716101f,-12.914067924775056,-38.48236401876136,SALVADOR,,BRA,0.0,anchorage_overrides,,,,,,0,,,0,,,BRA
Only in scratch_amanda,07161003,-12.923574490049305,-38.48236401876136,SALVADOR,,BRA,0.0,anchorage_overrides,,,,,,0,,,0,,,BRA
Only in scratch_amanda,0716102f,-12.900719211443487,-38.477107156874645,SALVADOR,,BRA,0.0,anchorage_overrides,,,,,,0,,,0,,,BRA
Only in scratch_amanda,07160555,-12.932170485347424,-38.487620462673874,SALVADOR,,BRA,0.0,anchorage_overrides,,,,,,0,,,0,,,BRA
Only in scratch_amanda,07160553,-12.936924303718117,-38.487620462673874,SALVADOR,,BRA,0.0,anchorage_overrides,,,,,,0,,,0,,,BRA
Only in scratch_amanda,07160feb,-12.910426525148392,-38.50338728583287,SALVADOR,,BRA,0.0,anchorage_overrides,,,,,,0,,,0,,,BRA
Only in scratch_amanda,0716101b,-12.919731649969693,-38.477107156874645,SALVADOR,,BRA,0.0,anchorage_overrides,,,,,,0,,,0,,,BRA
Only in scratch_amanda,07160ffb,-12.921752620561106,-38.4928764885388,SALVADOR,,BRA,0.0,anchorage_overrides,,,,,,0,,,0,,,BRA
Only in scratch_amanda,07161023,-12.910224945544424,-38.477107156874645,SALVADOR,,BRA,0.0,anchorage_overrides,,,,,,0,,,0,,,BRA
Only in scratch_amanda,07160ff1,-12.920841626909242,-38.49813209628286,SALVADOR,,BRA,0.0,anchorage_overrides,,,,,,0,,,0,,,BRA
Only in scratch_amanda,07160fc3,-12.906584951059475,-38.49813209628286,SALVADOR,,BRA,0.0,anchorage_overrides,,,,,,0,,,0,,,BRA
Only in scratch_amanda,0716103b,-12.906381545536368,-38.47184987708704,SALVADOR,,BRA,0.0,anchorage_overrides,,,,,,0,,,0,,,BRA
Only in scratch_amanda,07161021,-12.909315005816437,-38.48236401876136,SALVADOR,,BRA,0.0,anchorage_overrides,,,,,,0,,,0,,,BRA
Only in scratch_amanda,07160fdd,-12.907495008528883,-38.4928764885388,SALVADOR,,BRA,0.0,anchorage_overrides,,,,,,0,,,0,,,BRA
Only in scratch_amanda,07160fd9,-12.903652662470396,-38.487620462673874,SALVADOR,,BRA,0.0,anchorage_overrides,,,,,,0,,,0,,,BRA
Only in scratch_amanda,07160fed,-12.915178438387048,-38.50338728583287,SALVADOR,,BRA,0.0,anchorage_overrides,,,,,,0,,,0,,,BRA
Only in scratch_amanda,07161005,-12.924485365795393,-38.477107156874645,SALVADOR,,BRA,0.0,anchorage_overrides,,,,,,0,,,0,,,BRA
Only in scratch_amanda,91ab9a15,-9.253030934911244,-78.49766057396451,SAMANCO,,PER,0.0,anchorage_overrides,,,,,,0,,,0,,,PER
Only in scratch_amanda,8f9f0757,9.8668,-85.5123,SAMARA,,CRI,0.0,anchorage_overrides,,,,,,0,,,0,,,CRI
Only in scratch_amanda,8f9f0751,9.8663,-85.5127,SAMARA,,CRI,0.0,anchorage_overrides,,,,,,0,,,0,,,CRI
Only in scratch_amanda,961842f7,-41.71963888888889,-73.05766666666666,SAN AGUSTIN,,CHL,0.0,anchorage_overrides,,,,,,0,,,0,,,CHL
Only in scratch_amanda,9727172b,-26.346533333333333,-79.87934444444444,SAN AMBROSIO,,CHL,0.0,anchorage_overrides,,,,,,0,,,0,,,CHL
Only in scratch_amanda,96186f83,-41.774,-73.23337777777778,SAN ANTONIO CALBUCO,,CHL,0.0,anchorage_overrides,,,,,,0,,,0,,,CHL
Only in scratch_amanda,9615f69d,-39.83703333333334,-73.40235555555556,SAN IGNACIO,,CHL,0.0,anchorage_overrides,,,,,,0,,,0,,,CHL
Only in scratch_amanda,904cf105,-6.766328248727275,-79.9724491573818,SAN JOSE,,PER,0.0,anchorage_overrides,,,,,,0,,,0,,,PER
Only in scratch_amanda,9618bf0d,-42.27280555555556,-73.11716666666666,SAN JOSE DE BUTACHAUQUES,,CHL,0.0,anchorage_overrides,,,,,,0,,,0,,,CHL
Only in scratch_amanda,9621de49,-42.91697222222222,-73.52077777777778,SAN JOSE DE TRANQUI,,CHL,0.0,anchorage_overrides,,,,,,0,,,0,,,CHL
Only in scratch_amanda,9615f993,-39.93760277777778,-73.38629722222223,SAN JUAN,,CHL,0.0,anchorage_overrides,,,,,,0,,,0,,,CHL
Only in scratch_amanda,8f75b44b,11.2494,-85.8847,SAN JUAN DEL SUR,,NIC,0.0,anchorage_overrides,,,,,,0,,,0,,,NIC
Only in scratch_amanda,8f75b449,11.2492,-85.8842,SAN JUAN DEL SUR,,NIC,0.0,anchorage_overrides,,,,,,0,,,0,,,NIC
Only in scratch_amanda,968e1dd3,-30.35215555555556,-71.67506666666667,SAN LORENZO,,CHL,0.0,anchorage_overrides,,,,,,0,,,0,,,CHL
Only in scratch_amanda,9152bec7,-21.108583333333335,-70.12049999999999,SAN MARCOS,,CHL,0.0,anchorage_overrides,,,,,,0,,,0,,,CHL
Only in scratch_amanda,91168997,-15.25622123493976,-75.22611568373495,SAN NICOLAS,,PER,0.0,anchorage_overrides,,,,,,0,,,0,,,PER
Only in scratch_amanda,963d12a3,-40.94079444444444,-73.86434166666666,SAN PEDRO,,CHL,0.0,anchorage_overrides,,,,,,0,,,0,,,CHL
Only in scratch_amanda,9622bcdb,-41.64244444444444,-73.66766666666668,SAN PEDRO DE NOLASCO,,CHL,0.0,anchorage_overrides,,,,,,0,,,0,,,CHL
Only in scratch_amanda,9691b5e9,-29.878816666666665,-71.27356666666667,"SAN PEDRO, LA SERENA",,CHL,0.0,anchorage_overrides,,,,,,0,,,0,,,CHL
Only in scratch_amanda,968939bb,-31.90914722222222,-71.50931944444444,"SAN PEDRO, LOS VILOS",,CHL,0.0,anchorage_overrides,,,,,,0,,,0,,,CHL
Only in scratch_amanda,9689c325,-32.9189,-71.51798611111111,SAN PEDRO-CONCON,,CHL,0.0,anchorage_overrides,,,,,,0,,,0,,,CHL
Only in scratch_amanda,9618687f,-41.76398888888889,-73.13021388888889,SAN RAFAEL,,CHL,0.0,anchorage_overrides,,,,,,0,,,0,,,CHL
Only in scratch_amanda,07107db5,-11.399525532207685,-37.40675714959255,SANTA LUZIA DO ITANHY,,BRA,0.0,anchorage_overrides,,,,,,0,,,0,,,BRA
Only in scratch_amanda,07107dbb,-11.408181645269888,-37.412096868814125,SANTA LUZIA DO ITANHY,,BRA,0.0,anchorage_overrides,,,,,,0,,,0,,,BRA
Only in scratch_amanda,07107da5,-11.407389749894952,-37.41743618590488,SANTA LUZIA DO ITANHY,,BRA,0.0,anchorage_overrides,,,,,,0,,,0,,,BRA
Only in scratch_amanda,07107db1,-11.403457833396432,-37.41209686881414,SANTA LUZIA DO ITANHY,,BRA,0.0,anchorage_overrides,,,,,,0,,,0,,,BRA
Only in scratch_amanda,07107c4f,-11.389288062114476,-37.412096868814125,SANTA LUZIA DO ITANHY,,BRA,0.0,anchorage_overrides,,,,,,0,,,0,,,BRA
Only in scratch_amanda,07107db3,-11.398734298846248,-37.412096868814125,SANTA LUZIA DO ITANHY,,BRA,0.0,anchorage_overrides,,,,,,0,,,0,,,BRA
Only in scratch_amanda,07107dcb,-11.400316724309397,-37.401417028323664,SANTA LUZIA DO ITANHY,,BRA,0.0,anchorage_overrides,,,,,,0,,,0,,,BRA
Only in scratch_amanda,07107daf,-11.40266624841708,-37.41743618590488,SANTA LUZIA DO ITANHY,,BRA,0.0,anchorage_overrides,,,,,,0,,,0,,,BRA
Only in scratch_amanda,07107c53,-11.393220077540713,-37.41743618590488,SANTA LUZIA DO ITANHY,,BRA,0.0,anchorage_overrides,,,,,,0,,,0,,,BRA
Only in scratch_amanda,07107db9,-11.408973499386224,-37.40675714959255,SANTA LUZIA DO ITANHY,,BRA,0.0,anchorage_overrides,,,,,,0,,,0,,,BRA
Only in scratch_amanda,07107dc9,-11.405040879597992,-37.401417028323664,SANTA LUZIA DO ITANHY,,BRA,0.0,anchorage_overrides,,,,,,0,,,0,,,BRA
Only in scratch_amanda,07107c4b,-11.394801964698086,-37.40675714959255,SANTA LUZIA DO ITANHY,,BRA,0.0,anchorage_overrides,,,,,,0,,,0,,,BRA
Only in scratch_amanda,07107c37,-11.390869246081133,-37.401417028323664,SANTA LUZIA DO ITANHY,,BRA,0.0,anchorage_overrides,,,,,,0,,,0,,,BRA
Only in scratch_amanda,07107dad,-11.397943024265771,-37.41743618590488,SANTA LUZIA DO ITANHY,,BRA,0.0,anchorage_overrides,,,,,,0,,,0,,,BRA
Only in scratch_amanda,07107c35,-11.3955928464372,-37.401417028323664,SANTA LUZIA DO ITANHY,,BRA,0.0,anchorage_overrides,,,,,,0,,,0,,,BRA
Only in scratch_amanda,07107dab,-11.397151708506932,-37.42277510078122,SANTA LUZIA DO ITANHY,,BRA,0.0,anchorage_overrides,,,,,,0,,,0,,,BRA
Only in scratch_amanda,07107c4d,-11.394011041719033,-37.412096868814125,SANTA LUZIA DO ITANHY,,BRA,0.0,anchorage_overrides,,,,,,0,,,0,,,BRA
Only in scratch_amanda,07107c49,-11.390078674707883,-37.40675714959255,SANTA LUZIA DO ITANHY,,BRA,0.0,anchorage_overrides,,,,,,0,,,0,,,BRA
Only in scratch_amanda,07107db7,-11.404249377136969,-37.40675714959255,SANTA LUZIA DO ITANHY,,BRA,0.0,anchorage_overrides,,,,,,0,,,0,,,BRA
Only in scratch_amanda,07107da9,-11.401874622239609,-37.422775100781216,SANTA LUZIA DO ITANHY,,BRA,0.0,anchorage_overrides,,,,,,0,,,0,,,BRA
Only in scratch_amanda,07107c51,-11.388497408341566,-37.41743618590488,SANTA LUZIA DO ITANHY,,BRA,0.0,anchorage_overrides,,,,,,0,,,0,,,BRA
Only in scratch_amanda,bdb2eeeb,-53.39333333333333,-70.335,SANTA MARIA,,CHL,0.0,anchorage_overrides,,,,,,0,,,0,,,CHL
Only in scratch_amanda,904cfb35,-6.878065,-79.92394857142857,SANTA ROSA,,PER,0.0,anchorage_overrides,,,,,,0,,,0,,,PER
Only in scratch_amanda,9621da7b,-43.05294444444444,-73.59594444444444,SANTA ROSA,,CHL,0.0,anchorage_overrides,,,,,,0,,,0,,,CHL
Only in scratch_amanda,904ce4b3,-6.884823975155279,-79.91548397515528,SANTA ROSA,,PER,0.0,anchorage_overrides,,,,,,0,,,0,,,PER
Only in scratch_amanda,94ce1adb,-23.90699203799523,-46.37446641453979,SANTOS,,BRA,0.0,anchorage_overrides,,,,,,0,,,0,,,BRA
Only in scratch_amanda,94ce04e9,-23.914125796003088,-46.340879801221774,SANTOS,,BRA,0.0,anchorage_overrides,,,,,,0,,,0,,,BRA
Only in scratch_amanda,94ce039d,-23.94533011357658,-46.3216977553374,SANTOS,,BRA,0.0,anchorage_overrides,,,,,,0,,,0,,,BRA
Only in scratch_amanda,94ce1013,-23.865921264788923,-46.37926637529364,SANTOS,,BRA,0.0,anchorage_overrides,,,,,,0,,,0,,,BRA
Only in scratch_amanda,94ce1abd,-23.889680005124728,-46.37926637529364,SANTOS,,BRA,0.0,anchorage_overrides,,,,,,0,,,0,,,BRA
Only in scratch_amanda,94ce03c1,-23.948032034299658,-46.30252320580033,SANTOS,,BRA,0.0,anchorage_overrides,,,,,,0,,,0,,,BRA
Only in scratch_amanda,94ce03c3,-23.946333149813444,-46.29773073991646,SANTOS,,BRA,0.0,anchorage_overrides,,,,,,0,,,0,,,BRA
Only in scratch_amanda,94ce038b,-23.93073955326237,-46.30731614031044,SANTOS,,BRA,0.0,anchorage_overrides,,,,,,0,,,0,,,BRA
Only in scratch_amanda,94ce03a5,-23.95787685246972,-46.31690341510509,SANTOS,,BRA,0.0,anchorage_overrides,,,,,,0,,,0,,,BRA
Only in scratch_amanda,94ce03db,-23.949381295177197,-46.29293874268486,SANTOS,,BRA,0.0,anchorage_overrides,,,,,,0,,,0,,,BRA
Only in scratch_amanda,94ce052b,-23.90665793563152,-46.36006934177136,SANTOS,,BRA,0.0,anchorage_overrides,,,,,,0,,,0,,,BRA
Only in scratch_amanda,94d1fe09,-24.00768745738299,-46.28335615428239,SANTOS,,BRA,0.0,anchorage_overrides,,,,,,0,,,0,,,BRA
Only in scratch_amanda,94ce049d,-23.93617663591871,-46.33608358705994,SANTOS,,BRA,0.0,anchorage_overrides,,,,,,0,,,0,,,BRA
Only in scratch_amanda,94ce0381,-23.935832906273056,-46.3216977553374,SANTOS,,BRA,0.0,anchorage_overrides,,,,,,0,,,0,,,BRA
Only in scratch_amanda,94ce0203,-23.990403057707365,-46.28814721413153,SANTOS,,BRA,0.0,anchorage_overrides,,,,,,0,,,0,,,BRA
Only in scratch_amanda,94ce01ed,-23.97580647202301,-46.27377544080022,SANTOS,,BRA,0.0,anchorage_overrides,,,,,,0,,,0,,,BRA
Only in scratch_amanda,94ce0399,-23.948380188420643,-46.31690341510509,SANTOS,,BRA,0.0,anchorage_overrides,,,,,,0,,,0,,,BRA
Only in scratch_amanda,94ce03b3,-23.965673927511073,-46.31210954342071,SANTOS,,BRA,0.0,anchorage_overrides,,,,,,0,,,0,,,BRA
Only in scratch_amanda,94ce04b5,-23.93041133924604,-46.36006934177136,SANTOS,,BRA,0.0,anchorage_overrides,,,,,,0,,,0,,,BRA
Only in scratch_amanda,94d1fe07,-24.002940990470975,-46.28335615428239,SANTOS,,BRA,0.0,anchorage_overrides,,,,,,0,,,0,,,BRA
Only in scratch_amanda,94ce04ef,-23.912429677258544,-46.33608358705994,SANTOS,,BRA,0.0,anchorage_overrides,,,,,,0,,,0,,,BRA
Only in scratch_amanda,94d1fdff,-23.99989653342299,-46.28814721413153,SANTOS,,BRA,0.0,anchorage_overrides,,,,,,0,,,0,,,BRA
Only in scratch_amanda,94ce023d,-23.979564205826225,-46.29773073991646,SANTOS,,BRA,0.0,anchorage_overrides,,,,,,0,,,0,,,BRA
Only in scratch_amanda,94ce0475,-23.92599170506063,-46.307316140310434,SANTOS,,BRA,0.0,anchorage_overrides,,,,,,0,,,0,,,BRA
Only in scratch_amanda,94ce1aaf,-23.881541033233923,-46.369666922017075,SANTOS,,BRA,0.0,anchorage_overrides,,,,,,0,,,0,,,BRA
Only in scratch_amanda,94ce024b,-23.968722137267736,-46.30731614031044,SANTOS,,BRA,0.0,anchorage_overrides,,,,,,0,,,0,,,BRA
Only in scratch_amanda,94ce03e9,-23.941585832568652,-46.29773073991646,SANTOS,,BRA,0.0,anchorage_overrides,,,,,,0,,,0,,,BRA
Only in scratch_amanda,94ce1b25,-23.92124640359175,-46.37446641453979,SANTOS,,BRA,0.0,anchorage_overrides,,,,,,0,,,0,,,BRA
Only in scratch_amanda,94ce01fd,-23.991746246060167,-46.27856556316335,SANTOS,,BRA,0.0,anchorage_overrides,,,,,,0,,,0,,,BRA
Only in scratch_amanda,94ce04dd,-23.91107197033848,-46.34567648380025,SANTOS,,BRA,0.0,anchorage_overrides,,,,,,0,,,0,,,BRA
Only in scratch_amanda,94d1fde3,-24.00938998188852,-46.28814721413152,SANTOS,,BRA,0.0,anchorage_overrides,,,,,,0,,,0,,,BRA
Only in scratch_amanda,94ce04db,-23.91276777892993,-46.350473634768946,SANTOS,,BRA,0.0,anchorage_overrides,,,,,,0,,,0,,,BRA
Only in scratch_amanda,94ce0499,-23.93312439218024,-46.34087980122177,SANTOS,,BRA,0.0,anchorage_overrides,,,,,,0,,,0,,,BRA
Only in scratch_amanda,94ce1aa5,-23.883234663550237,-46.37446641453979,SANTOS,,BRA,0.0,anchorage_overrides,,,,,,0,,,0,,,BRA
Only in scratch_amanda,94d1fe03,-23.996492472627143,-46.27856556316334,SANTOS,,BRA,0.0,anchorage_overrides,,,,,,0,,,0,,,BRA
Only in scratch_amanda,94ce01f5,-23.97920855494134,-46.28335615428239,SANTOS,,BRA,0.0,anchorage_overrides,,,,,,0,,,0,,,BRA
Only in scratch_amanda,94ce04e5,-23.907680270035456,-46.33608358705994,SANTOS,,BRA,0.0,anchorage_overrides,,,,,,0,,,0,,,BRA
Only in scratch_amanda,94ce1ad7,-23.91004833876054,-46.369666922017075,SANTOS,,BRA,0.0,anchorage_overrides,,,,,,0,,,0,,,BRA
Only in scratch_amanda,94ce03f3,-23.93378930242505,-46.30252320580033,SANTOS,,BRA,0.0,anchorage_overrides,,,,,,0,,,0,,,BRA
Only in scratch_amanda,94ce0393,-23.94023523348033,-46.30731614031044,SANTOS,,BRA,0.0,anchorage_overrides,,,,,,0,,,0,,,BRA
Only in scratch_amanda,94ce03c7,-23.95277960027957,-46.302523205800334,SANTOS,,BRA,0.0,anchorage_overrides,,,,,,0,,,0,,,BRA
Only in scratch_amanda,94ce0379,-23.94227949657372,-46.32649256409147,SANTOS,,BRA,0.0,anchorage_overrides,,,,,,0,,,0,,,BRA
Only in scratch_amanda,94ce046f,-23.91819304079,-46.31210954342071,SANTOS,,BRA,0.0,anchorage_overrides,,,,,,0,,,0,,,BRA
Only in scratch_amanda,94ce1b33,-23.9226059731393,-46.36486789775205,SANTOS,,BRA,0.0,anchorage_overrides,,,,,,0,,,0,,,BRA
Only in scratch_amanda,94ce022b,-23.961922475252848,-46.28814721413153,SANTOS,,BRA,0.0,anchorage_overrides,,,,,,0,,,0,,,BRA
Only in scratch_amanda,94ce1005,-23.86728731927432,-46.369666922017075,SANTOS,,BRA,0.0,anchorage_overrides,,,,,,0,,,0,,,BRA
Only in scratch_amanda,94ce04ed,-23.917179079454804,-46.33608358705994,SANTOS,,BRA,0.0,anchorage_overrides,,,,,,0,,,0,,,BRA
Only in scratch_amanda,94ce018b,-23.974462048358276,-46.28335615428239,SANTOS,,BRA,0.0,anchorage_overrides,,,,,,0,,,0,,,BRA
Only in scratch_amanda,94ce01e9,-23.97885112766536,-46.268985787218895,SANTOS,,BRA,0.0,anchorage_overrides,,,,,,0,,,0,,,BRA
Only in scratch_amanda,94ce04b9,-23.927018277665905,-46.350473634768946,SANTOS,,BRA,0.0,anchorage_overrides,,,,,,0,,,0,,,BRA
Only in scratch_amanda,94ce04cb,-23.92566066904581,-46.36006934177136,SANTOS,,BRA,0.0,anchorage_overrides,,,,,,0,,,0,,,BRA
Only in scratch_amanda,94ce039f,-23.950078708719225,-46.3216977553374,SANTOS,,BRA,0.0,anchorage_overrides,,,,,,0,,,0,,,BRA
Only in scratch_amanda,94ce1b31,-23.924301924777563,-46.369666922017075,SANTOS,,BRA,0.0,anchorage_overrides,,,,,,0,,,0,,,BRA
Only in scratch_amanda,94ce04eb,-23.918875452914595,-46.340879801221774,SANTOS,,BRA,0.0,anchorage_overrides,,,,,,0,,,0,,,BRA
Only in scratch_amanda,94ce1aa1,-23.8801765221509,-46.37926637529363,SANTOS,,BRA,0.0,anchorage_overrides,,,,,,0,,,0,,,BRA
Only in scratch_amanda,94ce1aad,-23.879847375018183,-46.364867897752056,SANTOS,,BRA,0.0,anchorage_overrides,,,,,,0,,,0,,,BRA
Only in scratch_amanda,94ce1aab,-23.875096396383857,-46.36486789775205,SANTOS,,BRA,0.0,anchorage_overrides,,,,,,0,,,0,,,BRA
Only in scratch_amanda,94d1fe05,-24.001238692475763,-46.27856556316335,SANTOS,,BRA,0.0,anchorage_overrides,,,,,,0,,,0,,,BRA
Only in scratch_amanda,94ce03b5,-23.9639743348248,-46.30731614031044,SANTOS,,BRA,0.0,anchorage_overrides,,,,,,0,,,0,,,BRA
Only in scratch_amanda,94ce1ad1,-23.90529713319064,-46.369666922017075,SANTOS,,BRA,0.0,anchorage_overrides,,,,,,0,,,0,,,BRA
Only in scratch_amanda,94ce04bd,-23.930071606110328,-46.34567648380025,SANTOS,,BRA,0.0,anchorage_overrides,,,,,,0,,,0,,,BRA
Only in scratch_amanda,94ce1ab1,-23.886292262496973,-46.369666922017075,SANTOS,,BRA,0.0,anchorage_overrides,,,,,,0,,,0,,,BRA
Only in scratch_amanda,94ce0483,-23.934479216347754,-46.331287841341066,SANTOS,,BRA,0.0,anchorage_overrides,,,,,,0,,,0,,,BRA
Only in scratch_amanda,94ce03d3,-23.958875392145565,-46.29293874268486,SANTOS,,BRA,0.0,anchorage_overrides,,,,,,0,,,0,,,BRA
Only in scratch_amanda,94ce0189,-23.969715535521782,-46.28335615428239,SANTOS,,BRA,0.0,anchorage_overrides,,,,,,0,,,0,,,BRA
Only in scratch_amanda,94ce1aa3,-23.884928265899784,-46.37926637529364,SANTOS,,BRA,0.0,anchorage_overrides,,,,,,0,,,0,,,BRA
Only in scratch_amanda,94ce038d,-23.935487396103117,-46.30731614031044,SANTOS,,BRA,0.0,anchorage_overrides,,,,,,0,,,0,,,BRA
Only in scratch_amanda,94ce048d,-23.920231820736575,-46.331287841341066,SANTOS,,BRA,0.0,anchorage_overrides,,,,,,0,,,0,,,BRA
Only in scratch_amanda,94ce0479,-23.92938679199256,-46.31690341510509,SANTOS,,BRA,0.0,anchorage_overrides,,,,,,0,,,0,,,BRA
Only in scratch_amanda,94ce1011,-23.864228682789737,-46.37446641453979,SANTOS,,BRA,0.0,anchorage_overrides,,,,,,0,,,0,,,BRA
Only in scratch_amanda,94ce1b29,-23.9147995392835,-46.369666922017075,SANTOS,,BRA,0.0,anchorage_overrides,,,,,,0,,,0,,,BRA
Only in scratch_amanda,94ce04bf,-23.925321705053623,-46.34567648380025,SANTOS,,BRA,0.0,anchorage_overrides,,,,,,0,,,0,,,BRA
Only in scratch_amanda,94ce018d,-23.97276127465637,-46.27856556316335,SANTOS,,BRA,0.0,anchorage_overrides,,,,,,0,,,0,,,BRA
Only in scratch_amanda,94d1fe01,-23.998194516691132,-46.28335615428239,SANTOS,,BRA,0.0,anchorage_overrides,,,,,,0,,,0,,,BRA
Only in scratch_amanda,94ce1abb,-23.887986147804643,-46.37446641453979,SANTOS,,BRA,0.0,anchorage_overrides,,,,,,0,,,0,,,BRA
Only in scratch_amanda,94ce03eb,-23.9432844625956,-46.30252320580033,SANTOS,,BRA,0.0,anchorage_overrides,,,,,,0,,,0,,,BRA
Only in scratch_amanda,94ce03cf,-23.955827767168948,-46.29773073991646,SANTOS,,BRA,0.0,anchorage_overrides,,,,,,0,,,0,,,BRA
Only in scratch_amanda,94ce1a99,-23.88662184021519,-46.38406680425186,SANTOS,,BRA,0.0,anchorage_overrides,,,,,,0,,,0,,,BRA
Only in scratch_amanda,94ce01f1,-23.982253773180677,-46.27856556316334,SANTOS,,BRA,0.0,anchorage_overrides,,,,,,0,,,0,,,BRA
Only in scratch_amanda,94ce0487,-23.928032897179897,-46.32649256409147,SANTOS,,BRA,0.0,anchorage_overrides,,,,,,0,,,0,,,BRA
Only in scratch_amanda,94ce0461,-23.916838426465272,-46.3216977553374,SANTOS,,BRA,0.0,anchorage_overrides,,,,,,0,,,0,,,BRA
Only in scratch_amanda,94ce04d1,-23.914463559724865,-46.35527125410147,SANTOS,,BRA,0.0,anchorage_overrides,,,,,,0,,,0,,,BRA
Only in scratch_amanda,94ce01eb,-23.97410538985894,-46.268985787218895,SANTOS,,BRA,0.0,anchorage_overrides,,,,,,0,,,0,,,BRA
Only in scratch_amanda,94ce01ff,-23.99344803614586,-46.283356154282394,SANTOS,,BRA,0.0,anchorage_overrides,,,,,,0,,,0,,,BRA
Only in scratch_amanda,94ce03ed,-23.938536885269887,-46.30252320580033,SANTOS,,BRA,0.0,anchorage_overrides,,,,,,0,,,0,,,BRA
Only in scratch_amanda,94ce020d,-23.995507419600028,-46.30252320580033,SANTOS,,BRA,0.0,anchorage_overrides,,,,,,0,,,0,,,BRA
Only in scratch_amanda,94ce04a3,-23.93482150173841,-46.34567648380025,SANTOS,,BRA,0.0,anchorage_overrides,,,,,,0,,,0,,,BRA
Only in scratch_amanda,94ce0215,-23.986012393252675,-46.30252320580033,SANTOS,,BRA,0.0,anchorage_overrides,,,,,,0,,,0,,,BRA
Only in scratch_amanda,94ce01e3,-23.99004442873057,-46.27377544080022,SANTOS,,BRA,0.0,anchorage_overrides,,,,,,0,,,0,,,BRA
Only in scratch_amanda,94ce01ef,-23.980552463990488,-46.27377544080022,SANTOS,,BRA,0.0,anchorage_overrides,,,,,,0,,,0,,,BRA
Only in scratch_amanda,94ce1aa9,-23.876789799540596,-46.369666922017075,SANTOS,,BRA,0.0,anchorage_overrides,,,,,,0,,,0,,,BRA
Only in scratch_amanda,94ce03a3,-23.95312852337772,-46.31690341510509,SANTOS,,BRA,0.0,anchorage_overrides,,,,,,0,,,0,,,BRA
Only in scratch_amanda,94ce048b,-23.918535137362028,-46.32649256409147,SANTOS,,BRA,0.0,anchorage_overrides,,,,,,0,,,0,,,BRA
Only in scratch_amanda,94ce03b1,-23.960925864712745,-46.31210954342072,SANTOS,,BRA,0.0,anchorage_overrides,,,,,,0,,,0,,,BRA
Only in scratch_amanda,94ce037d,-23.93922833736882,-46.331287841341066,SANTOS,,BRA,0.0,anchorage_overrides,,,,,,0,,,0,,,BRA
Only in scratch_amanda,94ce04d5,-23.911408626671665,-46.36006934177136,SANTOS,,BRA,0.0,anchorage_overrides,,,,,,0,,,0,,,BRA
Only in scratch_amanda,94ce0383,-23.940581512727004,-46.3216977553374,SANTOS,,BRA,0.0,anchorage_overrides,,,,,,0,,,0,,,BRA
Only in scratch_amanda,94ce0201,-23.99514979892024,-46.28814721413153,SANTOS,,BRA,0.0,anchorage_overrides,,,,,,0,,,0,,,BRA
Only in scratch_amanda,94ce03c5,-23.951080461381043,-46.29773073991646,SANTOS,,BRA,0.0,anchorage_overrides,,,,,,0,,,0,,,BRA
Only in scratch_amanda,94ce03bb,-23.95617779589126,-46.31210954342071,SANTOS,,BRA,0.0,anchorage_overrides,,,,,,0,,,0,,,BRA
Only in scratch_amanda,94ce04c3,-23.91582188706503,-46.345676483800254,SANTOS,,BRA,0.0,anchorage_overrides,,,,,,0,,,0,,,BRA
Only in scratch_amanda,94ce1ad5,-23.908353151174527,-46.36486789775205,SANTOS,,BRA,0.0,anchorage_overrides,,,,,,0,,,0,,,BRA
Only in scratch_amanda,94ce0217,-23.98431147478395,-46.29773073991646,SANTOS,,BRA,0.0,anchorage_overrides,,,,,,0,,,0,,,BRA
Only in scratch_amanda,94ce039b,-23.943631847701024,-46.31690341510509,SANTOS,,BRA,0.0,anchorage_overrides,,,,,,0,,,0,,,BRA
Only in scratch_amanda,94ce01e5,-23.9852984495938,-46.27377544080022,SANTOS,,BRA,0.0,anchorage_overrides,,,,,,0,,,0,,,BRA
Only in scratch_amanda,94ce04e7,-23.909376134017872,-46.34087980122177,SANTOS,,BRA,0.0,anchorage_overrides,,,,,,0,,,0,,,BRA
Only in scratch_amanda,94ce03f5,-23.92904171416361,-46.30252320580033,SANTOS,,BRA,0.0,anchorage_overrides,,,,,,0,,,0,,,BRA
Only in scratch_amanda,94d1fe0f,-24.00598490550365,-46.27856556316335,SANTOS,,BRA,0.0,anchorage_overrides,,,,,,0,,,0,,,BRA
Only in scratch_amanda,94ce01fb,-23.98700001287722,-46.27856556316334,SANTOS,,BRA,0.0,anchorage_overrides,,,,,,0,,,0,,,BRA
Only in scratch_amanda,94ce0213,-23.9907599097496,-46.30252320580033,SANTOS,,BRA,0.0,anchorage_overrides,,,,,,0,,,0,,,BRA
Only in scratch_amanda,94ce0465,-23.919890061254595,-46.31690341510509,SANTOS,,BRA,0.0,anchorage_overrides,,,,,,0,,,0,,,BRA
Only in scratch_amanda,94ce0473,-23.921243851600437,-46.30731614031044,SANTOS,,BRA,0.0,anchorage_overrides,,,,,,0,,,0,,,BRA
Only in scratch_amanda,94ce1b2b,-23.913104096966492,-46.36486789775205,SANTOS,,BRA,0.0,anchorage_overrides,,,,,,0,,,0,,,BRA
Only in scratch_amanda,94ce1001,-23.870345413468847,-46.364867897752056,SANTOS,,BRA,0.0,anchorage_overrides,,,,,,0,,,0,,,BRA
Only in scratch_amanda,94ce03d1,-23.954128346578983,-46.29293874268486,SANTOS,,BRA,0.0,anchorage_overrides,,,,,,0,,,0,,,BRA
Only in scratch_amanda,94ce04d7,-23.909713128466382,-46.35527125410147,SANTOS,,BRA,0.0,anchorage_overrides,,,,,,0,,,0,,,BRA
Only in scratch_amanda,94ce1073,-23.872365830677943,-46.384066804251866,SANTOS,,BRA,0.0,anchorage_overrides,,,,,,0,,,0,,,BRA
Only in scratch_amanda,94ce023b,-23.974816930473978,-46.29773073991646,SANTOS,,BRA,0.0,anchorage_overrides,,,,,,0,,,0,,,BRA
Only in scratch_amanda,94ce01e1,-23.988342584224423,-46.268985787218895,SANTOS,,BRA,0.0,anchorage_overrides,,,,,,0,,,0,,,BRA
Only in scratch_amanda,94ce1a9f,-23.88186984146977,-46.38406680425186,SANTOS,,BRA,0.0,anchorage_overrides,,,,,,0,,,0,,,BRA
Only in scratch_amanda,94ce1ad3,-23.90360220038251,-46.364867897752056,SANTOS,,BRA,0.0,anchorage_overrides,,,,,,0,,,0,,,BRA
Only in scratch_amanda,94ce04f3,-23.915482678358934,-46.331287841341066,SANTOS,,BRA,0.0,anchorage_overrides,,,,,,0,,,0,,,BRA
Only in scratch_amanda,94ce0471,-23.922941154105345,-46.31210954342072,SANTOS,,BRA,0.0,anchorage_overrides,,,,,,0,,,0,,,BRA
Only in scratch_amanda,94ce0385,-23.938883501321435,-46.316903415105095,SANTOS,,BRA,0.0,anchorage_overrides,,,,,,0,,,0,,,BRA
Only in scratch_amanda,94ce01f7,-23.98395505516856,-46.28335615428239,SANTOS,,BRA,0.0,anchorage_overrides,,,,,,0,,,0,,,BRA
Only in scratch_amanda,94ce0211,-23.9890587372447,-46.29773073991647,SANTOS,,BRA,0.0,anchorage_overrides,,,,,,0,,,0,,,BRA
Only in scratch_amanda,94ce0463,-23.92158705431084,-46.32169775533739,SANTOS,,BRA,0.0,anchorage_overrides,,,,,,0,,,0,,,BRA
Only in scratch_amanda,94ce037f,-23.93753063562365,-46.32649256409147,SANTOS,,BRA,0.0,anchorage_overrides,,,,,,0,,,0,,,BRA
Only in scratch_amanda,94ce1b35,-23.927356903314685,-46.36486789775205,SANTOS,,BRA,0.0,anchorage_overrides,,,,,,0,,,0,,,BRA
Only in scratch_amanda,94ce023f,-23.981264870211714,-46.30252320580033,SANTOS,,BRA,0.0,anchorage_overrides,,,,,,0,,,0,,,BRA
Only in scratch_amanda,94ce01e7,-23.98359685915464,-46.268985787218895,SANTOS,,BRA,0.0,anchorage_overrides,,,,,,0,,,0,,,BRA
Only in scratch_amanda,94ce01f3,-23.977507527072923,-46.27856556316335,SANTOS,,BRA,0.0,anchorage_overrides,,,,,,0,,,0,,,BRA
Only in scratch_amanda,94ce1075,-23.877117838256407,-46.384066804251866,SANTOS,,BRA,0.0,anchorage_overrides,,,,,,0,,,0,,,BRA
Only in scratch_amanda,94ce0187,-23.964969016534287,-46.28335615428239,SANTOS,,BRA,0.0,anchorage_overrides,,,,,,0,,,0,,,BRA
Only in scratch_amanda,94ce03d5,-23.95717568993689,-46.28814721413153,SANTOS,,BRA,0.0,anchorage_overrides,,,,,,0,,,0,,,BRA
Only in scratch_amanda,94ce04b7,-23.928714822419167,-46.35527125410147,SANTOS,,BRA,0.0,anchorage_overrides,,,,,,0,,,0,,,BRA
Only in scratch_amanda,94ce04c9,-23.92396440680396,-46.35527125410146,SANTOS,,BRA,0.0,anchorage_overrides,,,,,,0,,,0,,,BRA
Only in scratch_amanda,96bd4007,-26.954380555555556,-70.80084166666667,SANTUARIO DE LA NATURALEZA,,CHL,0.0,anchorage_overrides,,,,,,0,,,0,,,CHL
Only in scratch_amanda,92a6615d,-0.7247306919785802,-48.01837047054852,SAO CAETANO DE ODIVELAS,,BRA,0.0,anchorage_overrides,,,,,,0,,,0,,,BRA
Only in scratch_amanda,92a6616f,-0.7212902498840092,-48.02828287149566,SAO CAETANO DE ODIVELAS,,BRA,0.0,anchorage_overrides,,,,,,0,,,0,,,BRA
Only in scratch_amanda,92a66165,-0.7248434901852137,-48.02828287149566,SAO CAETANO DE ODIVELAS,,BRA,0.0,anchorage_overrides,,,,,,0,,,0,,,BRA
Only in scratch_amanda,92a6616d,-0.7177374271409345,-48.02828287149567,SAO CAETANO DE ODIVELAS,,BRA,0.0,anchorage_overrides,,,,,,0,,,0,,,BRA
Only in scratch_amanda,92a66169,-0.7212341273071919,-48.02332644260037,SAO CAETANO DE ODIVELAS,,BRA,0.0,anchorage_overrides,,,,,,0,,,0,,,BRA
Only in scratch_amanda,92a66171,-0.7213463722341035,-48.03323975719342,SAO CAETANO DE ODIVELAS,,BRA,0.0,anchorage_overrides,,,,,,0,,,0,,,BRA
Only in scratch_amanda,92a66173,-0.7177932731100118,-48.03323975719342,SAO CAETANO DE ODIVELAS,,BRA,0.0,anchorage_overrides,,,,,,0,,,0,,,BRA
Only in scratch_amanda,92a6613b,-0.7104671532098731,-48.01341495538106,SAO CAETANO DE ODIVELAS,,BRA,0.0,anchorage_overrides,,,,,,0,,,0,,,BRA
Only in scratch_amanda,92a66145,-0.7211218814828929,-48.01341495538106,SAO CAETANO DE ODIVELAS,,BRA,0.0,anchorage_overrides,,,,,,0,,,0,,,BRA
Only in scratch_amanda,92a66143,-0.7211780045060278,-48.01837047054852,SAO CAETANO DE ODIVELAS,,BRA,0.0,anchorage_overrides,,,,,,0,,,0,,,BRA
Only in scratch_amanda,92a66115,-0.7141294521411251,-48.02332644260037,SAO CAETANO DE ODIVELAS,,BRA,0.0,anchorage_overrides,,,,,,0,,,0,,,BRA
Only in scratch_amanda,92a6613d,-0.7105224471747795,-48.01837047054852,SAO CAETANO DE ODIVELAS,,BRA,0.0,anchorage_overrides,,,,,,0,,,0,,,BRA
Only in scratch_amanda,92a6615b,-0.7246742925394527,-48.01341495538106,SAO CAETANO DE ODIVELAS,,BRA,0.0,anchorage_overrides,,,,,,0,,,0,,,BRA
Only in scratch_amanda,92a6610d,-0.7142405916049607,-48.03323975719342,SAO CAETANO DE ODIVELAS,,BRA,0.0,anchorage_overrides,,,,,,0,,,0,,,BRA
Only in scratch_amanda,92a66163,-0.7283971480152425,-48.02828287149566,SAO CAETANO DE ODIVELAS,,BRA,0.0,anchorage_overrides,,,,,,0,,,0,,,BRA
Only in scratch_amanda,92a66111,-0.710633034446296,-48.02828287149566,SAO CAETANO DE ODIVELAS,,BRA,0.0,anchorage_overrides,,,,,,0,,,0,,,BRA
Only in scratch_amanda,92a66113,-0.7141850219852744,-48.02828287149566,SAO CAETANO DE ODIVELAS,,BRA,0.0,anchorage_overrides,,,,,,0,,,0,,,BRA
Only in scratch_amanda,92a66161,-0.7283404725792789,-48.02332644260037,SAO CAETANO DE ODIVELAS,,BRA,0.0,anchorage_overrides,,,,,,0,,,0,,,BRA
Only in scratch_amanda,92a66139,-0.7140183117888477,-48.01341495538106,SAO CAETANO DE ODIVELAS,,BRA,0.0,anchorage_overrides,,,,,,0,,,0,,,BRA
Only in scratch_amanda,92a66141,-0.7176257345283658,-48.01837047054852,SAO CAETANO DE ODIVELAS,,BRA,0.0,anchorage_overrides,,,,,,0,,,0,,,BRA
Only in scratch_amanda,92a6613f,-0.7140738820748654,-48.01837047054851,SAO CAETANO DE ODIVELAS,,BRA,0.0,anchorage_overrides,,,,,,0,,,0,,,BRA
Only in scratch_amanda,92a66147,-0.7175698878896027,-48.01341495538106,SAO CAETANO DE ODIVELAS,,BRA,0.0,anchorage_overrides,,,,,,0,,,0,,,BRA
Only in scratch_amanda,92a66167,-0.7247870911946294,-48.02332644260037,SAO CAETANO DE ODIVELAS,,BRA,0.0,anchorage_overrides,,,,,,0,,,0,,,BRA
Only in scratch_amanda,92a6615f,-0.728283796916731,-48.01837047054852,SAO CAETANO DE ODIVELAS,,BRA,0.0,anchorage_overrides,,,,,,0,,,0,,,BRA
Only in scratch_amanda,92a66117,-0.7105777409210343,-48.02332644260037,SAO CAETANO DE ODIVELAS,,BRA,0.0,anchorage_overrides,,,,,,0,,,0,,,BRA
Only in scratch_amanda,92a6616b,-0.7176815809462642,-48.02332644260037,SAO CAETANO DE ODIVELAS,,BRA,0.0,anchorage_overrides,,,,,,0,,,0,,,BRA
Only in scratch_amanda,00999b45,-22.829927114738037,-43.08503396175311,SAO GONCALO,,BRA,0.0,anchorage_overrides,,,,,,0,,,0,,,BRA
Only in scratch_amanda,00999b51,-22.83308294834886,-43.08988572112382,SAO GONCALO,,BRA,0.0,anchorage_overrides,,,,,,0,,,0,,,BRA
Only in scratch_amanda,00999cab,-22.834614826835367,-43.09958784476808,SAO GONCALO,,BRA,0.0,anchorage_overrides,,,,,,0,,,0,,,BRA
Only in scratch_amanda,00999b69,-22.820369322404034,-43.08503396175311,SAO GONCALO,,BRA,0.0,anchorage_overrides,,,,,,0,,,0,,,BRA
Only in scratch_amanda,00999c9f,-22.8155023470085,-43.09958784476808,SAO GONCALO,,BRA,0.0,anchorage_overrides,,,,,,0,,,0,,,BRA
Only in scratch_amanda,00999b55,-22.836238240308933,-43.094737015472525,SAO GONCALO,,BRA,0.0,anchorage_overrides,,,,,,0,,,0,,,BRA
Only in scratch_amanda,00999b43,-22.825148209760044,-43.08503396175311,SAO GONCALO,,BRA,0.0,anchorage_overrides,,,,,,0,,,0,,,BRA
Only in scratch_amanda,00999b61,-22.817124702098862,-43.094737015472525,SAO GONCALO,,BRA,0.0,anchorage_overrides,,,,,,0,,,0,,,BRA
Only in scratch_amanda,00999ca1,-22.820280440439003,-43.09958784476808,SAO GONCALO,,BRA,0.0,anchorage_overrides,,,,,,0,,,0,,,BRA
Only in scratch_amanda,00999cad,-22.832991383410587,-43.104438208979325,SAO GONCALO,,BRA,0.0,anchorage_overrides,,,,,,0,,,0,,,BRA
Only in scratch_amanda,00999b67,-22.818747027252748,-43.089885721123835,SAO GONCALO,,BRA,0.0,anchorage_overrides,,,,,,0,,,0,,,BRA
Only in scratch_amanda,00999ca7,-22.82505855162398,-43.09958784476808,SAO GONCALO,,BRA,0.0,anchorage_overrides,,,,,,0,,,0,,,BRA
Only in scratch_amanda,00999b57,-22.831459829401965,-43.094737015472525,SAO GONCALO,,BRA,0.0,anchorage_overrides,,,,,,0,,,0,,,BRA
Only in scratch_amanda,00999b5b,-22.828304290387685,-43.089885721123835,SAO GONCALO,,BRA,0.0,anchorage_overrides,,,,,,0,,,0,,,BRA
Only in scratch_amanda,00999ca9,-22.829836680457927,-43.09958784476808,SAO GONCALO,,BRA,0.0,anchorage_overrides,,,,,,0,,,0,,,BRA
Only in scratch_amanda,92a8b831,-0.7675946437044491,-47.16789753820791,SAO JOAO DE PIRABAS,,BRA,0.0,anchorage_overrides,,,,,,0,,,0,,,BRA
Only in scratch_amanda,92a8b9b7,-0.760752978173392,-47.182528007467624,SAO JOAO DE PIRABAS,,BRA,0.0,anchorage_overrides,,,,,,0,,,0,,,BRA
Only in scratch_amanda,92a8b9d3,-0.7712277536486819,-47.17765072112726,SAO JOAO DE PIRABAS,,BRA,0.0,anchorage_overrides,,,,,,0,,,0,,,BRA
Only in scratch_amanda,92a8b82b,-0.7746790613545786,-47.17277389802954,SAO JOAO DE PIRABAS,,BRA,0.0,anchorage_overrides,,,,,,0,,,0,,,BRA
Only in scratch_amanda,92a8b82d,-0.7711669233346374,-47.17277389802954,SAO JOAO DE PIRABAS,,BRA,0.0,anchorage_overrides,,,,,,0,,,0,,,BRA
Only in scratch_amanda,92a8b9b3,-0.7571822099936323,-47.177650721127264,SAO JOAO DE PIRABAS,,BRA,0.0,anchorage_overrides,,,,,,0,,,0,,,BRA
Only in scratch_amanda,92a8b9cb,-0.7642041585008863,-47.177650721127264,SAO JOAO DE PIRABAS,,BRA,0.0,anchorage_overrides,,,,,,0,,,0,,,BRA
Only in scratch_amanda,92a8b9cd,-0.7677157502589236,-47.177650721127264,SAO JOAO DE PIRABAS,,BRA,0.0,anchorage_overrides,,,,,,0,,,0,,,BRA
Only in scratch_amanda,92a8b82f,-0.7711060932119495,-47.16789753820791,SAO JOAO DE PIRABAS,,BRA,0.0,anchorage_overrides,,,,,,0,,,0,,,BRA
Only in scratch_amanda,92a8b827,-0.7745568473593866,-47.16302164169588,SAO JOAO DE PIRABAS,,BRA,0.0,anchorage_overrides,,,,,,0,,,0,,,BRA
Only in scratch_amanda,92a8b829,-0.7746179542596461,-47.16789753820791,SAO JOAO DE PIRABAS,,BRA,0.0,anchorage_overrides,,,,,,0,,,0,,,BRA
Only in scratch_amanda,92a8b833,-0.767655196886436,-47.17277389802953,SAO JOAO DE PIRABAS,,BRA,0.0,anchorage_overrides,,,,,,0,,,0,,,BRA
Only in scratch_amanda,92a8b84b,-0.7606329788189587,-47.17277389802954,SAO JOAO DE PIRABAS,,BRA,0.0,anchorage_overrides,,,,,,0,,,0,,,BRA
Only in scratch_amanda,92a8b839,-0.7640233296848081,-47.16302164169588,SAO JOAO DE PIRABAS,,BRA,0.0,anchorage_overrides,,,,,,0,,,0,,,BRA
Only in scratch_amanda,92a8b9b5,-0.7606929784029892,-47.177650721127264,SAO JOAO DE PIRABAS,,BRA,0.0,anchorage_overrides,,,,,,0,,,0,,,BRA
Only in scratch_amanda,92a8b825,-0.7710452632830677,-47.16302164169587,SAO JOAO DE PIRABAS,,BRA,0.0,anchorage_overrides,,,,,,0,,,0,,,BRA
Only in scratch_amanda,92a8b84f,-0.7570627647072807,-47.16789753820791,SAO JOAO DE PIRABAS,,BRA,0.0,anchorage_overrides,,,,,,0,,,0,,,BRA
Only in scratch_amanda,92a8b9cf,-0.767776303819473,-47.18252800746762,SAO JOAO DE PIRABAS,,BRA,0.0,anchorage_overrides,,,,,,0,,,0,,,BRA
Only in scratch_amanda,92a8b83b,-0.7675340907154022,-47.16302164169588,SAO JOAO DE PIRABAS,,BRA,0.0,anchorage_overrides,,,,,,0,,,0,,,BRA
Only in scratch_amanda,92a8b853,-0.7536124073793727,-47.17277389802954,SAO JOAO DE PIRABAS,,BRA,0.0,anchorage_overrides,,,,,,0,,,0,,,BRA
Only in scratch_amanda,92a8b847,-0.7605129802196842,-47.16302164169588,SAO JOAO DE PIRABAS,,BRA,0.0,anchorage_overrides,,,,,,0,,,0,,,BRA
Only in scratch_amanda,92a8b84d,-0.7571224872564895,-47.17277389802953,SAO JOAO DE PIRABAS,,BRA,0.0,anchorage_overrides,,,,,,0,,,0,,,BRA
Only in scratch_amanda,92a8b835,-0.7641438820384056,-47.17277389802954,SAO JOAO DE PIRABAS,,BRA,0.0,anchorage_overrides,,,,,,0,,,0,,,BRA
Only in scratch_amanda,92a8b9d5,-0.7747401686417227,-47.17765072112726,SAO JOAO DE PIRABAS,,BRA,0.0,anchorage_overrides,,,,,,0,,,0,,,BRA
Only in scratch_amanda,92a8b837,-0.7640836057655706,-47.16789753820791,SAO JOAO DE PIRABAS,,BRA,0.0,anchorage_overrides,,,,,,0,,,0,,,BRA
Only in scratch_amanda,92a8b849,-0.7605729794237188,-47.16789753820791,SAO JOAO DE PIRABAS,,BRA,0.0,anchorage_overrides,,,,,,0,,,0,,,BRA
Only in scratch_amanda,92a8b845,-0.757003042348411,-47.16302164169588,SAO JOAO DE PIRABAS,,BRA,0.0,anchorage_overrides,,,,,,0,,,0,,,BRA
Only in scratch_amanda,92a8b9c9,-0.7642644351505842,-47.182528007467624,SAO JOAO DE PIRABAS,,BRA,0.0,anchorage_overrides,,,,,,0,,,0,,,BRA
Only in scratch_amanda,0700630b,-8.900097238271629,-35.15162869405375,SAO JOSE DA COROA GRANDE,,BRA,0.0,anchorage_overrides,,,,,,0,,,0,,,BRA
Only in scratch_amanda,0700639f,-8.905358959006318,-35.14612918707619,SAO JOSE DA COROA GRANDE,,BRA,0.0,anchorage_overrides,,,,,,0,,,0,,,BRA
Only in scratch_amanda,07006369,-8.887272499482552,-35.140629317357906,SAO JOSE DA COROA GRANDE,,BRA,0.0,anchorage_overrides,,,,,,0,,,0,,,BRA
Only in scratch_amanda,0700639d,-8.905951087382142,-35.140629317357906,SAO JOSE DA COROA GRANDE,,BRA,0.0,anchorage_overrides,,,,,,0,,,0,,,BRA
Only in scratch_amanda,0700636f,-8.891941643665502,-35.140629317357906,SAO JOSE DA COROA GRANDE,,BRA,0.0,anchorage_overrides,,,,,,0,,,0,,,BRA
Only in scratch_amanda,07006343,-8.882603690647937,-35.1406293173579,SAO JOSE DA COROA GRANDE,,BRA,0.0,anchorage_overrides,,,,,,0,,,0,,,BRA
Only in scratch_amanda,0700636b,-8.886681572849467,-35.14612918707619,SAO JOSE DA COROA GRANDE,,BRA,0.0,anchorage_overrides,,,,,,0,,,0,,,BRA
Only in scratch_amanda,07006377,-8.901280937707549,-35.140629317357906,SAO JOSE DA COROA GRANDE,,BRA,0.0,anchorage_overrides,,,,,,0,,,0,,,BRA
Only in scratch_amanda,07006313,-8.890759146020576,-35.151628694053755,SAO JOSE DA COROA GRANDE,,BRA,0.0,anchorage_overrides,,,,,,0,,,0,,,BRA
Only in scratch_amanda,07006371,-8.89661112310458,-35.140629317357906,SAO JOSE DA COROA GRANDE,,BRA,0.0,anchorage_overrides,,,,,,0,,,0,,,BRA
Only in scratch_amanda,07006315,-8.886090602715536,-35.151628694053755,SAO JOSE DA COROA GRANDE,,BRA,0.0,anchorage_overrides,,,,,,0,,,0,,,BRA
Only in scratch_amanda,07006373,-8.896019595611824,-35.14612918707619,SAO JOSE DA COROA GRANDE,,BRA,0.0,anchorage_overrides,,,,,,0,,,0,,,BRA
Only in scratch_amanda,07006375,-8.900689109776172,-35.14612918707619,SAO JOSE DA COROA GRANDE,,BRA,0.0,anchorage_overrides,,,,,,0,,,0,,,BRA
Only in scratch_amanda,0700636d,-8.891350416605514,-35.14612918707619,SAO JOSE DA COROA GRANDE,,BRA,0.0,anchorage_overrides,,,,,,0,,,0,,,BRA
Only in scratch_amanda,070063a1,-8.904766787033216,-35.151628694053755,SAO JOSE DA COROA GRANDE,,BRA,0.0,anchorage_overrides,,,,,,0,,,0,,,BRA
Only in scratch_amanda,0700630d,-8.895428024570009,-35.151628694053755,SAO JOSE DA COROA GRANDE,,BRA,0.0,anchorage_overrides,,,,,,0,,,0,,,BRA
Only in scratch_amanda,95119d6d,-32.05348961461957,-52.04008083933003,SAO JOSE DO NORTE,,BRA,0.0,anchorage_overrides,,,,,,0,,,0,,,BRA
Only in scratch_amanda,951183a3,-32.141208508854355,-52.08247528589073,SAO JOSE DO NORTE,,BRA,0.0,anchorage_overrides,,,,,,0,,,0,,,BRA
Only in scratch_amanda,95119e7b,-32.000762851778575,-52.05597568044806,SAO JOSE DO NORTE,,BRA,0.0,anchorage_overrides,,,,,,0,,,0,,,BRA
Only in scratch_amanda,95119d85,-32.03034292916541,-52.02948633078679,SAO JOSE DO NORTE,,BRA,0.0,anchorage_overrides,,,,,,0,,,0,,,BRA
Only in scratch_amanda,9511839f,-32.13821301327983,-52.087776436808966,SAO JOSE DO NORTE,,BRA,0.0,anchorage_overrides,,,,,,0,,,0,,,BRA
Only in scratch_amanda,95119d79,-32.040057448900356,-52.02948633078679,SAO JOSE DO NORTE,,BRA,0.0,anchorage_overrides,,,,,,0,,,0,,,BRA
Only in scratch_amanda,95119ddb,-32.013483968579294,-52.05067698973944,SAO JOSE DO NORTE,,BRA,0.0,anchorage_overrides,,,,,,0,,,0,,,BRA
Only in scratch_amanda,951183bb,-32.144203352662515,-52.077174544810845,SAO JOSE DO NORTE,,BRA,0.0,anchorage_overrides,,,,,,0,,,0,,,BRA
Only in scratch_amanda,95119ded,-32.01762791597252,-52.03478337978599,SAO JOSE DO NORTE,,BRA,0.0,anchorage_overrides,,,,,,0,,,0,,,BRA
Only in scratch_amanda,95119de1,-32.004910097533546,-52.04008083933003,SAO JOSE DO NORTE,,BRA,0.0,anchorage_overrides,,,,,,0,,,0,,,BRA
Only in scratch_amanda,95119d75,-32.04377525433261,-52.04008083933003,SAO JOSE DO NORTE,,BRA,0.0,anchorage_overrides,,,,,,0,,,0,,,BRA
Only in scratch_amanda,95119d93,-32.02248600375181,-52.03478337978599,SAO JOSE DO NORTE,,BRA,0.0,anchorage_overrides,,,,,,0,,,0,,,BRA
Only in scratch_amanda,951183ad,-32.13562744838535,-52.06657429248088,SAO JOSE DO NORTE,,BRA,0.0,anchorage_overrides,,,,,,0,,,0,,,BRA
Only in scratch_amanda,95119d91,-32.027343898880254,-52.03478337978599,SAO JOSE DO NORTE,,BRA,0.0,anchorage_overrides,,,,,,0,,,0,,,BRA
Only in scratch_amanda,95119d6b,-32.05834650492874,-52.04008083933003,SAO JOSE DO NORTE,,BRA,0.0,anchorage_overrides,,,,,,0,,,0,,,BRA
Only in scratch_amanda,95119ddf,-32.00676754593266,-52.04537870934063,SAO JOSE DO NORTE,,BRA,0.0,anchorage_overrides,,,,,,0,,,0,,,BRA
Only in scratch_amanda,95119de5,-32.00791116282358,-52.03478337978599,SAO JOSE DO NORTE,,BRA,0.0,anchorage_overrides,,,,,,0,,,0,,,BRA
Only in scratch_amanda,95119d13,-32.055348595816966,-52.04537870934064,SAO JOSE DO NORTE,,BRA,0.0,anchorage_overrides,,,,,,0,,,0,,,BRA
Only in scratch_amanda,95119d95,-32.02434421761567,-52.04008083933004,SAO JOSE DO NORTE,,BRA,0.0,anchorage_overrides,,,,,,0,,,0,,,BRA
Only in scratch_amanda,95119de9,-32.01462754263314,-52.04008083933004,SAO JOSE DO NORTE,,BRA,0.0,anchorage_overrides,,,,,,0,,,0,,,BRA
Only in scratch_amanda,95119d8f,-32.02548538009427,-52.0294863307868,SAO JOSE DO NORTE,,BRA,0.0,anchorage_overrides,,,,,,0,,,0,,,BRA
Only in scratch_amanda,95119def,-32.01276963563292,-52.03478337978599,SAO JOSE DO NORTE,,BRA,0.0,anchorage_overrides,,,,,,0,,,0,,,BRA
Only in scratch_amanda,95119d73,-32.04863253105741,-52.04008083933003,SAO JOSE DO NORTE,,BRA,0.0,anchorage_overrides,,,,,,0,,,0,,,BRA
Only in scratch_amanda,95119d9b,-32.032201601267374,-52.034783379785985,SAO JOSE DO NORTE,,BRA,0.0,anchorage_overrides,,,,,,0,,,0,,,BRA
Only in scratch_amanda,95119d97,-32.02920226608667,-52.04008083933003,SAO JOSE DO NORTE,,BRA,0.0,anchorage_overrides,,,,,,0,,,0,,,BRA
Only in scratch_amanda,95119d6f,-32.051630481593264,-52.034783379785985,SAO JOSE DO NORTE,,BRA,0.0,anchorage_overrides,,,,,,0,,,0,,,BRA
Only in scratch_amanda,951183bd,-32.14606370509372,-52.08247528589072,SAO JOSE DO NORTE,,BRA,0.0,anchorage_overrides,,,,,,0,,,0,,,BRA
Only in scratch_amanda,95119ddd,-32.01162651824946,-52.04537870934063,SAO JOSE DO NORTE,,BRA,0.0,anchorage_overrides,,,,,,0,,,0,,,BRA
Only in scratch_amanda,95119e71,-31.998906013774043,-52.05067698973944,SAO JOSE DO NORTE,,BRA,0.0,anchorage_overrides,,,,,,0,,,0,,,BRA
Only in scratch_amanda,95119dd9,-32.00862484274778,-52.05067698973944,SAO JOSE DO NORTE,,BRA,0.0,anchorage_overrides,,,,,,0,,,0,,,BRA
Only in scratch_amanda,95118377,-32.135216865864585,-52.0930779974868,SAO JOSE DO NORTE,,BRA,0.0,anchorage_overrides,,,,,,0,,,0,,,BRA
Only in scratch_amanda,95119dd7,-32.01048198789435,-52.05597568044806,SAO JOSE DO NORTE,,BRA,0.0,anchorage_overrides,,,,,,0,,,0,,,BRA
Only in scratch_amanda,951183b1,-32.14234284728282,-52.071874213648,SAO JOSE DO NORTE,,BRA,0.0,anchorage_overrides,,,,,,0,,,0,,,BRA
Only in scratch_amanda,95119d69,-32.05648721891703,-52.034783379785985,SAO JOSE DO NORTE,,BRA,0.0,anchorage_overrides,,,,,,0,,,0,,,BRA
Only in scratch_amanda,95119e73,-31.997049024166863,-52.04537870934063,SAO JOSE DO NORTE,,BRA,0.0,anchorage_overrides,,,,,,0,,,0,,,BRA
Only in scratch_amanda,95119d8d,-32.02062763834131,-52.02948633078679,SAO JOSE DO NORTE,,BRA,0.0,anchorage_overrides,,,,,,0,,,0,,,BRA
Only in scratch_amanda,95119d71,-32.04677355107603,-52.034783379785985,SAO JOSE DO NORTE,,BRA,0.0,anchorage_overrides,,,,,,0,,,0,,,BRA
Only in scratch_amanda,95119d99,-32.0340601217568,-52.04008083933004,SAO JOSE DO NORTE,,BRA,0.0,anchorage_overrides,,,,,,0,,,0,,,BRA
Only in scratch_amanda,95119de7,-32.0097689163027,-52.04008083933004,SAO JOSE DO NORTE,,BRA,0.0,anchorage_overrides,,,,,,0,,,0,,,BRA
Only in scratch_amanda,95119d0d,-32.05049135924281,-52.04537870934064,SAO JOSE DO NORTE,,BRA,0.0,anchorage_overrides,,,,,,0,,,0,,,BRA
Only in scratch_amanda,95118371,-32.1303607807335,-52.09307799748681,SAO JOSE DO NORTE,,BRA,0.0,anchorage_overrides,,,,,,0,,,0,,,BRA
Only in scratch_amanda,95119e77,-32.00376552444915,-52.05067698973944,SAO JOSE DO NORTE,,BRA,0.0,anchorage_overrides,,,,,,0,,,0,,,BRA
Only in scratch_amanda,95119e09,-31.99819364015795,-52.03478337978599,SAO JOSE DO NORTE,,BRA,0.0,anchorage_overrides,,,,,,0,,,0,,,BRA
Only in scratch_amanda,95119deb,-32.019485976434325,-52.04008083933003,SAO JOSE DO NORTE,,BRA,0.0,anchorage_overrides,,,,,,0,,,0,,,BRA
Only in scratch_amanda,95119e0b,-32.00005108641633,-52.04008083933003,SAO JOSE DO NORTE,,BRA,0.0,anchorage_overrides,,,,,,0,,,0,,,BRA
Only in scratch_amanda,95119de3,-32.00305249763505,-52.034783379785985,SAO JOSE DO NORTE,,BRA,0.0,anchorage_overrides,,,,,,0,,,0,,,BRA
Only in scratch_amanda,95118375,-32.133357275051665,-52.087776436808966,SAO JOSE DO NORTE,,BRA,0.0,anchorage_overrides,,,,,,0,,,0,,,BRA
Only in scratch_amanda,95119d15,-32.06020563907859,-52.04537870934063,SAO JOSE DO NORTE,,BRA,0.0,anchorage_overrides,,,,,,0,,,0,,,BRA
Only in scratch_amanda,95119e75,-32.001908381208246,-52.04537870934063,SAO JOSE DO NORTE,,BRA,0.0,anchorage_overrides,,,,,,0,,,0,,,BRA
Only in scratch_amanda,951183a1,-32.136353117533076,-52.08247528589072,SAO JOSE DO NORTE,,BRA,0.0,anchorage_overrides,,,,,,0,,,0,,,BRA
Only in scratch_amanda,95119dd1,-32.01534126720762,-52.05597568044806,SAO JOSE DO NORTE,,BRA,0.0,anchorage_overrides,,,,,,0,,,0,,,BRA
Only in scratch_amanda,95119d9f,-32.03891778453561,-52.04008083933003,SAO JOSE DO NORTE,,BRA,0.0,anchorage_overrides,,,,,,0,,,0,,,BRA
Only in scratch_amanda,95119d9d,-32.037059110822675,-52.03478337978599,SAO JOSE DO NORTE,,BRA,0.0,anchorage_overrides,,,,,,0,,,0,,,BRA
Only in scratch_amanda,9511830b,-32.13149753121988,-52.08247528589072,SAO JOSE DO NORTE,,BRA,0.0,anchorage_overrides,,,,,,0,,,0,,,BRA
Only in scratch_amanda,95118399,-32.14306855645653,-52.08777643680897,SAO JOSE DO NORTE,,BRA,0.0,anchorage_overrides,,,,,,0,,,0,,,BRA
Only in scratch_amanda,95119d7b,-32.04491441938328,-52.0294863307868,SAO JOSE DO NORTE,,BRA,0.0,anchorage_overrides,,,,,,0,,,0,,,BRA
Only in scratch_amanda,95119dc3,-32.016485298068055,-52.04537870934063,SAO JOSE DO NORTE,,BRA,0.0,anchorage_overrides,,,,,,0,,,0,,,BRA
Only in scratch_amanda,95119d77,-32.0419164274557,-52.03478337978599,SAO JOSE DO NORTE,,BRA,0.0,anchorage_overrides,,,,,,0,,,0,,,BRA
Only in scratch_amanda,95119e0d,-31.99519188304163,-52.04008083933003,SAO JOSE DO NORTE,,BRA,0.0,anchorage_overrides,,,,,,0,,,0,,,BRA
Only in scratch_amanda,9510f667,-31.37768680104389,-51.9871247277872,SAO LOURENCO DO SUL,,BRA,0.0,anchorage_overrides,,,,,,0,,,0,,,BRA
Only in scratch_amanda,9510f691,-31.36544823525256,-51.96595379372704,SAO LOURENCO DO SUL,,BRA,0.0,anchorage_overrides,,,,,,0,,,0,,,BRA
Only in scratch_amanda,9510f665,-31.372806080396316,-51.9871247277872,SAO LOURENCO DO SUL,,BRA,0.0,anchorage_overrides,,,,,,0,,,0,,,BRA
Only in scratch_amanda,9510f6f1,-31.38192808478288,-51.97124591009902,SAO LOURENCO DO SUL,,BRA,0.0,anchorage_overrides,,,,,,0,,,0,,,BRA
Only in scratch_amanda,9510f661,-31.3758473978995,-51.981831377206845,SAO LOURENCO DO SUL,,BRA,0.0,anchorage_overrides,,,,,,0,,,0,,,BRA
Only in scratch_amanda,9510f6c3,-31.37640715089454,-51.95537079573512,SAO LOURENCO DO SUL,,BRA,0.0,anchorage_overrides,,,,,,0,,,0,,,BRA
Only in scratch_amanda,9510f6ef,-31.38008791972194,-51.96595379372704,SAO LOURENCO DO SUL,,BRA,0.0,anchorage_overrides,,,,,,0,,,0,,,BRA
Only in scratch_amanda,9510f6f7,-31.383768103496344,-51.97653843795152,SAO LOURENCO DO SUL,,BRA,0.0,anchorage_overrides,,,,,,0,,,0,,,BRA
Only in scratch_amanda,9510f689,-31.369127450490033,-51.97653843795152,SAO LOURENCO DO SUL,,BRA,0.0,anchorage_overrides,,,,,,0,,,0,,,BRA
Only in scratch_amanda,9510f68d,-31.37216815234501,-51.971245910099015,SAO LOURENCO DO SUL,,BRA,0.0,anchorage_overrides,,,,,,0,,,0,,,BRA
Only in scratch_amanda,9510f6ed,-31.375208204957676,-51.96595379372704,SAO LOURENCO DO SUL,,BRA,0.0,anchorage_overrides,,,,,,0,,,0,,,BRA
Only in scratch_amanda,9510f6fb,-31.38680778068402,-51.97124591009902,SAO LOURENCO DO SUL,,BRA,0.0,anchorage_overrides,,,,,,0,,,0,,,BRA
Only in scratch_amanda,9510f663,-31.37096683865169,-51.981831377206845,SAO LOURENCO DO SUL,,BRA,0.0,anchorage_overrides,,,,,,0,,,0,,,BRA
Only in scratch_amanda,9510f68f,-31.367287915995593,-51.971245910099015,SAO LOURENCO DO SUL,,BRA,0.0,anchorage_overrides,,,,,,0,,,0,,,BRA
Only in scratch_amanda,9510f685,-31.362407499684085,-51.971245910099015,SAO LOURENCO DO SUL,,BRA,0.0,anchorage_overrides,,,,,,0,,,0,,,BRA
Only in scratch_amanda,9510f693,-31.37032831010334,-51.96595379372704,SAO LOURENCO DO SUL,,BRA,0.0,anchorage_overrides,,,,,,0,,,0,,,BRA
Only in scratch_amanda,9510f6eb,-31.37336805504641,-51.96066208891318,SAO LOURENCO DO SUL,,BRA,0.0,anchorage_overrides,,,,,,0,,,0,,,BRA
Only in scratch_amanda,9510f67b,-31.36792517960864,-51.9871247277872,SAO LOURENCO DO SUL,,BRA,0.0,anchorage_overrides,,,,,,0,,,0,,,BRA
Only in scratch_amanda,9510f6e7,-31.383126981624713,-51.96066208891318,SAO LOURENCO DO SUL,,BRA,0.0,anchorage_overrides,,,,,,0,,,0,,,BRA
Only in scratch_amanda,9510f6f5,-31.37888806600513,-51.97653843795152,SAO LOURENCO DO SUL,,BRA,0.0,anchorage_overrides,,,,,,0,,,0,,,BRA
Only in scratch_amanda,9510f65f,-31.38072777697286,-51.981831377206845,SAO LOURENCO DO SUL,,BRA,0.0,anchorage_overrides,,,,,,0,,,0,,,BRA
Only in scratch_amanda,9510f6e5,-31.384967454302476,-51.965953793727046,SAO LOURENCO DO SUL,,BRA,0.0,anchorage_overrides,,,,,,0,,,0,,,BRA
Only in scratch_amanda,9510f69b,-31.36056798049904,-51.96595379372704,SAO LOURENCO DO SUL,,BRA,0.0,anchorage_overrides,,,,,,0,,,0,,,BRA
Only in scratch_amanda,9510f67d,-31.366086099323095,-51.981831377206845,SAO LOURENCO DO SUL,,BRA,0.0,anchorage_overrides,,,,,,0,,,0,,,BRA
Only in scratch_amanda,9510f6e9,-31.37824760839775,-51.96066208891318,SAO LOURENCO DO SUL,,BRA,0.0,anchorage_overrides,,,,,,0,,,0,,,BRA
Only in scratch_amanda,9510f6c1,-31.371527758989068,-51.955370795735114,SAO LOURENCO DO SUL,,BRA,0.0,anchorage_overrides,,,,,,0,,,0,,,BRA
Only in scratch_amanda,9510f695,-31.36848832166432,-51.96066208891318,SAO LOURENCO DO SUL,,BRA,0.0,anchorage_overrides,,,,,,0,,,0,,,BRA
Only in scratch_amanda,9510f687,-31.364246872653503,-51.97653843795151,SAO LOURENCO DO SUL,,BRA,0.0,anchorage_overrides,,,,,,0,,,0,,,BRA
Only in scratch_amanda,9510f6f3,-31.377048208638666,-51.971245910099015,SAO LOURENCO DO SUL,,BRA,0.0,anchorage_overrides,,,,,,0,,,0,,,BRA
Only in scratch_amanda,9510f697,-31.36360840834515,-51.96066208891318,SAO LOURENCO DO SUL,,BRA,0.0,anchorage_overrides,,,,,,0,,,0,,,BRA
Only in scratch_amanda,9510f68b,-31.37400784830514,-51.97653843795152,SAO LOURENCO DO SUL,,BRA,0.0,anchorage_overrides,,,,,,0,,,0,,,BRA
Only in scratch_amanda,9641f071,-37.64238611111111,-73.66531111111112,SECTOR MINA COSTA,,CHL,0.0,anchorage_overrides,,,,,,0,,,0,,,CHL
Only in scratch_amanda,1841a117,-4.6510589,39.3771237,SHIMONI,SHIMONI,KEN,0.0,anchorage_overrides,,,,,,0,,,0,,,KEN
Only in scratch_amanda,968e8c29,-31.14591111111111,-71.66273055555556,SIERRA,,CHL,0.0,anchorage_overrides,,,,,,0,,,0,,,CHL
Only in scratch_amanda,31a6a559,9.0452095,104.843747,SONG DOC FISHING PORT,,VNM,0.0,anchorage_overrides,,,,,,0,,,0,,,VNM
Only in scratch_amanda,3169cae5,15.37592104,108.7763234,SONG TRA BONG FISHING PORT,,VNM,0.0,anchorage_overrides,,,,,,0,,,0,,,VNM
Only in scratch_amanda,9619a4a1,-41.67322222222222,-72.42902777777778,SOTOMO,,CHL,0.0,anchorage_overrides,,,,,,0,,,0,,,CHL
Only in scratch_amanda,92a6ba35,-0.7483347716449931,-48.52122369704867,SOURE,,BRA,0.0,anchorage_overrides,,,,,,0,,,0,,,BRA
Only in scratch_amanda,92a6b98d,-0.7305945649976554,-48.5362307511294,SOURE,,BRA,0.0,anchorage_overrides,,,,,,0,,,0,,,BRA
Only in scratch_amanda,92a6b997,-0.7233763219229423,-48.53122794731976,SOURE,,BRA,0.0,anchorage_overrides,,,,,,0,,,0,,,BRA
Only in scratch_amanda,92a6b991,-0.726957051418409,-48.53122794731976,SOURE,,BRA,0.0,anchorage_overrides,,,,,,0,,,0,,,BRA
Only in scratch_amanda,92a6ba29,-0.7376448479024083,-48.52622559594437,SOURE,,BRA,0.0,anchorage_overrides,,,,,,0,,,0,,,BRA
Only in scratch_amanda,92a6b9b9,-0.7162713838742734,-48.5362307511294,SOURE,,BRA,0.0,anchorage_overrides,,,,,,0,,,0,,,BRA
Only in scratch_amanda,92a6b98b,-0.7341764122318433,-48.5362307511294,SOURE,,BRA,0.0,anchorage_overrides,,,,,,0,,,0,,,BRA
Only in scratch_amanda,92a6ba2f,-0.741226983882224,-48.52622559594437,SOURE,,BRA,0.0,anchorage_overrides,,,,,,0,,,0,,,BRA
Only in scratch_amanda,92a6b97f,-0.7339498509806563,-48.51622225067821,SOURE,,BRA,0.0,anchorage_overrides,,,,,,0,,,0,,,BRA
Only in scratch_amanda,92a6b985,-0.7304818378572522,-48.52622559594436,SOURE,,BRA,0.0,anchorage_overrides,,,,,,0,,,0,,,BRA
Only in scratch_amanda,92a6b97d,-0.7338932094934083,-48.51122125687829,SOURE,,BRA,0.0,anchorage_overrides,,,,,,0,,,0,,,BRA
Only in scratch_amanda,92a6b90b,-0.7196294062767812,-48.51622225067821,SOURE,,BRA,0.0,anchorage_overrides,,,,,,0,,,0,,,BRA
Only in scratch_amanda,92a6b9c1,-0.7199070821712378,-48.541234007327766,SOURE,,BRA,0.0,anchorage_overrides,,,,,,0,,,0,,,BRA
Only in scratch_amanda,92a6b989,-0.7341197726286465,-48.53122794731976,SOURE,,BRA,0.0,anchorage_overrides,,,,,,0,,,0,,,BRA
Only in scratch_amanda,92a6b987,-0.73406313255074,-48.52622559594436,SOURE,,BRA,0.0,anchorage_overrides,,,,,,0,,,0,,,BRA
Only in scratch_amanda,92a6b99b,-0.7269009638519601,-48.52622559594437,SOURE,,BRA,0.0,anchorage_overrides,,,,,,0,,,0,,,BRA
Only in scratch_amanda,92a6b979,-0.7303691088371391,-48.5162222506782,SOURE,,BRA,0.0,anchorage_overrides,,,,,,0,,,0,,,BRA
Only in scratch_amanda,92a6b975,-0.7232088864552316,-48.51622225067821,SOURE,,BRA,0.0,anchorage_overrides,,,,,,0,,,0,,,BRA
Only in scratch_amanda,92a6b993,-0.7270131385148065,-48.53623075112941,SOURE,,BRA,0.0,anchorage_overrides,,,,,,0,,,0,,,BRA
Only in scratch_amanda,92a6b9bd,-0.7197960132072246,-48.53122794731976,SOURE,,BRA,0.0,anchorage_overrides,,,,,,0,,,0,,,BRA
Only in scratch_amanda,92a6b9bb,-0.7162161253012169,-48.53122794731977,SOURE,,BRA,0.0,anchorage_overrides,,,,,,0,,,0,,,BRA
Only in scratch_amanda,92a6bbd5,-0.7375310137192228,-48.51622225067821,SOURE,,BRA,0.0,anchorage_overrides,,,,,,0,,,0,,,BRA
Only in scratch_amanda,92a6b9bf,-0.7198515479231375,-48.5362307511294,SOURE,,BRA,0.0,anchorage_overrides,,,,,,0,,,0,,,BRA
Only in scratch_amanda,92a6b9f5,-0.7342330513578643,-48.54123400732777,SOURE,,BRA,0.0,anchorage_overrides,,,,,,0,,,0,,,BRA
Only in scratch_amanda,92a6b971,-0.7267326983567111,-48.51122125687829,SOURE,,BRA,0.0,anchorage_overrides,,,,,,0,,,0,,,BRA
Only in scratch_amanda,92a6b977,-0.7267887873186711,-48.51622225067821,SOURE,,BRA,0.0,anchorage_overrides,,,,,,0,,,0,,,BRA
Only in scratch_amanda,92a6b9ef,-0.7271253112876788,-48.546237715869246,SOURE,,BRA,0.0,anchorage_overrides,,,,,,0,,,0,,,BRA
Only in scratch_amanda,92a6ba27,-0.7377017642833956,-48.53122794731977,SOURE,,BRA,0.0,anchorage_overrides,,,,,,0,,,0,,,BRA
Only in scratch_amanda,92a6b981,-0.7340064920005884,-48.52122369704867,SOURE,,BRA,0.0,anchorage_overrides,,,,,,0,,,0,,,BRA
Only in scratch_amanda,92a6b97b,-0.7303127436283221,-48.51122125687829,SOURE,,BRA,0.0,anchorage_overrides,,,,,,0,,,0,,,BRA
Only in scratch_amanda,92a6ba2d,-0.7411697906897172,-48.52122369704867,SOURE,,BRA,0.0,anchorage_overrides,,,,,,0,,,0,,,BRA
Only in scratch_amanda,92a6b999,-0.7233205105648568,-48.52622559594437,SOURE,,BRA,0.0,anchorage_overrides,,,,,,0,,,0,,,BRA
Only in scratch_amanda,92a6bbd9,-0.7374171776575961,-48.506220715694354,SOURE,,BRA,0.0,anchorage_overrides,,,,,,0,,,0,,,BRA
Only in scratch_amanda,92a6b9a3,-0.7197404780259161,-48.52622559594437,SOURE,,BRA,0.0,anchorage_overrides,,,,,,0,,,0,,,BRA
Only in scratch_amanda,92a6b9a1,-0.7196849423816297,-48.52122369704867,SOURE,,BRA,0.0,anchorage_overrides,,,,,,0,,,0,,,BRA
Only in scratch_amanda,92a6b98f,-0.730538201663644,-48.53122794731977,SOURE,,BRA,0.0,anchorage_overrides,,,,,,0,,,0,,,BRA
Only in scratch_amanda,92a6b9f3,-0.730650927856832,-48.54123400732777,SOURE,,BRA,0.0,anchorage_overrides,,,,,,0,,,0,,,BRA
Only in scratch_amanda,92a6b9ed,-0.7270692251387105,-48.54123400732777,SOURE,,BRA,0.0,anchorage_overrides,,,,,,0,,,0,,,BRA
Only in scratch_amanda,92a6b9c7,-0.7163266419818564,-48.54123400732777,SOURE,,BRA,0.0,anchorage_overrides,,,,,,0,,,0,,,BRA
Only in scratch_amanda,92a6b9eb,-0.723487943233514,-48.54123400732777,SOURE,,BRA,0.0,anchorage_overrides,,,,,,0,,,0,,,BRA
Only in scratch_amanda,92a6ba33,-0.7447520708991175,-48.52122369704867,SOURE,,BRA,0.0,anchorage_overrides,,,,,,0,,,0,,,BRA
Only in scratch_amanda,92a6bbd7,-0.737474095921977,-48.51122125687829,SOURE,,BRA,0.0,anchorage_overrides,,,,,,0,,,0,,,BRA
Only in scratch_amanda,92a6b99d,-0.7268448758179005,-48.52122369704867,SOURE,,BRA,0.0,anchorage_overrides,,,,,,0,,,0,,,BRA
Only in scratch_amanda,92a6b99f,-0.7232646987414771,-48.52122369704867,SOURE,,BRA,0.0,anchorage_overrides,,,,,,0,,,0,,,BRA
Only in scratch_amanda,92a6b995,-0.7234321328133047,-48.53623075112941,SOURE,,BRA,0.0,anchorage_overrides,,,,,,0,,,0,,,BRA
Only in scratch_amanda,92a6ba2b,-0.7375879310468584,-48.52122369704867,SOURE,,BRA,0.0,anchorage_overrides,,,,,,0,,,0,,,BRA
Only in scratch_amanda,92a6b983,-0.7304254735809332,-48.52122369704867,SOURE,,BRA,0.0,anchorage_overrides,,,,,,0,,,0,,,BRA
Only in scratch_amanda,92a6b9e9,-0.7235437531811405,-48.546237715869246,SOURE,,BRA,0.0,anchorage_overrides,,,,,,0,,,0,,,BRA
Only in scratch_amanda,134c3113,42.447477,18.686209,ST ROKO,,MNE,0.0,anchorage_overrides,,,,,,0,,,0,,,MNE
Only in scratch_amanda,31a0c987,9.8741956,105.1274188,TAC CAU FISHING PORT,,VNM,0.0,anchorage_overrides,,,,,,0,,,0,,,VNM
Only in scratch_amanda,9036446b,-4.570459915611815,-81.27349166666669,TALARA,,PER,0.0,anchorage_overrides,,,,,,0,,,0,,,PER
Only in scratch_amanda,90364441,-4.568710509242272,-81.27750830577469,TALARA,,PER,0.0,anchorage_overrides,,,,,,0,,,0,,,PER
Only in scratch_amanda,90364415,-4.572494204545454,-81.27345317045454,TALARA,,PER,0.0,anchorage_overrides,,,,,,0,,,0,,,PER
Only in scratch_amanda,968e6405,-30.928825,-71.67469722222222,TALCA,,CHL,0.0,anchorage_overrides,,,,,,0,,,0,,,CHL
Only in scratch_amanda,966835a3,-36.71112777777778,-73.11381388888888,"TALCAHUANO, SECTOR LA POZA",,CHL,0.0,anchorage_overrides,,,,,,0,,,0,,,CHL
Only in scratch_amanda,961f3c69,-42.75227777777778,-72.95811111111111,TALCAN,,CHL,0.0,anchorage_overrides,,,,,,0,,,0,,,CHL
Only in scratch_amanda,968e1a6b,-30.476075,-71.69672222222222,TALCARUCA,,CHL,0.0,anchorage_overrides,,,,,,0,,,0,,,CHL
Only in scratch_amanda,968e65c5,-30.877908333333338,-71.68163055555556,TALQUILLA,,CHL,0.0,anchorage_overrides,,,,,,0,,,0,,,CHL
Only in scratch_amanda,3169cef3,15.47355567,108.6831304,TAM QUANG FISHING PORT,,VNM,0.0,anchorage_overrides,,,,,,0,,,0,,,VNM
Only in scratch_amanda,3139d43f,18.82324257,105.7074311,TAN XUAN FISHING PORT,,VNM,0.0,anchorage_overrides,,,,,,0,,,0,,,VNM
Only in scratch_amanda,96687b7b,-36.180388888888885,-72.81438333333332,TAUCU,,CHL,0.0,anchorage_overrides,,,,,,0,,,0,,,CHL
Only in scratch_amanda,9618a3fd,-42.33368055555556,-73.37060555555554,TENAUN,,CHL,0.0,anchorage_overrides,,,,,,0,,,0,,,CHL
Only in scratch_amanda,9618f8f7,-41.90205555555555,-72.84922222222222,TENTELHUE,,CHL,0.0,anchorage_overrides,,,,,,0,,,0,,,CHL
Only in scratch_amanda,9621fa75,-42.70648888888889,-73.65315555555556,TERAO,,CHL,0.0,anchorage_overrides,,,,,,0,,,0,,,CHL
Only in scratch_amanda,bdafc2a1,-51.73861111111111,-72.50333333333333,TERMINAL PESQUERO PUERTO NATALES,,CHL,0.0,anchorage_overrides,,,,,,0,,,0,,,CHL
Only in scratch_amanda,9621f741,-42.67406388888889,-73.67276111111111,TEUPA,,CHL,0.0,anchorage_overrides,,,,,,0,,,0,,,CHL
Only in scratch_amanda,319ff4f7,9.882618799,106.5984999,THANH PHU FISHING PORT,,VNM,0.0,anchorage_overrides,,,,,,0,,,0,,,VNM
Only in scratch_amanda,31361461,20.02937838,106.2056788,THANH VUI FISHING PORT,,VNM,0.0,anchorage_overrides,,,,,,0,,,0,,,VNM
Only in scratch_amanda,31410aed,16.55094,107.6383988,THUAN AN FISHING PORT,,VNM,0.0,anchorage_overrides,,,,,,0,,,0,,,VNM
Only in scratch_amanda,316f99e9,13.35255061,109.2634091,TIEN CHAU FISHING PORT,,VNM,0.0,anchorage_overrides,,,,,,0,,,0,,,VNM
Only in scratch_amanda,31684c3b,15.20674825,108.8892171,TINH HOA FISHING PORT,,VNM,0.0,anchorage_overrides,,,,,,0,,,0,,,VNM
Only in scratch_amanda,31684c27,15.20966056,108.902004,TINH KY FISHING PORT,,VNM,0.0,anchorage_overrides,,,,,,0,,,0,,,VNM
Only in scratch_amanda,964027a1,-38.3449,-73.49228055555555,TIRUA,,CHL,0.0,anchorage_overrides,,,,,,0,,,0,,,CHL
Only in scratch_amanda,96684ee5,-36.61906666666667,-72.95931666666667,"TOME, MUELLE PESQUERO ARTESANAL",,CHL,0.0,anchorage_overrides,,,,,,0,,,0,,,CHL
Only in scratch_amanda,9691df3d,-30.256138888888888,-71.49914166666667,TONGOY,,CHL,0.0,anchorage_overrides,,,,,,0,,,0,,,CHL
Only in scratch_amanda,96616181,-34.13061944444444,-71.99470277777777,TOPOCALMA,,CHL,0.0,anchorage_overrides,,,,,,0,,,0,,,CHL
Only in scratch_amanda,96bd2739,-26.60484166666667,-70.70410277777778,TOREES DEL INCA,,CHL,0.0,anchorage_overrides,,,,,,0,,,0,,,CHL
Only in scratch_amanda,968e1c29,-30.36733055555555,-71.67088055555556,TOTORAL,,CHL,0.0,anchorage_overrides,,,,,,0,,,0,,,CHL
Only in scratch_amanda,9697b167,-27.830158333333333,-71.0913361111111,TOTORAL,,CHL,0.0,anchorage_overrides,,,,,,0,,,0,,,CHL
Only in scratch_amanda,9691cff5,-30.072991666666667,-71.37774722222221,TOTORALILLO CENTRO,,CHL,0.0,anchorage_overrides,,,,,,0,,,0,,,CHL
Only in scratch_amanda,969106f7,-29.49096666666667,-71.33009722222222,TOTORALILLO NORTE,,CHL,0.0,anchorage_overrides,,,,,,0,,,0,,,CHL
Only in scratch_amanda,96893e4f,-32.02563611111111,-71.51343888888889,TOTORALILLO SUR,,CHL,0.0,anchorage_overrides,,,,,,0,,,0,,,CHL
Only in scratch_amanda,314a447b,20.74531348,107.0145602,TRAN CHAU FISHING PORT,,VNM,0.0,anchorage_overrides,,,,,,0,,,0,,,VNM
Only in scratch_amanda,964026c5,-38.382216666666665,-73.52415277777777,TRANICURA A (TIRUA SUR 3),,CHL,0.0,anchorage_overrides,,,,,,0,,,0,,,CHL
Only in scratch_amanda,96402133,-38.39845,-73.5271638888889,TRANICURA B (TIRUA SUR 4),,CHL,0.0,anchorage_overrides,,,,,,0,,,0,,,CHL
Only in scratch_amanda,963d99ed,-40.623222222222225,-73.76308333333333,TRIL TRIL,,CHL,0.0,anchorage_overrides,,,,,,0,,,0,,,CHL
Only in scratch_amanda,314185a9,16.3525001,107.9112708,TU HIEN FISHING PORT,,VNM,0.0,anchorage_overrides,,,,,,0,,,0,,,VNM
Only in scratch_amanda,96683629,-36.63901111111111,-73.09261666666666,TUMBES,,CHL,0.0,anchorage_overrides,,,,,,0,,,0,,,CHL
Only in scratch_amanda,07ee0a7d,-2.765914140979096,-42.27815030562414,TUTOIA,,BRA,0.0,anchorage_overrides,,,,,,0,,,0,,,BRA
Only in scratch_amanda,07ee0a9b,-2.7665620737324024,-42.263363463620465,TUTOIA,,BRA,0.0,anchorage_overrides,,,,,,0,,,0,,,BRA
Only in scratch_amanda,07ee0a71,-2.7654821838771944,-42.2880059040583,TUTOIA,,BRA,0.0,anchorage_overrides,,,,,,0,,,0,,,BRA
Only in scratch_amanda,07ede1d3,-2.7772076768637075,-42.27815030562414,TUTOIA,,BRA,0.0,anchorage_overrides,,,,,,0,,,0,,,BRA
Only in scratch_amanda,07ee0a79,-2.769461985363606,-42.283078334490234,TUTOIA,,BRA,0.0,anchorage_overrides,,,,,,0,,,0,,,BRA
Only in scratch_amanda,07ee0a85,-2.7663460965465676,-42.2682928701509,TUTOIA,,BRA,0.0,anchorage_overrides,,,,,,0,,,0,,,BRA
Only in scratch_amanda,07ee0a89,-2.7623661064818155,-42.273221817498246,TUTOIA,,BRA,0.0,anchorage_overrides,,,,,,0,,,0,,,BRA
Only in scratch_amanda,07ee0a81,-2.7698945277226183,-42.273221817498246,TUTOIA,,BRA,0.0,anchorage_overrides,,,,,,0,,,0,,,BRA
Only in scratch_amanda,07ee0a9d,-2.770327068508234,-42.263363463620465,TUTOIA,,BRA,0.0,anchorage_overrides,,,,,,0,,,0,,,BRA
Only in scratch_amanda,07ee0a61,-2.7583870982841256,-42.27815030562414,TUTOIA,,BRA,0.0,anchorage_overrides,,,,,,0,,,0,,,BRA
Only in scratch_amanda,07ee0a7b,-2.7656981626154526,-42.28307833449023,TUTOIA,,BRA,0.0,anchorage_overrides,,,,,,0,,,0,,,BRA
Only in scratch_amanda,07ee0a63,-2.762150421481961,-42.27815030562414,TUTOIA,,BRA,0.0,anchorage_overrides,,,,,,0,,,0,,,BRA
Only in scratch_amanda,07ee0a83,-2.7701107983166056,-42.2682928701509,TUTOIA,,BRA,0.0,anchorage_overrides,,,,,,0,,,0,,,BRA
Only in scratch_amanda,07ee0af5,-2.7548392705466984,-42.27322181749824,TUTOIA,,BRA,0.0,anchorage_overrides,,,,,,0,,,0,,,BRA
Only in scratch_amanda,07ede1d5,-2.7734427687102507,-42.27815030562414,TUTOIA,,BRA,0.0,anchorage_overrides,,,,,,0,,,0,,,BRA
Only in scratch_amanda,07ee0a87,-2.7661301189591323,-42.273221817498246,TUTOIA,,BRA,0.0,anchorage_overrides,,,,,,0,,,0,,,BRA
Only in scratch_amanda,07ee0a77,-2.769245713616589,-42.28800590405831,TUTOIA,,BRA,0.0,anchorage_overrides,,,,,,0,,,0,,,BRA
Only in scratch_amanda,07ee0a7f,-2.7696782567352822,-42.27815030562414,TUTOIA,,BRA,0.0,anchorage_overrides,,,,,,0,,,0,,,BRA
Only in scratch_amanda,07ee0a65,-2.761934736099234,-42.28307833449023,TUTOIA,,BRA,0.0,anchorage_overrides,,,,,,0,,,0,,,BRA
Only in scratch_amanda,07ee0a91,-2.7627974752969706,-42.26336346362047,TUTOIA,,BRA,0.0,anchorage_overrides,,,,,,0,,,0,,,BRA
Only in scratch_amanda,07ede1d7,-2.773226204303431,-42.28307833449023,TUTOIA,,BRA,0.0,anchorage_overrides,,,,,,0,,,0,,,BRA
Only in scratch_amanda,07ede029,-2.77387589635964,-42.2682928701509,TUTOIA,,BRA,0.0,anchorage_overrides,,,,,,0,,,0,,,BRA
Only in scratch_amanda,07ee0a8b,-2.758602490330924,-42.273221817498246,TUTOIA,,BRA,0.0,anchorage_overrides,,,,,,0,,,0,,,BRA
Only in scratch_amanda,07ee0a67,-2.7581717058551876,-42.28307833449023,TUTOIA,,BRA,0.0,anchorage_overrides,,,,,,0,,,0,,,BRA
Only in scratch_amanda,07ede02b,-2.7736593327319943,-42.273221817498246,TUTOIA,,BRA,0.0,anchorage_overrides,,,,,,0,,,0,,,BRA
Only in scratch_amanda,07ee0a8f,-2.7625817910898136,-42.2682928701509,TUTOIA,,BRA,0.0,anchorage_overrides,,,,,,0,,,0,,,BRA
Only in scratch_amanda,94cd50c9,-23.497936818495184,-45.128404715378934,UBATUBA,,BRA,0.0,anchorage_overrides,,,,,,0,,,0,,,BRA
Only in scratch_amanda,94cd50d3,-23.49921597516508,-45.11905410261821,UBATUBA,,BRA,0.0,anchorage_overrides,,,,,,0,,,0,,,BRA
Only in scratch_amanda,94cd5727,-23.511562801422063,-45.11437950709913,UBATUBA,,BRA,0.0,anchorage_overrides,,,,,,0,,,0,,,BRA
Only in scratch_amanda,94cd50cb,-23.502620643499103,-45.12840471537894,UBATUBA,,BRA,0.0,anchorage_overrides,,,,,,0,,,0,,,BRA
Only in scratch_amanda,94cd50cd,-23.500918314805027,-45.123729172050275,UBATUBA,,BRA,0.0,anchorage_overrides,,,,,,0,,,0,,,BRA
Only in scratch_amanda,94cd574b,-23.509007051856663,-45.13308073258773,UBATUBA,,BRA,0.0,anchorage_overrides,,,,,,0,,,0,,,BRA
Only in scratch_amanda,94cd50db,-23.489849369691445,-45.11905410261821,UBATUBA,,BRA,0.0,anchorage_overrides,,,,,,0,,,0,,,BRA
Only in scratch_amanda,94cd50c5,-23.491551190199395,-45.12372917205028,UBATUBA,,BRA,0.0,anchorage_overrides,,,,,,0,,,0,,,BRA
Only in scratch_amanda,94cd5737,-23.51198831202906,-45.128404715378934,UBATUBA,,BRA,0.0,anchorage_overrides,,,,,,0,,,0,,,BRA
Only in scratch_amanda,94cd5735,-23.50730447471021,-45.12840471537894,UBATUBA,,BRA,0.0,anchorage_overrides,,,,,,0,,,0,,,BRA
Only in scratch_amanda,94cd56d3,-23.498791424834707,-45.10503173786532,UBATUBA,,BRA,0.0,anchorage_overrides,,,,,,0,,,0,,,BRA
Only in scratch_amanda,94cd573b,-23.514969048357475,-45.12372917205028,UBATUBA,,BRA,0.0,anchorage_overrides,,,,,,0,,,0,,,BRA
Only in scratch_amanda,94cd5129,-23.491128476508106,-45.109705385509386,UBATUBA,,BRA,0.0,anchorage_overrides,,,,,,0,,,0,,,BRA
Only in scratch_amanda,94cd50d1,-23.494532669229812,-45.11905410261821,UBATUBA,,BRA,0.0,anchorage_overrides,,,,,,0,,,0,,,BRA
Only in scratch_amanda,94cd50b7,-23.49963887667279,-45.133080732587736,UBATUBA,,BRA,0.0,anchorage_overrides,,,,,,0,,,0,,,BRA
Only in scratch_amanda,94cd5733,-23.50560188653607,-45.123729172050275,UBATUBA,,BRA,0.0,anchorage_overrides,,,,,,0,,,0,,,BRA
Only in scratch_amanda,94cd572b,-23.50219667735917,-45.11437950709913,UBATUBA,,BRA,0.0,anchorage_overrides,,,,,,0,,,0,,,BRA
Only in scratch_amanda,94cd5725,-23.513265930358216,-45.11905410261821,UBATUBA,,BRA,0.0,anchorage_overrides,,,,,,0,,,0,,,BRA
Only in scratch_amanda,94cd5731,-23.51028546442003,-45.12372917205028,UBATUBA,,BRA,0.0,anchorage_overrides,,,,,,0,,,0,,,BRA
Only in scratch_amanda,94cd50cf,-23.49623474932633,-45.123729172050275,UBATUBA,,BRA,0.0,anchorage_overrides,,,,,,0,,,0,,,BRA
Only in scratch_amanda,94cd5729,-23.506879736318695,-45.11437950709913,UBATUBA,,BRA,0.0,anchorage_overrides,,,,,,0,,,0,,,BRA
Only in scratch_amanda,94cd572f,-23.508582605828703,-45.11905410261821,UBATUBA,,BRA,0.0,anchorage_overrides,,,,,,0,,,0,,,BRA
Only in scratch_amanda,94cd50d5,-23.49751362464287,-45.11437950709914,UBATUBA,,BRA,0.0,anchorage_overrides,,,,,,0,,,0,,,BRA
Only in scratch_amanda,94cd50d7,-23.49283057826921,-45.11437950709913,UBATUBA,,BRA,0.0,anchorage_overrides,,,,,,0,,,0,,,BRA
Only in scratch_amanda,94cd50b5,-23.50432296118371,-45.13308073258773,UBATUBA,,BRA,0.0,anchorage_overrides,,,,,,0,,,0,,,BRA
Only in scratch_amanda,94cd512b,-23.495811263301963,-45.109705385509386,UBATUBA,,BRA,0.0,anchorage_overrides,,,,,,0,,,0,,,BRA
Only in scratch_amanda,94cd572d,-23.503899287397857,-45.119054102618215,UBATUBA,,BRA,0.0,anchorage_overrides,,,,,,0,,,0,,,BRA
Only in scratch_amanda,94cd50c7,-23.493252999797892,-45.128404715378934,UBATUBA,,BRA,0.0,anchorage_overrides,,,,,,0,,,0,,,BRA
Only in scratch_amanda,9947f08f,-27.165569444444444,-109.36404444444445,VAIHU,,CHL,0.0,anchorage_overrides,,,,,,0,,,0,,,CHL
Only in scratch_amanda,3175444d,10.40860762,106.7732408,VAM LANG FISHING PORT,,VNM,0.0,anchorage_overrides,,,,,,0,,,0,,,VNM
Only in scratch_amanda,9689bf45,-32.74081944444445,-71.4905888888889,VENTANA,,CHL,0.0,anchorage_overrides,,,,,,0,,,0,,,CHL
Only in scratch_amanda,92a6884d,-0.7613454560572646,-48.10764783095568,VIGIA,,BRA,0.0,anchorage_overrides,,,,,,0,,,0,,,BRA
Only in scratch_amanda,92a68151,-0.8511219725717496,-48.15234194736249,VIGIA,,BRA,0.0,anchorage_overrides,,,,,,0,,,0,,,BRA
Only in scratch_amanda,92a68851,-0.7649671527741585,-48.1126120198839,VIGIA,,BRA,0.0,anchorage_overrides,,,,,,0,,,0,,,BRA
Only in scratch_amanda,92a68839,-0.7683509640184437,-48.09772082156334,VIGIA,,BRA,0.0,anchorage_overrides,,,,,,0,,,0,,,BRA
Only in scratch_amanda,92a68177,-0.8725116253292351,-48.14737411081368,VIGIA,,BRA,0.0,anchorage_overrides,,,,,,0,,,0,,,BRA
Only in scratch_amanda,92a68845,-0.7684703928031209,-48.10764783095567,VIGIA,,BRA,0.0,anchorage_overrides,,,,,,0,,,0,,,BRA
Only in scratch_amanda,92a68145,-0.85463080025933,-48.14737411081368,VIGIA,,BRA,0.0,anchorage_overrides,,,,,,0,,,0,,,BRA
Only in scratch_amanda,92a68115,-0.8616480409491796,-48.13743980517532,VIGIA,,BRA,0.0,anchorage_overrides,,,,,,0,,,0,,,BRA
Only in scratch_amanda,92a689b1,-0.7542221902688256,-48.10764783095568,VIGIA,,BRA,0.0,anchorage_overrides,,,,,,0,,,0,,,BRA
Only in scratch_amanda,92a686ad,-0.8439728424070426,-48.15234194736249,VIGIA,,BRA,0.0,anchorage_overrides,,,,,,0,,,0,,,BRA
Only in scratch_amanda,92a689b5,-0.7577247302506697,-48.10268409816826,VIGIA,,BRA,0.0,anchorage_overrides,,,,,,0,,,0,,,BRA
Only in scratch_amanda,92a68137,-0.8509237141486524,-48.13743980517532,VIGIA,,BRA,0.0,anchorage_overrides,,,,,,0,,,0,,,BRA
Only in scratch_amanda,92a6815f,-0.8583394123646597,-48.15731023967493,VIGIA,,BRA,0.0,anchorage_overrides,,,,,,0,,,0,,,BRA
Only in scratch_amanda,92a686b7,-0.8402683960837595,-48.14240673007061,VIGIA,,BRA,0.0,anchorage_overrides,,,,,,0,,,0,,,BRA
Only in scratch_amanda,92a68849,-0.7648482780958247,-48.102684098168254,VIGIA,,BRA,0.0,anchorage_overrides,,,,,,0,,,0,,,BRA
Only in scratch_amanda,92a68149,-0.8509898006228342,-48.14240673007061,VIGIA,,BRA,0.0,anchorage_overrides,,,,,,0,,,0,,,BRA
Only in scratch_amanda,92a6812d,-0.8472181539141987,-48.12750732309604,VIGIA,,BRA,0.0,anchorage_overrides,,,,,,0,,,0,,,BRA
Only in scratch_amanda,92a6810d,-0.8687996776515344,-48.13743980517532,VIGIA,,BRA,0.0,anchorage_overrides,,,,,,0,,,0,,,BRA
Only in scratch_amanda,92a68165,-0.8654252399592407,-48.15234194736249,VIGIA,,BRA,0.0,anchorage_overrides,,,,,,0,,,0,,,BRA
Only in scratch_amanda,92a6884f,-0.7649077155753283,-48.10764783095567,VIGIA,,BRA,0.0,anchorage_overrides,,,,,,0,,,0,,,BRA
Only in scratch_amanda,92a689c9,-0.7541049752958128,-48.09772082156334,VIGIA,,BRA,0.0,anchorage_overrides,,,,,,0,,,0,,,BRA
Only in scratch_amanda,92a6814d,-0.8474813905138951,-48.14737411081367,VIGIA,,BRA,0.0,anchorage_overrides,,,,,,0,,,0,,,BRA
Only in scratch_amanda,92a686b3,-0.8439073115367564,-48.14737411081368,VIGIA,,BRA,0.0,anchorage_overrides,,,,,,0,,,0,,,BRA
Only in scratch_amanda,92a68853,-0.7614046165158413,-48.11261201988389,VIGIA,,BRA,0.0,anchorage_overrides,,,,,,0,,,0,,,BRA
Only in scratch_amanda,92a68153,-0.8475471988368263,-48.152341947362494,VIGIA,,BRA,0.0,anchorage_overrides,,,,,,0,,,0,,,BRA
Only in scratch_amanda,92a689b7,-0.754163582919427,-48.102684098168254,VIGIA,,BRA,0.0,anchorage_overrides,,,,,,0,,,0,,,BRA
Only in scratch_amanda,92a689ad,-0.7578424980284213,-48.1126120198839,VIGIA,,BRA,0.0,anchorage_overrides,,,,,,0,,,0,,,BRA
Only in scratch_amanda,92a6814f,-0.8510558867648057,-48.14737411081368,VIGIA,,BRA,0.0,anchorage_overrides,,,,,,0,,,0,,,BRA
Only in scratch_amanda,92a68141,-0.8581394897603645,-48.14240673007061,VIGIA,,BRA,0.0,anchorage_overrides,,,,,,0,,,0,,,BRA
Only in scratch_amanda,92a6817b,-0.8690020997669896,-48.15234194736249,VIGIA,,BRA,0.0,anchorage_overrides,,,,,,0,,,0,,,BRA
Only in scratch_amanda,92a68147,-0.8545644366005589,-48.14240673007061,VIGIA,,BRA,0.0,anchorage_overrides,,,,,,0,,,0,,,BRA
Only in scratch_amanda,92a68161,-0.8619157154105683,-48.15731023967493,VIGIA,,BRA,0.0,anchorage_overrides,,,,,,0,,,0,,,BRA
Only in scratch_amanda,92a686b1,-0.8403336498635281,-48.14737411081368,VIGIA,,BRA,0.0,anchorage_overrides,,,,,,0,,,0,,,BRA
Only in scratch_amanda,92a689cd,-0.7576069613708172,-48.092758001182574,VIGIA,,BRA,0.0,anchorage_overrides,,,,,,0,,,0,,,BRA
Only in scratch_amanda,92a689cb,-0.7576658459472542,-48.09772082156334,VIGIA,,BRA,0.0,anchorage_overrides,,,,,,0,,,0,,,BRA
Only in scratch_amanda,92a68847,-0.7684106785505102,-48.102684098168254,VIGIA,,BRA,0.0,anchorage_overrides,,,,,,0,,,0,,,BRA
Only in scratch_amanda,92a68837,-0.7647888403381765,-48.09772082156334,VIGIA,,BRA,0.0,anchorage_overrides,,,,,,0,,,0,,,BRA
Only in scratch_amanda,92a6813f,-0.8580728482183998,-48.13743980517532,VIGIA,,BRA,0.0,anchorage_overrides,,,,,,0,,,0,,,BRA
Only in scratch_amanda,92a6884b,-0.7612862953193368,-48.102684098168254,VIGIA,,BRA,0.0,anchorage_overrides,,,,,,0,,,0,,,BRA
Only in scratch_amanda,92a6814b,-0.8474155818573621,-48.14240673007061,VIGIA,,BRA,0.0,anchorage_overrides,,,,,,0,,,0,,,BRA
Only in scratch_amanda,92a68833,-0.7611679730154923,-48.092758001182574,VIGIA,,BRA,0.0,anchorage_overrides,,,,,,0,,,0,,,BRA
Only in scratch_amanda,92a68139,-0.8544980726081626,-48.13743980517531,VIGIA,,BRA,0.0,anchorage_overrides,,,,,,0,,,0,,,BRA
Only in scratch_amanda,92a68831,-0.7647294023049097,-48.092758001182574,VIGIA,,BRA,0.0,anchorage_overrides,,,,,,0,,,0,,,BRA
Only in scratch_amanda,92a6813b,-0.85443170828497,-48.132473336169824,VIGIA,,BRA,0.0,anchorage_overrides,,,,,,0,,,0,,,BRA
Only in scratch_amanda,92a68143,-0.8582061309672901,-48.14737411081368,VIGIA,,BRA,0.0,anchorage_overrides,,,,,,0,,,0,,,BRA
Only in scratch_amanda,92a686d1,-0.840072632787754,-48.12750732309605,VIGIA,,BRA,0.0,anchorage_overrides,,,,,,0,,,0,,,BRA
Only in scratch_amanda,92a68113,-0.8652236507702988,-48.13743980517532,VIGIA,,BRA,0.0,anchorage_overrides,,,,,,0,,,0,,,BRA
Only in scratch_amanda,92a686b5,-0.8438417803342931,-48.14240673007061,VIGIA,,BRA,0.0,anchorage_overrides,,,,,,0,,,0,,,BRA
Only in scratch_amanda,92a68167,-0.8618487973056079,-48.152341947362494,VIGIA,,BRA,0.0,anchorage_overrides,,,,,,0,,,0,,,BRA
Only in scratch_amanda,92a686c7,-0.8366304524208584,-48.13743980517532,VIGIA,,BRA,0.0,anchorage_overrides,,,,,,0,,,0,,,BRA
Only in scratch_amanda,92a68157,-0.8511880580408484,-48.15731023967493,VIGIA,,BRA,0.0,anchorage_overrides,,,,,,0,,,0,,,BRA
Only in scratch_amanda,92a686c5,-0.8365654753820556,-48.132473336169824,VIGIA,,BRA,0.0,anchorage_overrides,,,,,,0,,,0,,,BRA
Only in scratch_amanda,92a689b3,-0.7577836142785603,-48.10764783095567,VIGIA,,BRA,0.0,anchorage_overrides,,,,,,0,,,0,,,BRA
Only in scratch_amanda,92a68175,-0.8724438736162898,-48.14240673007061,VIGIA,,BRA,0.0,anchorage_overrides,,,,,,0,,,0,,,BRA
Only in scratch_amanda,92a686d3,-0.8436451847617733,-48.12750732309605,VIGIA,,BRA,0.0,anchorage_overrides,,,,,,0,,,0,,,BRA
Only in scratch_amanda,92a68131,-0.850857627345076,-48.132473336169824,VIGIA,,BRA,0.0,anchorage_overrides,,,,,,0,,,0,,,BRA
Only in scratch_amanda,92a68835,-0.7612271343045744,-48.09772082156335,VIGIA,,BRA,0.0,anchorage_overrides,,,,,,0,,,0,,,BRA
Only in scratch_amanda,92a6815b,-0.8546971635816476,-48.15234194736249,VIGIA,,BRA,0.0,anchorage_overrides,,,,,,0,,,0,,,BRA
Only in scratch_amanda,92a68159,-0.8547635265646822,-48.15731023967492,VIGIA,,BRA,0.0,anchorage_overrides,,,,,,0,,,0,,,BRA
Only in scratch_amanda,92a6815d,-0.8582727718363354,-48.15234194736249,VIGIA,,BRA,0.0,anchorage_overrides,,,,,,0,,,0,,,BRA
Only in scratch_amanda,92a689b9,-0.7506028533551925,-48.102684098168254,VIGIA,,BRA,0.0,anchorage_overrides,,,,,,0,,,0,,,BRA
Only in scratch_amanda,9641f8f1,-37.52757222222222,-73.59627222222221,VILLARICA (RANQUIL),,CHL,0.0,anchorage_overrides,,,,,,0,,,0,,,CHL
Only in scratch_amanda,96684513,-36.54120833333333,-72.93313333333334,"VILLARRICA, DICHATO",,CHL,0.0,anchorage_overrides,,,,,,0,,,0,,,CHL
Only in scratch_amanda,317069cd,12.33630442,109.2044056,VINH LUONG FISHING PORT,,VNM,0.0,anchorage_overrides,,,,,,0,,,0,,,VNM
Only in scratch_amanda,00b817d7,-20.31168021605499,-40.30630995574018,VITORIA,,BRA,0.0,anchorage_overrides,,,,,,0,,,0,,,BRA
Only in scratch_amanda,00b83d7f,-20.31517130213613,-40.31141507590133,VITORIA,,BRA,0.0,anchorage_overrides,,,,,,0,,,0,,,BRA
Only in scratch_amanda,00b83d7d,-20.31027039506096,-40.31141507590133,VITORIA,,BRA,0.0,anchorage_overrides,,,,,,0,,,0,,,BRA
Only in scratch_amanda,00b817c5,-20.309598022603954,-40.29609839323143,VITORIA,,BRA,0.0,anchorage_overrides,,,,,,0,,,0,,,BRA
Only in scratch_amanda,00b81635,-20.325713500746534,-40.29099195099628,VITORIA,,BRA,0.0,anchorage_overrides,,,,,,0,,,0,,,BRA
Only in scratch_amanda,00b817d1,-20.31308998498526,-40.30120439483148,VITORIA,,BRA,0.0,anchorage_overrides,,,,,,0,,,0,,,BRA
Only in scratch_amanda,00b81625,-20.33269628946403,-40.30120439483147,VITORIA,,BRA,0.0,anchorage_overrides,,,,,,0,,,0,,,BRA
Only in scratch_amanda,00b8164b,-20.327123675208515,-40.28588506818227,VITORIA,,BRA,0.0,anchorage_overrides,,,,,,0,,,0,,,BRA
Only in scratch_amanda,00b83d87,-20.324973330105525,-40.31141507590132,VITORIA,,BRA,0.0,anchorage_overrides,,,,,,0,,,0,,,BRA
Only in scratch_amanda,00b8162d,-20.322892994980418,-40.30120439483148,VITORIA,,BRA,0.0,anchorage_overrides,,,,,,0,,,0,,,BRA
Only in scratch_amanda,00b817cb,-20.320811397990013,-40.29099195099628,VITORIA,,BRA,0.0,anchorage_overrides,,,,,,0,,,0,,,BRA
Only in scratch_amanda,00b817b5,-20.322221291415183,-40.28588506818227,VITORIA,,BRA,0.0,anchorage_overrides,,,,,,0,,,0,,,BRA
Only in scratch_amanda,00b81649,-20.332026130012306,-40.28588506818227,VITORIA,,BRA,0.0,anchorage_overrides,,,,,,0,,,0,,,BRA
Only in scratch_amanda,00b817d5,-20.316581404293267,-40.306309955740176,VITORIA,,BRA,0.0,anchorage_overrides,,,,,,0,,,0,,,BRA
Only in scratch_amanda,00b8163b,-20.334107130517015,-40.29609839323143,VITORIA,,BRA,0.0,anchorage_overrides,,,,,,0,,,0,,,BRA
Only in scratch_amanda,00b81647,-20.336928655711723,-40.28588506818227,VITORIA,,BRA,0.0,anchorage_overrides,,,,,,0,,,0,,,BRA
Only in scratch_amanda,00b8164f,-20.3334365330846,-40.280777744845864,VITORIA,,BRA,0.0,anchorage_overrides,,,,,,0,,,0,,,BRA
Only in scratch_amanda,00b81637,-20.330615674550742,-40.29099195099628,VITORIA,,BRA,0.0,anchorage_overrides,,,,,,0,,,0,,,BRA
Only in scratch_amanda,00b8164d,-20.328533797303542,-40.280777744845864,VITORIA,,BRA,0.0,anchorage_overrides,,,,,,0,,,0,,,BRA
Only in scratch_amanda,00b81639,-20.335517919287817,-40.29099195099628,VITORIA,,BRA,0.0,anchorage_overrides,,,,,,0,,,0,,,BRA
Only in scratch_amanda,00b81631,-20.329205166764595,-40.29609839323143,VITORIA,,BRA,0.0,anchorage_overrides,,,,,,0,,,0,,,BRA
Only in scratch_amanda,00b81633,-20.324303273982274,-40.29609839323143,VITORIA,,BRA,0.0,anchorage_overrides,,,,,,0,,,0,,,BRA
Only in scratch_amanda,00b8162f,-20.32779460671856,-40.30120439483148,VITORIA,,BRA,0.0,anchorage_overrides,,,,,,0,,,0,,,BRA
Only in scratch_amanda,00b817b3,-20.32363113249572,-40.280777744845864,VITORIA,,BRA,0.0,anchorage_overrides,,,,,,0,,,0,,,BRA
Only in scratch_amanda,00b817db,-20.30818858695783,-40.30120439483147,VITORIA,,BRA,0.0,anchorage_overrides,,,,,,0,,,0,,,BRA
Only in scratch_amanda,00b817b7,-20.317318978747164,-40.28588506818227,VITORIA,,BRA,0.0,anchorage_overrides,,,,,,0,,,0,,,BRA
Only in scratch_amanda,31a40a17,8.611342881,105.0121872,VNM_1,,VNM,0.0,anchorage_overrides,,,,,,0,,,0,,,VNM
Only in scratch_amanda,3198a86d,8.658669563,106.5626533,VNM_10,,VNM,0.0,anchorage_overrides,,,,,,0,,,0,,,VNM
Only in scratch_amanda,31756fb3,10.37707277,107.0698989,VNM_109,,VNM,0.0,anchorage_overrides,,,,,,0,,,0,,,VNM
Only in scratch_amanda,3198a86b,8.662904906,106.5609716,VNM_12,,VNM,0.0,anchorage_overrides,,,,,,0,,,0,,,VNM
Only in scratch_amanda,31756eff,10.38109655,107.0505208,VNM_120,,VNM,0.0,anchorage_overrides,,,,,,0,,,0,,,VNM
Only in scratch_amanda,317542f3,10.38258813,106.8843268,VNM_123,,VNM,0.0,anchorage_overrides,,,,,,0,,,0,,,VNM
Only in scratch_amanda,317542f5,10.38285679,106.8837336,VNM_124,,VNM,0.0,anchorage_overrides,,,,,,0,,,0,,,VNM
Only in scratch_amanda,317542f7,10.38311961,106.8809219,VNM_126,,VNM,0.0,anchorage_overrides,,,,,,0,,,0,,,VNM
Only in scratch_amanda,3198a815,8.663872359,106.5574275,VNM_13,,VNM,0.0,anchorage_overrides,,,,,,0,,,0,,,VNM
Only in scratch_amanda,31756e4f,10.38623977,107.0663585,VNM_132,,VNM,0.0,anchorage_overrides,,,,,,0,,,0,,,VNM
Only in scratch_amanda,31756e51,10.38692914,107.064091,VNM_133,,VNM,0.0,anchorage_overrides,,,,,,0,,,0,,,VNM
Only in scratch_amanda,31756e57,10.38897343,107.0560789,VNM_135,,VNM,0.0,anchorage_overrides,,,,,,0,,,0,,,VNM
Only in scratch_amanda,3175715b,10.40498735,107.1807962,VNM_147,,VNM,0.0,anchorage_overrides,,,,,,0,,,0,,,VNM
Only in scratch_amanda,3198a841,8.667920273,106.5598497,VNM_15,,VNM,0.0,anchorage_overrides,,,,,,0,,,0,,,VNM
Only in scratch_amanda,31757151,10.40674757,107.1864123,VNM_150,,VNM,0.0,anchorage_overrides,,,,,,0,,,0,,,VNM
Only in scratch_amanda,317545b3,10.40694714,106.7676518,VNM_151,,VNM,0.0,anchorage_overrides,,,,,,0,,,0,,,VNM
Only in scratch_amanda,31757157,10.41150406,107.1888361,VNM_153,,VNM,0.0,anchorage_overrides,,,,,,0,,,0,,,VNM
Only in scratch_amanda,31754449,10.41172038,106.7803428,VNM_154,,VNM,0.0,anchorage_overrides,,,,,,0,,,0,,,VNM
Only in scratch_amanda,3175444b,10.41459899,106.7751165,VNM_159,,VNM,0.0,anchorage_overrides,,,,,,0,,,0,,,VNM
Only in scratch_amanda,3198a83f,8.668199398,106.5563571,VNM_16,,VNM,0.0,anchorage_overrides,,,,,,0,,,0,,,VNM
Only in scratch_amanda,31757403,10.41615052,107.2062848,VNM_160,,VNM,0.0,anchorage_overrides,,,,,,0,,,0,,,VNM
Only in scratch_amanda,31754435,10.41649846,106.7760344,VNM_161,,VNM,0.0,anchorage_overrides,,,,,,0,,,0,,,VNM
Only in scratch_amanda,3175741d,10.41752002,107.2090775,VNM_163,,VNM,0.0,anchorage_overrides,,,,,,0,,,0,,,VNM
Only in scratch_amanda,317573fd,10.41754906,107.1877475,VNM_164,,VNM,0.0,anchorage_overrides,,,,,,0,,,0,,,VNM
Only in scratch_amanda,31757401,10.41878777,107.2003005,VNM_165,,VNM,0.0,anchorage_overrides,,,,,,0,,,0,,,VNM
Only in scratch_amanda,317573f9,10.42083083,107.1932069,VNM_168,,VNM,0.0,anchorage_overrides,,,,,,0,,,0,,,VNM
Only in scratch_amanda,31759fab,10.45390077,107.3342978,VNM_172,,VNM,0.0,anchorage_overrides,,,,,,0,,,0,,,VNM
Only in scratch_amanda,31759f07,10.4567087,107.3385401,VNM_174,,VNM,0.0,anchorage_overrides,,,,,,0,,,0,,,VNM
Only in scratch_amanda,31759f05,10.45965508,107.3467823,VNM_175,,VNM,0.0,anchorage_overrides,,,,,,0,,,0,,,VNM
Only in scratch_amanda,31759f0f,10.46144154,107.3487938,VNM_176,,VNM,0.0,anchorage_overrides,,,,,,0,,,0,,,VNM
Only in scratch_amanda,31759f11,10.46232435,107.3500816,VNM_177,,VNM,0.0,anchorage_overrides,,,,,,0,,,0,,,VNM
Only in scratch_amanda,31754897,10.46518682,106.7087562,VNM_178,,VNM,0.0,anchorage_overrides,,,,,,0,,,0,,,VNM
Only in scratch_amanda,31759f13,10.46617051,107.3516625,VNM_179,,VNM,0.0,anchorage_overrides,,,,,,0,,,0,,,VNM
Only in scratch_amanda,31a89f5b,9.296705166,103.4668456,VNM_18,,VNM,0.0,anchorage_overrides,,,,,,0,,,0,,,VNM
Only in scratch_amanda,317549af,10.49556655,106.6693311,VNM_189,,VNM,0.0,anchorage_overrides,,,,,,0,,,0,,,VNM
Only in scratch_amanda,31a89f5d,9.297165302,103.4721182,VNM_19,,VNM,0.0,anchorage_overrides,,,,,,0,,,0,,,VNM
Only in scratch_amanda,3177b0df,10.50206112,108.9516987,VNM_197,,VNM,0.0,anchorage_overrides,,,,,,0,,,0,,,VNM
Only in scratch_amanda,31a40a1b,8.617432329,105.0176344,VNM_2,,VNM,0.0,anchorage_overrides,,,,,,0,,,0,,,VNM
Only in scratch_amanda,31a89f43,9.301978097,103.4706284,VNM_20,,VNM,0.0,anchorage_overrides,,,,,,0,,,0,,,VNM
Only in scratch_amanda,3177b117,10.51020875,108.9347066,VNM_200,,VNM,0.0,anchorage_overrides,,,,,,0,,,0,,,VNM
Only in scratch_amanda,3177b0ed,10.51424625,108.972058,VNM_201,,VNM,0.0,anchorage_overrides,,,,,,0,,,0,,,VNM
Only in scratch_amanda,3177b0f3,10.51886334,108.9707798,VNM_202,,VNM,0.0,anchorage_overrides,,,,,,0,,,0,,,VNM
Only in scratch_amanda,3177b08d,10.51936316,108.975849,VNM_203,,VNM,0.0,anchorage_overrides,,,,,,0,,,0,,,VNM
Only in scratch_amanda,3177b0f1,10.52076919,108.9657131,VNM_204,,VNM,0.0,anchorage_overrides,,,,,,0,,,0,,,VNM
Only in scratch_amanda,3177b0f7,10.5235741,108.9657085,VNM_206,,VNM,0.0,anchorage_overrides,,,,,,0,,,0,,,VNM
Only in scratch_amanda,3177b199,10.53760975,108.9221814,VNM_214,,VNM,0.0,anchorage_overrides,,,,,,0,,,0,,,VNM
Only in scratch_amanda,3177b045,10.53970599,108.9640758,VNM_215,,VNM,0.0,anchorage_overrides,,,,,,0,,,0,,,VNM
Only in scratch_amanda,3177b04f,10.54011219,108.9597097,VNM_216,,VNM,0.0,anchorage_overrides,,,,,,0,,,0,,,VNM
Only in scratch_amanda,3177b049,10.54515882,108.9610866,VNM_218,,VNM,0.0,anchorage_overrides,,,,,,0,,,0,,,VNM
Only in scratch_amanda,3177b047,10.54573235,108.9636569,VNM_219,,VNM,0.0,anchorage_overrides,,,,,,0,,,0,,,VNM
Only in scratch_amanda,3175cf5b,10.65044831,107.7770924,VNM_226,,VNM,0.0,anchorage_overrides,,,,,,0,,,0,,,VNM
Only in scratch_amanda,3175cf4f,10.65246597,107.7751899,VNM_227,,VNM,0.0,anchorage_overrides,,,,,,0,,,0,,,VNM
Only in scratch_amanda,3175cf47,10.65965242,107.7767025,VNM_229,,VNM,0.0,anchorage_overrides,,,,,,0,,,0,,,VNM
Only in scratch_amanda,31753ac3,10.67862939,106.7538686,VNM_230,,VNM,0.0,anchorage_overrides,,,,,,0,,,0,,,VNM
Only in scratch_amanda,3175d687,10.7052114,107.9982857,VNM_233,,VNM,0.0,anchorage_overrides,,,,,,0,,,0,,,VNM
Only in scratch_amanda,31768fb7,10.93398654,108.277017,VNM_237,,VNM,0.0,anchorage_overrides,,,,,,0,,,0,,,VNM
Only in scratch_amanda,31768fb5,10.93403097,108.2798125,VNM_238,,VNM,0.0,anchorage_overrides,,,,,,0,,,0,,,VNM
Only in scratch_amanda,3176c229,11.15115792,108.5257815,VNM_243,,VNM,0.0,anchorage_overrides,,,,,,0,,,0,,,VNM
Only in scratch_amanda,3176dc23,11.16823881,108.702769,VNM_248,,VNM,0.0,anchorage_overrides,,,,,,0,,,0,,,VNM
Only in scratch_amanda,3176c3a5,11.1692855,108.5623652,VNM_249,,VNM,0.0,anchorage_overrides,,,,,,0,,,0,,,VNM
Only in scratch_amanda,3176c337,11.17364072,108.6098607,VNM_250,,VNM,0.0,anchorage_overrides,,,,,,0,,,0,,,VNM
Only in scratch_amanda,3176dc1b,11.1771491,108.7013116,VNM_253,,VNM,0.0,anchorage_overrides,,,,,,0,,,0,,,VNM
Only in scratch_amanda,3176dc0d,11.18183586,108.6924171,VNM_258,,VNM,0.0,anchorage_overrides,,,,,,0,,,0,,,VNM
Only in scratch_amanda,3176d915,11.21340872,108.7392763,VNM_260,,VNM,0.0,anchorage_overrides,,,,,,0,,,0,,,VNM
Only in scratch_amanda,3176d917,11.21344455,108.7434064,VNM_261,,VNM,0.0,anchorage_overrides,,,,,,0,,,0,,,VNM
Only in scratch_amanda,3176d913,11.21817693,108.7402567,VNM_262,,VNM,0.0,anchorage_overrides,,,,,,0,,,0,,,VNM
Only in scratch_amanda,3176d911,11.2183845,108.7437065,VNM_263,,VNM,0.0,anchorage_overrides,,,,,,0,,,0,,,VNM
Only in scratch_amanda,31772771,11.22035858,108.8225057,VNM_264,,VNM,0.0,anchorage_overrides,,,,,,0,,,0,,,VNM
Only in scratch_amanda,3176d90f,11.2216786,108.7436394,VNM_265,,VNM,0.0,anchorage_overrides,,,,,,0,,,0,,,VNM
Only in scratch_amanda,31772777,11.22176106,108.8235891,VNM_266,,VNM,0.0,anchorage_overrides,,,,,,0,,,0,,,VNM
Only in scratch_amanda,3176d90d,11.22350483,108.7393513,VNM_267,,VNM,0.0,anchorage_overrides,,,,,,0,,,0,,,VNM
Only in scratch_amanda,3176d9a7,11.23486609,108.7474757,VNM_271,,VNM,0.0,anchorage_overrides,,,,,,0,,,0,,,VNM
Only in scratch_amanda,3176d9a9,11.23561828,108.7494989,VNM_272,,VNM,0.0,anchorage_overrides,,,,,,0,,,0,,,VNM
Only in scratch_amanda,3176d9a5,11.23864289,108.747383,VNM_273,,VNM,0.0,anchorage_overrides,,,,,,0,,,0,,,VNM
Only in scratch_amanda,3176d9af,11.23967013,108.7493997,VNM_274,,VNM,0.0,anchorage_overrides,,,,,,0,,,0,,,VNM
Only in scratch_amanda,31a02a11,9.573027822,106.517996,VNM_28,,VNM,0.0,anchorage_overrides,,,,,,0,,,0,,,VNM
Only in scratch_amanda,3176d7cb,11.31263909,108.789449,VNM_282,,VNM,0.0,anchorage_overrides,,,,,,0,,,0,,,VNM
Only in scratch_amanda,3176d7cd,11.3127065,108.7902324,VNM_283,,VNM,0.0,anchorage_overrides,,,,,,0,,,0,,,VNM
Only in scratch_amanda,31772943,11.34063303,108.8838727,VNM_291,,VNM,0.0,anchorage_overrides,,,,,,0,,,0,,,VNM
Only in scratch_amanda,3177295d,11.34364231,108.8841845,VNM_292,,VNM,0.0,anchorage_overrides,,,,,,0,,,0,,,VNM
Only in scratch_amanda,31773205,11.35326799,109.0067227,VNM_294,,VNM,0.0,anchorage_overrides,,,,,,0,,,0,,,VNM
Only in scratch_amanda,31a02a17,9.575171225,106.5152212,VNM_30,,VNM,0.0,anchorage_overrides,,,,,,0,,,0,,,VNM
Only in scratch_amanda,3170cf79,11.5923382,109.0479585,VNM_304,,VNM,0.0,anchorage_overrides,,,,,,0,,,0,,,VNM
Only in scratch_amanda,317060c3,12.18101126,109.2201564,VNM_311,,VNM,0.0,anchorage_overrides,,,,,,0,,,0,,,VNM
Only in scratch_amanda,3170638d,12.18498771,109.3089088,VNM_313,,VNM,0.0,anchorage_overrides,,,,,,0,,,0,,,VNM
Only in scratch_amanda,317060c9,12.1918979,109.2168879,VNM_318,,VNM,0.0,anchorage_overrides,,,,,,0,,,0,,,VNM
Only in scratch_amanda,317060cf,12.19200952,109.217955,VNM_319,,VNM,0.0,anchorage_overrides,,,,,,0,,,0,,,VNM
Only in scratch_amanda,317060b3,12.20040055,109.2007108,VNM_322,,VNM,0.0,anchorage_overrides,,,,,,0,,,0,,,VNM
Only in scratch_amanda,31706753,12.20285762,109.1960798,VNM_323,,VNM,0.0,anchorage_overrides,,,,,,0,,,0,,,VNM
Only in scratch_amanda,31706721,12.22004855,109.2312481,VNM_324,,VNM,0.0,anchorage_overrides,,,,,,0,,,0,,,VNM
Only in scratch_amanda,3170671f,12.22227568,109.2307826,VNM_326,,VNM,0.0,anchorage_overrides,,,,,,0,,,0,,,VNM
Only in scratch_amanda,31a02a27,9.583580565,106.5028976,VNM_33,,VNM,0.0,anchorage_overrides,,,,,,0,,,0,,,VNM
Only in scratch_amanda,31a02a21,9.583969319,106.5065268,VNM_34,,VNM,0.0,anchorage_overrides,,,,,,0,,,0,,,VNM
Only in scratch_amanda,31700fad,12.58274249,109.4142228,VNM_341,,VNM,0.0,anchorage_overrides,,,,,,0,,,0,,,VNM
Only in scratch_amanda,31700fb3,12.58295944,109.4134384,VNM_342,,VNM,0.0,anchorage_overrides,,,,,,0,,,0,,,VNM
Only in scratch_amanda,3170051f,12.66744029,109.4058516,VNM_345,,VNM,0.0,anchorage_overrides,,,,,,0,,,0,,,VNM
Only in scratch_amanda,317004e1,12.66920577,109.4065695,VNM_346,,VNM,0.0,anchorage_overrides,,,,,,0,,,0,,,VNM
Only in scratch_amanda,31701919,12.69839934,109.2429711,VNM_348,,VNM,0.0,anchorage_overrides,,,,,,0,,,0,,,VNM
Only in scratch_amanda,31a029a3,9.612517525,106.4989468,VNM_35,,VNM,0.0,anchorage_overrides,,,,,,0,,,0,,,VNM
Only in scratch_amanda,316ffc8d,12.86910086,109.4150559,VNM_351,,VNM,0.0,anchorage_overrides,,,,,,0,,,0,,,VNM
Only in scratch_amanda,316ffa51,12.93838557,109.4344898,VNM_354,,VNM,0.0,anchorage_overrides,,,,,,0,,,0,,,VNM
Only in scratch_amanda,316ffaf5,12.94996392,109.4220501,VNM_358,,VNM,0.0,anchorage_overrides,,,,,,0,,,0,,,VNM
Only in scratch_amanda,316ffa8d,12.95374397,109.4182395,VNM_361,,VNM,0.0,anchorage_overrides,,,,,,0,,,0,,,VNM
Only in scratch_amanda,316ffa93,12.95854801,109.4133996,VNM_365,,VNM,0.0,anchorage_overrides,,,,,,0,,,0,,,VNM
Only in scratch_amanda,316ffa91,12.95984762,109.4127082,VNM_366,,VNM,0.0,anchorage_overrides,,,,,,0,,,0,,,VNM
Only in scratch_amanda,316ff009,12.98169513,109.3941367,VNM_367,,VNM,0.0,anchorage_overrides,,,,,,0,,,0,,,VNM
Only in scratch_amanda,316ff00f,12.98519025,109.392379,VNM_368,,VNM,0.0,anchorage_overrides,,,,,,0,,,0,,,VNM
Only in scratch_amanda,316ff011,12.98985699,109.3925052,VNM_369,,VNM,0.0,anchorage_overrides,,,,,,0,,,0,,,VNM
Only in scratch_amanda,31a02923,9.626264638,106.4634754,VNM_37,,VNM,0.0,anchorage_overrides,,,,,,0,,,0,,,VNM
Only in scratch_amanda,316fedd5,13.07427015,109.333149,VNM_370,,VNM,0.0,anchorage_overrides,,,,,,0,,,0,,,VNM
Only in scratch_amanda,316fedcd,13.08135839,109.3321843,VNM_372,,VNM,0.0,anchorage_overrides,,,,,,0,,,0,,,VNM
Only in scratch_amanda,316fec35,13.08910355,109.3272358,VNM_373,,VNM,0.0,anchorage_overrides,,,,,,0,,,0,,,VNM
Only in scratch_amanda,316fec37,13.08920253,109.3234346,VNM_374,,VNM,0.0,anchorage_overrides,,,,,,0,,,0,,,VNM
Only in scratch_amanda,316f9f25,13.44336212,109.2264536,VNM_378,,VNM,0.0,anchorage_overrides,,,,,,0,,,0,,,VNM
Only in scratch_amanda,316f75bf,13.54375934,109.2545715,VNM_379,,VNM,0.0,anchorage_overrides,,,,,,0,,,0,,,VNM
Only in scratch_amanda,31a02919,9.626405738,106.4647006,VNM_38,,VNM,0.0,anchorage_overrides,,,,,,0,,,0,,,VNM
Only in scratch_amanda,316f6c69,13.76422278,109.2522887,VNM_391,,VNM,0.0,anchorage_overrides,,,,,,0,,,0,,,VNM
Only in scratch_amanda,316f6c6b,13.76479488,109.2543534,VNM_392,,VNM,0.0,anchorage_overrides,,,,,,0,,,0,,,VNM
Only in scratch_amanda,316f6c6f,13.76837017,109.2510816,VNM_393,,VNM,0.0,anchorage_overrides,,,,,,0,,,0,,,VNM
Only in scratch_amanda,316f6c6d,13.7699072,109.2560544,VNM_394,,VNM,0.0,anchorage_overrides,,,,,,0,,,0,,,VNM
Only in scratch_amanda,316f6c7d,13.7759467,109.2408206,VNM_397,,VNM,0.0,anchorage_overrides,,,,,,0,,,0,,,VNM
Only in scratch_amanda,316f6c85,13.77862267,109.2256328,VNM_398,,VNM,0.0,anchorage_overrides,,,,,,0,,,0,,,VNM
Only in scratch_amanda,316f6b63,13.7872533,109.222218,VNM_399,,VNM,0.0,anchorage_overrides,,,,,,0,,,0,,,VNM
Only in scratch_amanda,31a7bded,9.94775173,104.0280813,VNM_40,,VNM,0.0,anchorage_overrides,,,,,,0,,,0,,,VNM
Only in scratch_amanda,3168c24d,14.558831,109.0615559,VNM_401,,VNM,0.0,anchorage_overrides,,,,,,0,,,0,,,VNM
Only in scratch_amanda,3168c249,14.5631468,109.0639732,VNM_403,,VNM,0.0,anchorage_overrides,,,,,,0,,,0,,,VNM
Only in scratch_amanda,3168c24f,14.56453804,109.0630631,VNM_404,,VNM,0.0,anchorage_overrides,,,,,,0,,,0,,,VNM
Only in scratch_amanda,3168c247,14.56694184,109.0638984,VNM_406,,VNM,0.0,anchorage_overrides,,,,,,0,,,0,,,VNM
Only in scratch_amanda,3168c245,14.56858175,109.062062,VNM_409,,VNM,0.0,anchorage_overrides,,,,,,0,,,0,,,VNM
Only in scratch_amanda,31a7bdfd,9.95111645,104.0100796,VNM_41,,VNM,0.0,anchorage_overrides,,,,,,0,,,0,,,VNM
Only in scratch_amanda,3168c243,14.57191226,109.0619558,VNM_410,,VNM,0.0,anchorage_overrides,,,,,,0,,,0,,,VNM
Only in scratch_amanda,3168c221,14.57216442,109.0887705,VNM_411,,VNM,0.0,anchorage_overrides,,,,,,0,,,0,,,VNM
Only in scratch_amanda,3168c223,14.57237287,109.0829787,VNM_412,,VNM,0.0,anchorage_overrides,,,,,,0,,,0,,,VNM
Only in scratch_amanda,3168c23d,14.57271388,109.0791032,VNM_413,,VNM,0.0,anchorage_overrides,,,,,,0,,,0,,,VNM
Only in scratch_amanda,3168c23f,14.57285718,109.0723231,VNM_414,,VNM,0.0,anchorage_overrides,,,,,,0,,,0,,,VNM
Only in scratch_amanda,3168c241,14.57415282,109.0650019,VNM_415,,VNM,0.0,anchorage_overrides,,,,,,0,,,0,,,VNM
Only in scratch_amanda,3168c217,14.57582186,109.0792745,VNM_416,,VNM,0.0,anchorage_overrides,,,,,,0,,,0,,,VNM
Only in scratch_amanda,3168c219,14.57647572,109.0838864,VNM_417,,VNM,0.0,anchorage_overrides,,,,,,0,,,0,,,VNM
Only in scratch_amanda,3168c26b,14.57736272,109.0666189,VNM_418,,VNM,0.0,anchorage_overrides,,,,,,0,,,0,,,VNM
Only in scratch_amanda,3168c215,14.57767105,109.0709951,VNM_419,,VNM,0.0,anchorage_overrides,,,,,,0,,,0,,,VNM
Only in scratch_amanda,31a7bdf3,9.952537894,104.0269707,VNM_42,,VNM,0.0,anchorage_overrides,,,,,,0,,,0,,,VNM
Only in scratch_amanda,3168c21f,14.5778319,109.087922,VNM_420,,VNM,0.0,anchorage_overrides,,,,,,0,,,0,,,VNM
Only in scratch_amanda,3168c21b,14.58246959,109.0844259,VNM_421,,VNM,0.0,anchorage_overrides,,,,,,0,,,0,,,VNM
Only in scratch_amanda,31685205,15.14056138,108.8943225,VNM_427,,VNM,0.0,anchorage_overrides,,,,,,0,,,0,,,VNM
Only in scratch_amanda,31a79617,9.97511194,104.0286824,VNM_43,,VNM,0.0,anchorage_overrides,,,,,,0,,,0,,,VNM
Only in scratch_amanda,31684ef5,15.19617609,108.9289776,VNM_430,,VNM,0.0,anchorage_overrides,,,,,,0,,,0,,,VNM
Only in scratch_amanda,31684ef3,15.20121863,108.9298182,VNM_433,,VNM,0.0,anchorage_overrides,,,,,,0,,,0,,,VNM
Only in scratch_amanda,31684e8d,15.20176667,108.925541,VNM_434,,VNM,0.0,anchorage_overrides,,,,,,0,,,0,,,VNM
Only in scratch_amanda,31684c2f,15.20184208,108.8954353,VNM_435,,VNM,0.0,anchorage_overrides,,,,,,0,,,0,,,VNM
Only in scratch_amanda,31684e85,15.20283854,108.912464,VNM_436,,VNM,0.0,anchorage_overrides,,,,,,0,,,0,,,VNM
Only in scratch_amanda,31a79615,9.978156154,104.0281215,VNM_44,,VNM,0.0,anchorage_overrides,,,,,,0,,,0,,,VNM
Only in scratch_amanda,31684e93,15.20611628,108.9229736,VNM_440,,VNM,0.0,anchorage_overrides,,,,,,0,,,0,,,VNM
Only in scratch_amanda,31684c31,15.20623519,108.8892838,VNM_441,,VNM,0.0,anchorage_overrides,,,,,,0,,,0,,,VNM
Only in scratch_amanda,31684c25,15.20820656,108.8933959,VNM_444,,VNM,0.0,anchorage_overrides,,,,,,0,,,0,,,VNM
Only in scratch_amanda,31684e91,15.20919152,108.9178484,VNM_445,,VNM,0.0,anchorage_overrides,,,,,,0,,,0,,,VNM
Only in scratch_amanda,31684e9d,15.21059927,108.9028705,VNM_447,,VNM,0.0,anchorage_overrides,,,,,,0,,,0,,,VNM
Only in scratch_amanda,31684e9f,15.21172121,108.9030265,VNM_448,,VNM,0.0,anchorage_overrides,,,,,,0,,,0,,,VNM
Only in scratch_amanda,31684e97,15.21189718,108.9158255,VNM_449,,VNM,0.0,anchorage_overrides,,,,,,0,,,0,,,VNM
Only in scratch_amanda,31684c21,15.21282358,108.9025011,VNM_450,,VNM,0.0,anchorage_overrides,,,,,,0,,,0,,,VNM
Only in scratch_amanda,31684e99,15.21369205,108.9140644,VNM_451,,VNM,0.0,anchorage_overrides,,,,,,0,,,0,,,VNM
Only in scratch_amanda,31684ebd,15.21984971,108.9148448,VNM_454,,VNM,0.0,anchorage_overrides,,,,,,0,,,0,,,VNM
Only in scratch_amanda,31684949,15.2462682,108.9220442,VNM_455,,VNM,0.0,anchorage_overrides,,,,,,0,,,0,,,VNM
Only in scratch_amanda,31684947,15.24968107,108.9219486,VNM_456,,VNM,0.0,anchorage_overrides,,,,,,0,,,0,,,VNM
Only in scratch_amanda,3168358f,15.34100934,108.8687821,VNM_457,,VNM,0.0,anchorage_overrides,,,,,,0,,,0,,,VNM
Only in scratch_amanda,31683585,15.34210092,108.8654552,VNM_458,,VNM,0.0,anchorage_overrides,,,,,,0,,,0,,,VNM
Only in scratch_amanda,31a7967d,10.00012027,104.0152145,VNM_46,,VNM,0.0,anchorage_overrides,,,,,,0,,,0,,,VNM
Only in scratch_amanda,31683ef3,15.3714815,109.1337516,VNM_468,,VNM,0.0,anchorage_overrides,,,,,,0,,,0,,,VNM
Only in scratch_amanda,31683ef5,15.37176045,109.1367036,VNM_469,,VNM,0.0,anchorage_overrides,,,,,,0,,,0,,,VNM
Only in scratch_amanda,3168394b,15.38037655,109.0921148,VNM_475,,VNM,0.0,anchorage_overrides,,,,,,0,,,0,,,VNM
Only in scratch_amanda,3169cae3,15.38186643,108.7740399,VNM_477,,VNM,0.0,anchorage_overrides,,,,,,0,,,0,,,VNM
Only in scratch_amanda,3169cb05,15.39528359,108.7686966,VNM_479,,VNM,0.0,anchorage_overrides,,,,,,0,,,0,,,VNM
Only in scratch_amanda,3169cb0f,15.39980545,108.7683542,VNM_484,,VNM,0.0,anchorage_overrides,,,,,,0,,,0,,,VNM
Only in scratch_amanda,31683bed,15.42252233,109.0780703,VNM_488,,VNM,0.0,anchorage_overrides,,,,,,0,,,0,,,VNM
Only in scratch_amanda,31683bf3,15.42261762,109.0818165,VNM_489,,VNM,0.0,anchorage_overrides,,,,,,0,,,0,,,VNM
Only in scratch_amanda,31a79687,10.00896158,104.0166255,VNM_49,,VNM,0.0,anchorage_overrides,,,,,,0,,,0,,,VNM
Only in scratch_amanda,3169cef1,15.47319308,108.6811234,VNM_491,,VNM,0.0,anchorage_overrides,,,,,,0,,,0,,,VNM
Only in scratch_amanda,3169cf0f,15.47444184,108.6514427,VNM_493,,VNM,0.0,anchorage_overrides,,,,,,0,,,0,,,VNM
Only in scratch_amanda,3169cef5,15.47973374,108.6844899,VNM_494,,VNM,0.0,anchorage_overrides,,,,,,0,,,0,,,VNM
Only in scratch_amanda,31420cff,15.86586758,108.3845188,VNM_497,,VNM,0.0,anchorage_overrides,,,,,,0,,,0,,,VNM
Only in scratch_amanda,31420d05,15.87759817,108.3876312,VNM_499,,VNM,0.0,anchorage_overrides,,,,,,0,,,0,,,VNM
Only in scratch_amanda,31a79689,10.00909502,104.0196221,VNM_50,,VNM,0.0,anchorage_overrides,,,,,,0,,,0,,,VNM
Only in scratch_amanda,314217e7,16.09934921,108.2586115,VNM_508,,VNM,0.0,anchorage_overrides,,,,,,0,,,0,,,VNM
Only in scratch_amanda,31a7968f,10.01261905,104.0206718,VNM_52,,VNM,0.0,anchorage_overrides,,,,,,0,,,0,,,VNM
Only in scratch_amanda,314222c7,16.13575149,108.2208036,VNM_527,,VNM,0.0,anchorage_overrides,,,,,,0,,,0,,,VNM
Only in scratch_amanda,31422379,16.19375002,108.1924796,VNM_530,,VNM,0.0,anchorage_overrides,,,,,,0,,,0,,,VNM
Only in scratch_amanda,31422383,16.19484756,108.1867923,VNM_531,,VNM,0.0,anchorage_overrides,,,,,,0,,,0,,,VNM
Only in scratch_amanda,31422385,16.19507372,108.181339,VNM_532,,VNM,0.0,anchorage_overrides,,,,,,0,,,0,,,VNM
Only in scratch_amanda,3138a1c7,17.69901429,106.4750106,VNM_534,,VNM,0.0,anchorage_overrides,,,,,,0,,,0,,,VNM
Only in scratch_amanda,3138a1cd,17.70355106,106.48399,VNM_535,,VNM,0.0,anchorage_overrides,,,,,,0,,,0,,,VNM
Only in scratch_amanda,3138a1cf,17.70423994,106.4798443,VNM_536,,VNM,0.0,anchorage_overrides,,,,,,0,,,0,,,VNM
Only in scratch_amanda,31389c9b,17.87535258,106.4491281,VNM_538,,VNM,0.0,anchorage_overrides,,,,,,0,,,0,,,VNM
Only in scratch_amanda,3138829b,17.9305026,106.5252785,VNM_539,,VNM,0.0,anchorage_overrides,,,,,,0,,,0,,,VNM
Only in scratch_amanda,31a7969b,10.01625045,104.0162371,VNM_54,,VNM,0.0,anchorage_overrides,,,,,,0,,,0,,,VNM
Only in scratch_amanda,31388291,17.93216945,106.521149,VNM_540,,VNM,0.0,anchorage_overrides,,,,,,0,,,0,,,VNM
Only in scratch_amanda,31388285,17.9349174,106.5242285,VNM_541,,VNM,0.0,anchorage_overrides,,,,,,0,,,0,,,VNM
Only in scratch_amanda,31388735,18.06543955,106.4397216,VNM_544,,VNM,0.0,anchorage_overrides,,,,,,0,,,0,,,VNM
Only in scratch_amanda,3138874b,18.06964046,106.436669,VNM_547,,VNM,0.0,anchorage_overrides,,,,,,0,,,0,,,VNM
Only in scratch_amanda,31388749,18.07077868,106.433816,VNM_548,,VNM,0.0,anchorage_overrides,,,,,,0,,,0,,,VNM
Only in scratch_amanda,31a79691,10.01626087,104.0225993,VNM_55,,VNM,0.0,anchorage_overrides,,,,,,0,,,0,,,VNM
Only in scratch_amanda,31388809,18.08638151,106.3410628,VNM_550,,VNM,0.0,anchorage_overrides,,,,,,0,,,0,,,VNM
Only in scratch_amanda,31387d51,18.10585498,106.3549112,VNM_551,,VNM,0.0,anchorage_overrides,,,,,,0,,,0,,,VNM
Only in scratch_amanda,313828a5,18.79064427,105.9600772,VNM_557,,VNM,0.0,anchorage_overrides,,,,,,0,,,0,,,VNM
Only in scratch_amanda,3139d43b,18.82855663,105.70175,VNM_560,,VNM,0.0,anchorage_overrides,,,,,,0,,,0,,,VNM
Only in scratch_amanda,3139d425,18.82866225,105.6994588,VNM_561,,VNM,0.0,anchorage_overrides,,,,,,0,,,0,,,VNM
Only in scratch_amanda,3139d45b,18.82872947,105.7263174,VNM_563,,VNM,0.0,anchorage_overrides,,,,,,0,,,0,,,VNM
Only in scratch_amanda,3139d447,18.8307826,105.7127383,VNM_565,,VNM,0.0,anchorage_overrides,,,,,,0,,,0,,,VNM
Only in scratch_amanda,3139d427,18.83091323,105.6912786,VNM_566,,VNM,0.0,anchorage_overrides,,,,,,0,,,0,,,VNM
Only in scratch_amanda,3139d44f,18.83219906,105.7196945,VNM_567,,VNM,0.0,anchorage_overrides,,,,,,0,,,0,,,VNM
Only in scratch_amanda,3139d449,18.83325175,105.7140126,VNM_568,,VNM,0.0,anchorage_overrides,,,,,,0,,,0,,,VNM
Only in scratch_amanda,31377b57,18.99672396,105.6058645,VNM_570,,VNM,0.0,anchorage_overrides,,,,,,0,,,0,,,VNM
Only in scratch_amanda,31377b4f,19.00482126,105.6044663,VNM_572,,VNM,0.0,anchorage_overrides,,,,,,0,,,0,,,VNM
Only in scratch_amanda,31377719,19.11017372,105.7127302,VNM_576,,VNM,0.0,anchorage_overrides,,,,,,0,,,0,,,VNM
Only in scratch_amanda,31377723,19.11278263,105.7098782,VNM_577,,VNM,0.0,anchorage_overrides,,,,,,0,,,0,,,VNM
Only in scratch_amanda,31377727,19.1198995,105.7048428,VNM_578,,VNM,0.0,anchorage_overrides,,,,,,0,,,0,,,VNM
Only in scratch_amanda,31377513,19.22553951,105.7565836,VNM_589,,VNM,0.0,anchorage_overrides,,,,,,0,,,0,,,VNM
Only in scratch_amanda,31a7969f,10.02187128,104.0075728,VNM_59,,VNM,0.0,anchorage_overrides,,,,,,0,,,0,,,VNM
Only in scratch_amanda,3137751f,19.23201499,105.7376147,VNM_590,,VNM,0.0,anchorage_overrides,,,,,,0,,,0,,,VNM
Only in scratch_amanda,31377515,19.23252474,105.7536006,VNM_591,,VNM,0.0,anchorage_overrides,,,,,,0,,,0,,,VNM
Only in scratch_amanda,31377517,19.23260116,105.7513814,VNM_592,,VNM,0.0,anchorage_overrides,,,,,,0,,,0,,,VNM
Only in scratch_amanda,3137753f,19.2350891,105.7553916,VNM_594,,VNM,0.0,anchorage_overrides,,,,,,0,,,0,,,VNM
Only in scratch_amanda,3137a0ff,19.30043955,105.8254075,VNM_597,,VNM,0.0,anchorage_overrides,,,,,,0,,,0,,,VNM
Only in scratch_amanda,3137a0f1,19.30506993,105.813661,VNM_598,,VNM,0.0,anchorage_overrides,,,,,,0,,,0,,,VNM
Only in scratch_amanda,3137a0ef,19.30980726,105.8138682,VNM_599,,VNM,0.0,anchorage_overrides,,,,,,0,,,0,,,VNM
Only in scratch_amanda,31a79421,10.02317524,104.0039152,VNM_60,,VNM,0.0,anchorage_overrides,,,,,,0,,,0,,,VNM
Only in scratch_amanda,3137a093,19.31279583,105.804962,VNM_601,,VNM,0.0,anchorage_overrides,,,,,,0,,,0,,,VNM
Only in scratch_amanda,3137a0e9,19.32024518,105.8125466,VNM_602,,VNM,0.0,anchorage_overrides,,,,,,0,,,0,,,VNM
Only in scratch_amanda,3137a0c3,19.32184226,105.8125337,VNM_603,,VNM,0.0,anchorage_overrides,,,,,,0,,,0,,,VNM
Only in scratch_amanda,3137a0d3,19.33949911,105.8187698,VNM_604,,VNM,0.0,anchorage_overrides,,,,,,0,,,0,,,VNM
Only in scratch_amanda,3137a79d,19.3959053,105.7955584,VNM_628,,VNM,0.0,anchorage_overrides,,,,,,0,,,0,,,VNM
Only in scratch_amanda,3137a783,19.3968038,105.7913904,VNM_629,,VNM,0.0,anchorage_overrides,,,,,,0,,,0,,,VNM
Only in scratch_amanda,317557e7,10.18983956,106.7023628,VNM_63,,VNM,0.0,anchorage_overrides,,,,,,0,,,0,,,VNM
Only in scratch_amanda,3137a781,19.39725468,105.7867031,VNM_630,,VNM,0.0,anchorage_overrides,,,,,,0,,,0,,,VNM
Only in scratch_amanda,3137a785,19.39872609,105.7910181,VNM_633,,VNM,0.0,anchorage_overrides,,,,,,0,,,0,,,VNM
Only in scratch_amanda,3137a79b,19.39883555,105.7956633,VNM_634,,VNM,0.0,anchorage_overrides,,,,,,0,,,0,,,VNM
Only in scratch_amanda,3137a787,19.40070683,105.7869708,VNM_637,,VNM,0.0,anchorage_overrides,,,,,,0,,,0,,,VNM
Only in scratch_amanda,3137a789,19.40796158,105.7850285,VNM_640,,VNM,0.0,anchorage_overrides,,,,,,0,,,0,,,VNM
Only in scratch_amanda,3137a78b,19.41029532,105.7832291,VNM_642,,VNM,0.0,anchorage_overrides,,,,,,0,,,0,,,VNM
Only in scratch_amanda,31370821,19.41046096,105.7808154,VNM_643,,VNM,0.0,anchorage_overrides,,,,,,0,,,0,,,VNM
Only in scratch_amanda,3137a7f3,19.41922206,105.7887459,VNM_644,,VNM,0.0,anchorage_overrides,,,,,,0,,,0,,,VNM
Only in scratch_amanda,3137a7f1,19.42172557,105.7895626,VNM_645,,VNM,0.0,anchorage_overrides,,,,,,0,,,0,,,VNM
Only in scratch_amanda,3137aa59,19.57023373,105.811876,VNM_646,,VNM,0.0,anchorage_overrides,,,,,,0,,,0,,,VNM
Only in scratch_amanda,3137aa5f,19.57273539,105.8085506,VNM_647,,VNM,0.0,anchorage_overrides,,,,,,0,,,0,,,VNM
Only in scratch_amanda,3137aaf5,19.57650253,105.8084604,VNM_648,,VNM,0.0,anchorage_overrides,,,,,,0,,,0,,,VNM
Only in scratch_amanda,3137aaf3,19.58194984,105.8062289,VNM_649,,VNM,0.0,anchorage_overrides,,,,,,0,,,0,,,VNM
Only in scratch_amanda,3137aadb,19.6055617,105.8192786,VNM_651,,VNM,0.0,anchorage_overrides,,,,,,0,,,0,,,VNM
Only in scratch_amanda,3137aacf,19.61259489,105.8164262,VNM_652,,VNM,0.0,anchorage_overrides,,,,,,0,,,0,,,VNM
Only in scratch_amanda,3137aacd,19.62026848,105.8132319,VNM_653,,VNM,0.0,anchorage_overrides,,,,,,0,,,0,,,VNM
Only in scratch_amanda,31365533,19.62182371,105.811915,VNM_654,,VNM,0.0,anchorage_overrides,,,,,,0,,,0,,,VNM
Only in scratch_amanda,31365535,19.6228478,105.8108305,VNM_655,,VNM,0.0,anchorage_overrides,,,,,,0,,,0,,,VNM
Only in scratch_amanda,31365c83,19.88912738,105.9308807,VNM_656,,VNM,0.0,anchorage_overrides,,,,,,0,,,0,,,VNM
Only in scratch_amanda,31365c91,19.90039816,105.939456,VNM_658,,VNM,0.0,anchorage_overrides,,,,,,0,,,0,,,VNM
Only in scratch_amanda,31365cd7,19.92872661,105.9617074,VNM_659,,VNM,0.0,anchorage_overrides,,,,,,0,,,0,,,VNM
Only in scratch_amanda,317557e9,10.19410246,106.7043034,VNM_66,,VNM,0.0,anchorage_overrides,,,,,,0,,,0,,,VNM
Only in scratch_amanda,313614fb,20.012579,106.1953328,VNM_660,,VNM,0.0,anchorage_overrides,,,,,,0,,,0,,,VNM
Only in scratch_amanda,3136148b,20.02798246,106.2046242,VNM_662,,VNM,0.0,anchorage_overrides,,,,,,0,,,0,,,VNM
Only in scratch_amanda,31361463,20.03317159,106.2072838,VNM_664,,VNM,0.0,anchorage_overrides,,,,,,0,,,0,,,VNM
Only in scratch_amanda,31495efb,20.12140108,107.7235278,VNM_670,,VNM,0.0,anchorage_overrides,,,,,,0,,,0,,,VNM
Only in scratch_amanda,3136015f,20.21425112,106.4611663,VNM_678,,VNM,0.0,anchorage_overrides,,,,,,0,,,0,,,VNM
Only in scratch_amanda,3136015d,20.21455613,106.4613612,VNM_679,,VNM,0.0,anchorage_overrides,,,,,,0,,,0,,,VNM
Only in scratch_amanda,317557ef,10.19643075,106.7064928,VNM_68,,VNM,0.0,anchorage_overrides,,,,,,0,,,0,,,VNM
Only in scratch_amanda,314a6c83,20.67125456,106.8149437,VNM_683,,VNM,0.0,anchorage_overrides,,,,,,0,,,0,,,VNM
Only in scratch_amanda,314a6c63,20.6862649,106.8012538,VNM_686,,VNM,0.0,anchorage_overrides,,,,,,0,,,0,,,VNM
Only in scratch_amanda,314a4427,20.71048331,107.0383926,VNM_687,,VNM,0.0,anchorage_overrides,,,,,,0,,,0,,,VNM
Only in scratch_amanda,314a4425,20.71522771,107.0388579,VNM_688,,VNM,0.0,anchorage_overrides,,,,,,0,,,0,,,VNM
Only in scratch_amanda,314a6c23,20.72007716,106.7919227,VNM_690,,VNM,0.0,anchorage_overrides,,,,,,0,,,0,,,VNM
Only in scratch_amanda,314a6c05,20.72118619,106.8089457,VNM_691,,VNM,0.0,anchorage_overrides,,,,,,0,,,0,,,VNM
Only in scratch_amanda,314a45c9,20.72313349,107.0612976,VNM_693,,VNM,0.0,anchorage_overrides,,,,,,0,,,0,,,VNM
Only in scratch_amanda,314bb043,20.72466236,107.4510329,VNM_694,,VNM,0.0,anchorage_overrides,,,,,,0,,,0,,,VNM
Only in scratch_amanda,314a6c03,20.72576801,106.8079836,VNM_696,,VNM,0.0,anchorage_overrides,,,,,,0,,,0,,,VNM
Only in scratch_amanda,314a6c1d,20.72623906,106.8043298,VNM_697,,VNM,0.0,anchorage_overrides,,,,,,0,,,0,,,VNM
Only in scratch_amanda,314a45b7,20.7297501,107.0607441,VNM_699,,VNM,0.0,anchorage_overrides,,,,,,0,,,0,,,VNM
Only in scratch_amanda,314a4473,20.73430062,107.0128068,VNM_703,,VNM,0.0,anchorage_overrides,,,,,,0,,,0,,,VNM
Only in scratch_amanda,314a4475,20.73488712,107.0103512,VNM_704,,VNM,0.0,anchorage_overrides,,,,,,0,,,0,,,VNM
Only in scratch_amanda,314a45b1,20.73609995,107.0615738,VNM_705,,VNM,0.0,anchorage_overrides,,,,,,0,,,0,,,VNM
Only in scratch_amanda,314a4477,20.73985379,107.0110846,VNM_706,,VNM,0.0,anchorage_overrides,,,,,,0,,,0,,,VNM
Only in scratch_amanda,314a45af,20.73999227,107.0615216,VNM_707,,VNM,0.0,anchorage_overrides,,,,,,0,,,0,,,VNM
Only in scratch_amanda,314a4471,20.74166841,107.0134106,VNM_708,,VNM,0.0,anchorage_overrides,,,,,,0,,,0,,,VNM
Only in scratch_amanda,317557ed,10.1996927,106.7081705,VNM_71,,VNM,0.0,anchorage_overrides,,,,,,0,,,0,,,VNM
Only in scratch_amanda,31755793,10.20387352,106.7070141,VNM_73,,VNM,0.0,anchorage_overrides,,,,,,0,,,0,,,VNM
Only in scratch_amanda,314a5a89,20.83468722,107.0847892,VNM_731,,VNM,0.0,anchorage_overrides,,,,,,0,,,0,,,VNM
Only in scratch_amanda,314a5a7d,20.84446284,107.0905726,VNM_732,,VNM,0.0,anchorage_overrides,,,,,,0,,,0,,,VNM
Only in scratch_amanda,314a5a7b,20.84600943,107.0898599,VNM_733,,VNM,0.0,anchorage_overrides,,,,,,0,,,0,,,VNM
Only in scratch_amanda,314a5a65,20.84744943,107.0886801,VNM_734,,VNM,0.0,anchorage_overrides,,,,,,0,,,0,,,VNM
Only in scratch_amanda,314a5a71,20.85497379,107.0942408,VNM_735,,VNM,0.0,anchorage_overrides,,,,,,0,,,0,,,VNM
Only in scratch_amanda,31755795,10.20470021,106.7051721,VNM_74,,VNM,0.0,anchorage_overrides,,,,,,0,,,0,,,VNM
Only in scratch_amanda,314a66ef,20.87814611,106.8483459,VNM_740,,VNM,0.0,anchorage_overrides,,,,,,0,,,0,,,VNM
Only in scratch_amanda,314a64db,20.88408618,106.7368696,VNM_742,,VNM,0.0,anchorage_overrides,,,,,,0,,,0,,,VNM
Only in scratch_amanda,314a64d1,20.8858547,106.7337575,VNM_743,,VNM,0.0,anchorage_overrides,,,,,,0,,,0,,,VNM
Only in scratch_amanda,314a64c5,20.88727626,106.7365963,VNM_744,,VNM,0.0,anchorage_overrides,,,,,,0,,,0,,,VNM
Only in scratch_amanda,314a64cf,20.88866191,106.7313786,VNM_745,,VNM,0.0,anchorage_overrides,,,,,,0,,,0,,,VNM
Only in scratch_amanda,314a5be1,20.89045825,107.0262093,VNM_746,,VNM,0.0,anchorage_overrides,,,,,,0,,,0,,,VNM
Only in scratch_amanda,314a5951,20.90257504,107.0172383,VNM_747,,VNM,0.0,anchorage_overrides,,,,,,0,,,0,,,VNM
Only in scratch_amanda,314a66c9,20.90313184,106.8438601,VNM_748,,VNM,0.0,anchorage_overrides,,,,,,0,,,0,,,VNM
Only in scratch_amanda,314a66cb,20.90629092,106.8435612,VNM_749,,VNM,0.0,anchorage_overrides,,,,,,0,,,0,,,VNM
Only in scratch_amanda,314a66b5,20.90705888,106.8391946,VNM_750,,VNM,0.0,anchorage_overrides,,,,,,0,,,0,,,VNM
Only in scratch_amanda,314a649b,20.90977169,106.7586687,VNM_751,,VNM,0.0,anchorage_overrides,,,,,,0,,,0,,,VNM
Only in scratch_amanda,314a66b3,20.91024398,106.8338815,VNM_752,,VNM,0.0,anchorage_overrides,,,,,,0,,,0,,,VNM
Only in scratch_amanda,314a6485,20.91032486,106.7588963,VNM_753,,VNM,0.0,anchorage_overrides,,,,,,0,,,0,,,VNM
Only in scratch_amanda,314a614d,20.91270016,106.8312945,VNM_756,,VNM,0.0,anchorage_overrides,,,,,,0,,,0,,,VNM
Only in scratch_amanda,314a5ec7,20.92036349,106.9909953,VNM_757,,VNM,0.0,anchorage_overrides,,,,,,0,,,0,,,VNM
Only in scratch_amanda,314a63e9,20.93275014,106.8024869,VNM_758,,VNM,0.0,anchorage_overrides,,,,,,0,,,0,,,VNM
Only in scratch_amanda,314a63eb,20.93382113,106.7986213,VNM_759,,VNM,0.0,anchorage_overrides,,,,,,0,,,0,,,VNM
Only in scratch_amanda,314a5837,20.94010202,107.0821188,VNM_762,,VNM,0.0,anchorage_overrides,,,,,,0,,,0,,,VNM
Only in scratch_amanda,314a5839,20.94621936,107.0822458,VNM_767,,VNM,0.0,anchorage_overrides,,,,,,0,,,0,,,VNM
Only in scratch_amanda,317557af,10.21621639,106.6851104,VNM_77,,VNM,0.0,anchorage_overrides,,,,,,0,,,0,,,VNM
Only in scratch_amanda,314a5859,20.95120497,107.0572825,VNM_770,,VNM,0.0,anchorage_overrides,,,,,,0,,,0,,,VNM
Only in scratch_amanda,314a585f,20.95257441,107.0580599,VNM_773,,VNM,0.0,anchorage_overrides,,,,,,0,,,0,,,VNM
Only in scratch_amanda,31755785,10.21668985,106.7169865,VNM_78,,VNM,0.0,anchorage_overrides,,,,,,0,,,0,,,VNM
Only in scratch_amanda,314affbd,20.98601279,107.2597553,VNM_780,,VNM,0.0,anchorage_overrides,,,,,,0,,,0,,,VNM
Only in scratch_amanda,314affa1,20.98797604,107.2444392,VNM_783,,VNM,0.0,anchorage_overrides,,,,,,0,,,0,,,VNM
Only in scratch_amanda,314aff0b,20.98910149,107.2418923,VNM_786,,VNM,0.0,anchorage_overrides,,,,,,0,,,0,,,VNM
Only in scratch_amanda,314affb9,20.99087508,107.2654472,VNM_789,,VNM,0.0,anchorage_overrides,,,,,,0,,,0,,,VNM
Only in scratch_amanda,317557ad,10.21796414,106.6805627,VNM_79,,VNM,0.0,anchorage_overrides,,,,,,0,,,0,,,VNM
Only in scratch_amanda,314affc7,20.99121228,107.2688141,VNM_790,,VNM,0.0,anchorage_overrides,,,,,,0,,,0,,,VNM
Only in scratch_amanda,314affc9,20.99402217,107.2700494,VNM_791,,VNM,0.0,anchorage_overrides,,,,,,0,,,0,,,VNM
Only in scratch_amanda,314affb7,20.99422447,107.2660029,VNM_792,,VNM,0.0,anchorage_overrides,,,,,,0,,,0,,,VNM
Only in scratch_amanda,314b0029,20.99536738,107.2930841,VNM_793,,VNM,0.0,anchorage_overrides,,,,,,0,,,0,,,VNM
Only in scratch_amanda,314affb1,20.99902334,107.260623,VNM_794,,VNM,0.0,anchorage_overrides,,,,,,0,,,0,,,VNM
Only in scratch_amanda,3198a871,8.654001628,106.5672751,VNM_8,,VNM,0.0,anchorage_overrides,,,,,,0,,,0,,,VNM
Only in scratch_amanda,314b05ad,21.07110535,107.4347912,VNM_802,,VNM,0.0,anchorage_overrides,,,,,,0,,,0,,,VNM
Only in scratch_amanda,314b38a1,21.39798668,107.6655392,VNM_808,,VNM,0.0,anchorage_overrides,,,,,,0,,,0,,,VNM
Only in scratch_amanda,31756f8d,10.3435834,107.072342,VNM_88,,VNM,0.0,anchorage_overrides,,,,,,0,,,0,,,VNM
Only in scratch_amanda,310aafb5,10.34569747,106.3913396,VNM_91,,VNM,0.0,anchorage_overrides,,,,,,0,,,0,,,VNM
Only in scratch_amanda,310aafb9,10.34758935,106.378325,VNM_94,,VNM,0.0,anchorage_overrides,,,,,,0,,,0,,,VNM
Only in scratch_amanda,310aafbf,10.34903004,106.3722035,VNM_95,,VNM,0.0,anchorage_overrides,,,,,,0,,,0,,,VNM
Only in scratch_amanda,310aafc7,10.35058213,106.3782897,VNM_96,,VNM,0.0,anchorage_overrides,,,,,,0,,,0,,,VNM
Only in scratch_amanda,3139d323,18.7537732,105.7598177,XUAN HOI FISHIGN PORT,,VNM,0.0,anchorage_overrides,,,,,,0,,,0,,,VNM
Only in scratch_amanda,9049dd79,-5.12756452933045,-81.17182204654961,YACILA,,PER,0.0,anchorage_overrides,,,,,,0,,,0,,,PER
Only in scratch_amanda,9049dd83,-5.120995487671233,-81.17258891780818,YACILA,,PER,0.0,anchorage_overrides,,,,,,0,,,0,,,PER
Only in scratch_amanda,9049dd77,-5.126462552215674,-81.17496877548807,YACILA,,PER,0.0,anchorage_overrides,,,,,,0,,,0,,,PER
Only in scratch_amanda,9621cf03,-43.11225,-73.71052777777778,YALDAD,,CHL,0.0,anchorage_overrides,,,,,,0,,,0,,,CHL
Only in scratch_amanda,9619b25d,-41.67236944444444,-72.65599722222223,YERBAS BUENAS,,CHL,0.0,anchorage_overrides,,,,,,0,,,0,,,CHL
Only in scratch_amanda,9622ec61,-41.81488888888889,-73.88926666666667,YUSTE,,CHL,0.0,anchorage_overrides,,,,,,0,,,0,,,CHL
Only in scratch_amanda,9689a497,-32.553,-71.46493333333333,ZAPALLAR,,CHL,0.0,anchorage_overrides,,,,,,0,,,0,,,CHL
Only in scratch_amanda,96bd3df9,-26.85336388888889,-70.81036388888889,ZENTENO,,CHL,0.0,anchorage_overrides,,,,,,0,,,0,,,CHL
Only in scratch_amanda,9033f88b,-3.6763,-80.6771,ZORRITOS,,PER,0.0,anchorage_overrides,,,,,,0,,,0,,,PER
Only in scratch_amanda,9033f85f,-3.6724319539890895,-80.6726656621472,ZORRITOS,,PER,0.0,anchorage_overrides,,,,,,0,,,0,,,PER
Only in scratch_amanda,9033f861,-3.6750808179669088,-80.67306612081799,ZORRITOS,,PER,0.0,anchorage_overrides,,,,,,0,,,0,,,PER
Only in scratch_amanda,92a34f8b,-1.7373709636187349,-48.902654323712795,ABAETETUBA,,BRA,1000.0,anchorage_overrides,,,,,,0,,,0,,,BRA
Only in scratch_amanda,92a34ff5,-1.7372378449839947,-48.897618618158326,ABAETETUBA,,BRA,1000.0,anchorage_overrides,,,,,,0,,,0,,,BRA
Only in scratch_amanda,92a34543,-1.7260910707093042,-48.89761861815833,ABAETETUBA,,BRA,1000.0,anchorage_overrides,,,,,,0,,,0,,,BRA
Only in scratch_amanda,92a34559,-1.7333890038328656,-48.89258336159393,ABAETETUBA,,BRA,1000.0,anchorage_overrides,,,,,,0,,,0,,,BRA
Only in scratch_amanda,92a3455f,-1.7335218396265293,-48.897618618158326,ABAETETUBA,,BRA,1000.0,anchorage_overrides,,,,,,0,,,0,,,BRA
Only in scratch_amanda,92a34545,-1.7259588036277742,-48.89258336159392,ABAETETUBA,,BRA,1000.0,anchorage_overrides,,,,,,0,,,0,,,BRA
Only in scratch_amanda,92a34547,-1.7222443244522847,-48.89258336159392,ABAETETUBA,,BRA,1000.0,anchorage_overrides,,,,,,0,,,0,,,BRA
Only in scratch_amanda,92a3453f,-1.7186619577636226,-48.89761861815833,ABAETETUBA,,BRA,1000.0,anchorage_overrides,,,,,,0,,,0,,,BRA
Only in scratch_amanda,92a344d1,-1.699835865617745,-48.887548554068424,ABAETETUBA,,BRA,1000.0,anchorage_overrides,,,,,,0,,,0,,,BRA
Only in scratch_amanda,92a3455b,-1.7296736967666932,-48.89258336159393,ABAETETUBA,,BRA,1000.0,anchorage_overrides,,,,,,0,,,0,,,BRA
Only in scratch_amanda,92a34541,-1.722376307221936,-48.89761861815833,ABAETETUBA,,BRA,1000.0,anchorage_overrides,,,,,,0,,,0,,,BRA
Only in scratch_amanda,92a34561,-1.7336546738644425,-48.902654323712795,ABAETETUBA,,BRA,1000.0,anchorage_overrides,,,,,,0,,,0,,,BRA
Only in scratch_amanda,92a3453d,-1.7149480223705058,-48.89761861815833,ABAETETUBA,,BRA,1000.0,anchorage_overrides,,,,,,0,,,0,,,BRA
Only in scratch_amanda,92a3453b,-1.7148166081361969,-48.89258336159392,ABAETETUBA,,BRA,1000.0,anchorage_overrides,,,,,,0,,,0,,,BRA
Only in scratch_amanda,92a3455d,-1.7298062481895635,-48.89761861815833,ABAETETUBA,,BRA,1000.0,anchorage_overrides,,,,,,0,,,0,,,BRA
Only in scratch_amanda,92a344d3,-1.6997055850673823,-48.88251419563062,ABAETETUBA,,BRA,1000.0,anchorage_overrides,,,,,,0,,,0,,,BRA
Only in scratch_amanda,92a34539,-1.7185302592763818,-48.89258336159392,ABAETETUBA,,BRA,1000.0,anchorage_overrides,,,,,,0,,,0,,,BRA
Only in scratch_amanda,92a34525,-1.7111033710678436,-48.89258336159392,ABAETETUBA,,BRA,1000.0,anchorage_overrides,,,,,,0,,,0,,,BRA
Only in scratch_amanda,92a34ff7,-1.7371047247900933,-48.89258336159392,ABAETETUBA,,BRA,1000.0,anchorage_overrides,,,,,,0,,,0,,,BRA
Only in scratch_amanda,92a34523,-1.7112345010787064,-48.89761861815833,ABAETETUBA,,BRA,1000.0,anchorage_overrides,,,,,,0,,,0,,,BRA
Only in scratch_amanda,90340053,-3.7343879704918024,-80.77406460357672,ACAPULCO,,PER,1000.0,anchorage_overrides,,,,,,0,,,0,,,PER
Only in scratch_amanda,903401b3,-3.735534095238095,-80.77792404761904,ACAPULCO,,PER,1000.0,anchorage_overrides,,,,,,0,,,0,,,PER
Only in scratch_amanda,903401ad,-3.736206155466778,-80.77311106131205,ACAPULCO,,PER,1000.0,anchorage_overrides,,,,,,0,,,0,,,PER
Only in scratch_amanda,9034004d,-3.7352,-80.77759975,ACAPULCO,,PER,1000.0,anchorage_overrides,,,,,,0,,,0,,,PER
Only in scratch_amanda,07e9ff1b,-2.8425986404260075,-40.03510928669298,ACARAU,,BRA,1000.0,anchorage_overrides,,,,,,0,,,0,,,BRA
Only in scratch_amanda,07e9ff11,-2.8464911367712076,-40.03510928669298,ACARAU,,BRA,1000.0,anchorage_overrides,,,,,,0,,,0,,,BRA
Only in scratch_amanda,91166337,-15.348216769230763,-75.16386280153844,ACARI,,PER,1000.0,anchorage_overrides,,,,,,0,,,0,,,PER
Only in scratch_amanda,91166339,-15.347531914893615,-75.16972269361703,ACARI,,PER,1000.0,anchorage_overrides,,,,,,0,,,0,,,PER
Only in scratch_amanda,00b91d49,-20.816704743901393,-40.65245120200032,ANCHIETA,,BRA,1000.0,anchorage_overrides,,,,,,0,,,0,,,BRA
Only in scratch_amanda,00b91d37,-20.815257048918035,-40.65752622204449,ANCHIETA,,BRA,1000.0,anchorage_overrides,,,,,,0,,,0,,,BRA
Only in scratch_amanda,00b91d4b,-20.811814561874073,-40.65245120200032,ANCHIETA,,BRA,1000.0,anchorage_overrides,,,,,,0,,,0,,,BRA
Only in scratch_amanda,00b91d35,-20.81036714493031,-40.65752622204448,ANCHIETA,,BRA,1000.0,anchorage_overrides,,,,,,0,,,0,,,BRA
Only in scratch_amanda,00b91d31,-20.813809303628325,-40.6626007975766,ANCHIETA,,BRA,1000.0,anchorage_overrides,,,,,,0,,,0,,,BRA
Only in scratch_amanda,962292a9,-41.86691666666667,-73.83155555555555,ANCUD,,CHL,1000.0,anchorage_overrides,,,,,,0,,,0,,,CHL
Only in scratch_amanda,009cff0d,-23.185611030071613,-44.35439635829147,ANGRA DOS REIS,,BRA,1000.0,anchorage_overrides,,,,,,0,,,0,,,BRA
Only in scratch_amanda,009c4bf7,-22.94255376823807,-44.33548138687405,ANGRA DOS REIS,,BRA,1000.0,anchorage_overrides,,,,,,0,,,0,,,BRA
Only in scratch_amanda,009c4b87,-22.935918065586435,-44.35439635829147,ANGRA DOS REIS,,BRA,1000.0,anchorage_overrides,,,,,,0,,,0,,,BRA
Only in scratch_amanda,009c4e13,-23.012120471492363,-44.31182705815948,ANGRA DOS REIS,,BRA,1000.0,anchorage_overrides,,,,,,0,,,0,,,BRA
Only in scratch_amanda,009c4c7f,-22.938969620846517,-44.359123921590594,ANGRA DOS REIS,,BRA,1000.0,anchorage_overrides,,,,,,0,,,0,,,BRA
Only in scratch_amanda,009c4e05,-23.019884451052675,-44.3165588672974,ANGRA DOS REIS,,BRA,1000.0,anchorage_overrides,,,,,,0,,,0,,,BRA
Only in scratch_amanda,009c4c0d,-22.95031803683796,-44.340210837420216,ANGRA DOS REIS,,BRA,1000.0,anchorage_overrides,,,,,,0,,,0,,,BRA
Only in scratch_amanda,009c4b85,-22.931207299551986,-44.354396358291474,ANGRA DOS REIS,,BRA,1000.0,anchorage_overrides,,,,,,0,,,0,,,BRA
Only in scratch_amanda,009c4c09,-22.94726560988976,-44.33548138687405,ANGRA DOS REIS,,BRA,1000.0,anchorage_overrides,,,,,,0,,,0,,,BRA
Only in scratch_amanda,009c4bf9,-22.944212655686524,-44.330751464567875,ANGRA DOS REIS,,BRA,1000.0,anchorage_overrides,,,,,,0,,,0,,,BRA
Only in scratch_amanda,009c4c6d,-22.953369936570233,-44.34493981618568,ANGRA DOS REIS,,BRA,1000.0,anchorage_overrides,,,,,,0,,,0,,,BRA
Only in scratch_amanda,009cff47,-23.18758997883096,-44.33548138687406,ANGRA DOS REIS,,BRA,1000.0,anchorage_overrides,,,,,,0,,,0,,,BRA
Only in scratch_amanda,009c4e11,-23.016833847173903,-44.31182705815947,ANGRA DOS REIS,,BRA,1000.0,anchorage_overrides,,,,,,0,,,0,,,BRA
Only in scratch_amanda,009c4c6f,-22.951710209696653,-44.34966832314964,ANGRA DOS REIS,,BRA,1000.0,anchorage_overrides,,,,,,0,,,0,,,BRA
Only in scratch_amanda,009cff73,-23.180899482308025,-44.35439635829147,ANGRA DOS REIS,,BRA,1000.0,anchorage_overrides,,,,,,0,,,0,,,BRA
Only in scratch_amanda,009c4c07,-22.94892476185001,-44.330751464567875,ANGRA DOS REIS,,BRA,1000.0,anchorage_overrides,,,,,,0,,,0,,,BRA
Only in scratch_amanda,009c4e0f,-23.0151713236235,-44.31655886729741,ANGRA DOS REIS,,BRA,1000.0,anchorage_overrides,,,,,,0,,,0,,,BRA
Only in scratch_amanda,009cff45,-23.18287739397601,-44.33548138687405,ANGRA DOS REIS,,BRA,1000.0,anchorage_overrides,,,,,,0,,,0,,,BRA
Only in scratch_amanda,961f4c53,-42.59161111111111,-73.22619444444445,APIAO,,CHL,1000.0,anchorage_overrides,,,,,,0,,,0,,,CHL
Only in scratch_amanda,00b7ef15,-19.947456349921975,-40.16830529392348,ARACRUZ,,BRA,1000.0,anchorage_overrides,,,,,,0,,,0,,,BRA
Only in scratch_amanda,00b7ef41,-19.943938738209013,-40.16318785423334,ARACRUZ,,BRA,1000.0,anchorage_overrides,,,,,,0,,,0,,,BRA
Only in scratch_amanda,00b7ef6b,-19.94884155927424,-40.163187854233335,ARACRUZ,,BRA,1000.0,anchorage_overrides,,,,,,0,,,0,,,BRA
Only in scratch_amanda,0097194f,-22.978132310666165,-42.006402535628126,ARRAIAL DO CABO,,BRA,1000.0,anchorage_overrides,,,,,,0,,,0,,,BRA
Only in scratch_amanda,00971945,-22.97652894252595,-42.01135576576135,ARRAIAL DO CABO,,BRA,1000.0,anchorage_overrides,,,,,,0,,,0,,,BRA
Only in scratch_amanda,00971941,-22.979761189004225,-42.01630853876554,ARRAIAL DO CABO,,BRA,1000.0,anchorage_overrides,,,,,,0,,,0,,,BRA
Only in scratch_amanda,0097195b,-22.9716930345241,-42.01135576576135,ARRAIAL DO CABO,,BRA,1000.0,anchorage_overrides,,,,,,0,,,0,,,BRA
Only in scratch_amanda,9618401f,-41.62072222222222,-73.08319444444444,BAHIA ILQUE,,CHL,1000.0,anchorage_overrides,,,,,,0,,,0,,,CHL
Only in scratch_amanda,07b29d15,-6.368886986521583,-35.014032439509066,BAIA FORMOSA,,BRA,1000.0,anchorage_overrides,,,,,,0,,,0,,,BRA
Only in scratch_amanda,07b29d3d,-6.363985023642728,-35.01954062318481,BAIA FORMOSA,,BRA,1000.0,anchorage_overrides,,,,,,0,,,0,,,BRA
Only in scratch_amanda,07b29d17,-6.364410180229945,-35.014032439509066,BAIA FORMOSA,,BRA,1000.0,anchorage_overrides,,,,,,0,,,0,,,BRA
Only in scratch_amanda,07b29d3f,-6.368461535814873,-35.01954062318481,BAIA FORMOSA,,BRA,1000.0,anchorage_overrides,,,,,,0,,,0,,,BRA
Only in scratch_amanda,90497033,-5.816018837854658,-81.0295305200264,BAJOVAR,,PER,1000.0,anchorage_overrides,,,,,,0,,,0,,,PER
Only in scratch_amanda,94d930ff,-26.463129769652124,-48.59629967009358,BALNEARIO BARRA DO SUL,,BRA,1000.0,anchorage_overrides,,,,,,0,,,0,,,BRA
Only in scratch_amanda,94d930f9,-26.46136801050317,-48.59129144063823,BALNEARIO BARRA DO SUL,,BRA,1000.0,anchorage_overrides,,,,,,0,,,0,,,BRA
Only in scratch_amanda,92a48eb5,-1.4324277377282373,-48.49622099135556,BELEM,,BRA,1000.0,anchorage_overrides,,,,,,0,,,0,,,BRA
Only in scratch_amanda,92a48e97,-1.4469610341017662,-48.491221808291186,BELEM,,BRA,1000.0,anchorage_overrides,,,,,,0,,,0,,,BRA
Only in scratch_amanda,92a48e93,-1.4507349918533567,-48.49622099135555,BELEM,,BRA,1000.0,anchorage_overrides,,,,,,0,,,0,,,BRA
Only in scratch_amanda,92a465d5,-1.2824023174378736,-48.481224800598426,BELEM,,BRA,1000.0,anchorage_overrides,,,,,,0,,,0,,,BRA
Only in scratch_amanda,92a4643b,-1.2935315521266133,-48.491221808291186,BELEM,,BRA,1000.0,anchorage_overrides,,,,,,0,,,0,,,BRA
Only in scratch_amanda,92a48e39,-1.47661041467105,-48.506220715694354,BELEM,,BRA,1000.0,anchorage_overrides,,,,,,0,,,0,,,BRA
Only in scratch_amanda,92a48e03,-1.487150982048571,-48.486223078023755,BELEM,,BRA,1000.0,anchorage_overrides,,,,,,0,,,0,,,BRA
Only in scratch_amanda,92a46425,-1.2934317061798166,-48.486223078023755,BELEM,,BRA,1000.0,anchorage_overrides,,,,,,0,,,0,,,BRA
Only in scratch_amanda,92a48ef7,-1.4582858415360511,-48.506220715694354,BELEM,,BRA,1000.0,anchorage_overrides,,,,,,0,,,0,,,BRA
Only in scratch_amanda,92a48ee9,-1.4472960669214578,-48.50622071569435,BELEM,,BRA,1000.0,anchorage_overrides,,,,,,0,,,0,,,BRA
Only in scratch_amanda,92a48e0b,-1.4760407220193397,-48.481224800598426,BELEM,,BRA,1000.0,anchorage_overrides,,,,,,0,,,0,,,BRA
Only in scratch_amanda,92a48e0f,-1.4798196884894277,-48.486223078023755,BELEM,,BRA,1000.0,anchorage_overrides,,,,,,0,,,0,,,BRA
Only in scratch_amanda,92a48eb3,-1.4323171884960024,-48.491221808291186,BELEM,,BRA,1000.0,anchorage_overrides,,,,,,0,,,0,,,BRA
Only in scratch_amanda,92a46441,-1.2973763777845118,-48.50122062717168,BELEM,,BRA,1000.0,anchorage_overrides,,,,,,0,,,0,,,BRA
Only in scratch_amanda,92a48e09,-1.479705465468882,-48.481224800598426,BELEM,,BRA,1000.0,anchorage_overrides,,,,,,0,,,0,,,BRA
Only in scratch_amanda,92a48ecd,-1.4326488334858205,-48.506220715694354,BELEM,,BRA,1000.0,anchorage_overrides,,,,,,0,,,0,,,BRA
Only in scratch_amanda,92a48eff,-1.458510886669799,-48.5162222506782,BELEM,,BRA,1000.0,anchorage_overrides,,,,,,0,,,0,,,BRA
Only in scratch_amanda,92a48937,-1.425217719856379,-48.50122062717167,BELEM,,BRA,1000.0,anchorage_overrides,,,,,,0,,,0,,,BRA
Only in scratch_amanda,92a48e37,-1.4767243504045064,-48.51122125687829,BELEM,,BRA,1000.0,anchorage_overrides,,,,,,0,,,0,,,BRA
Only in scratch_amanda,92a4643d,-1.2971761260688757,-48.491221808291186,BELEM,,BRA,1000.0,anchorage_overrides,,,,,,0,,,0,,,BRA
Only in scratch_amanda,92a48dfd,-1.4832561160802131,-48.476226976060246,BELEM,,BRA,1000.0,anchorage_overrides,,,,,,0,,,0,,,BRA
Only in scratch_amanda,92a48d8f,-1.4826835694146514,-48.451244648251816,BELEM,,BRA,1000.0,anchorage_overrides,,,,,,0,,,0,,,BRA
Only in scratch_amanda,92a48ec1,-1.443522242800772,-48.50122062717168,BELEM,,BRA,1000.0,anchorage_overrides,,,,,,0,,,0,,,BRA
Only in scratch_amanda,92a48df1,-1.4830271001206932,-48.4662326858255,BELEM,,BRA,1000.0,anchorage_overrides,,,,,,0,,,0,,,BRA
Only in scratch_amanda,92a48e75,-1.4723763923772306,-48.481224800598426,BELEM,,BRA,1000.0,anchorage_overrides,,,,,,0,,,0,,,BRA
Only in scratch_amanda,92a48e07,-1.4833706226917147,-48.481224800598426,BELEM,,BRA,1000.0,anchorage_overrides,,,,,,0,,,0,,,BRA
Only in scratch_amanda,92a48df3,-1.482912590782614,-48.46123622021892,BELEM,,BRA,1000.0,anchorage_overrides,,,,,,0,,,0,,,BRA
Only in scratch_amanda,92a48e25,-1.483943141867779,-48.506220715694354,BELEM,,BRA,1000.0,anchorage_overrides,,,,,,0,,,0,,,BRA
Only in scratch_amanda,92a48e45,-1.4692793433050115,-48.506220715694354,BELEM,,BRA,1000.0,anchorage_overrides,,,,,,0,,,0,,,BRA
Only in scratch_amanda,92a48e59,-1.4619499280428725,-48.50622071569435,BELEM,,BRA,1000.0,anchorage_overrides,,,,,,0,,,0,,,BRA
Only in scratch_amanda,92a4642d,-1.2861443671396895,-48.486223078023755,BELEM,,BRA,1000.0,anchorage_overrides,,,,,,0,,,0,,,BRA
Only in scratch_amanda,92a48e8d,-1.4543976852228144,-48.49622099135556,BELEM,,BRA,1000.0,anchorage_overrides,,,,,,0,,,0,,,BRA
Only in scratch_amanda,92a48eef,-1.4509589109412968,-48.506220715694354,BELEM,,BRA,1000.0,anchorage_overrides,,,,,,0,,,0,,,BRA
Only in scratch_amanda,92a48ec9,-1.4361991906825815,-48.50122062717168,BELEM,,BRA,1000.0,anchorage_overrides,,,,,,0,,,0,,,BRA
Only in scratch_amanda,92a465d3,-1.2825013209802705,-48.486223078023755,BELEM,,BRA,1000.0,anchorage_overrides,,,,,,0,,,0,,,BRA
Only in scratch_amanda,92a48ef9,-1.4583983645688567,-48.511221256878294,BELEM,,BRA,1000.0,anchorage_overrides,,,,,,0,,,0,,,BRA
Only in scratch_amanda,92a48e1d,-1.4872657695173566,-48.491221808291186,BELEM,,BRA,1000.0,anchorage_overrides,,,,,,0,,,0,,,BRA
Only in scratch_amanda,92a48e91,-1.4506230309382435,-48.49122180829119,BELEM,,BRA,1000.0,anchorage_overrides,,,,,,0,,,0,,,BRA
Only in scratch_amanda,92a48e49,-1.4730583251253122,-48.511221256878294,BELEM,,BRA,1000.0,anchorage_overrides,,,,,,0,,,0,,,BRA
Only in scratch_amanda,92a48eed,-1.4508469518559963,-48.50122062717168,BELEM,,BRA,1000.0,anchorage_overrides,,,,,,0,,,0,,,BRA
Only in scratch_amanda,92a46423,-1.2970759989943526,-48.48622307802376,BELEM,,BRA,1000.0,anchorage_overrides,,,,,,0,,,0,,,BRA
Only in scratch_amanda,92a48e5f,-1.4618371216007222,-48.50122062717167,BELEM,,BRA,1000.0,anchorage_overrides,,,,,,0,,,0,,,BRA
Only in scratch_amanda,92a48e19,-1.4837141369935385,-48.49622099135556,BELEM,,BRA,1000.0,anchorage_overrides,,,,,,0,,,0,,,BRA
Only in scratch_amanda,92a48ecb,-1.4325382860597782,-48.50122062717168,BELEM,,BRA,1000.0,anchorage_overrides,,,,,,0,,,0,,,BRA
Only in scratch_amanda,92a4643f,-1.2972762523337116,-48.49622099135556,BELEM,,BRA,1000.0,anchorage_overrides,,,,,,0,,,0,,,BRA
Only in scratch_amanda,92a48eb1,-1.4359775285685197,-48.491221808291186,BELEM,,BRA,1000.0,anchorage_overrides,,,,,,0,,,0,,,BRA
Only in scratch_amanda,92a48ee3,-1.4511828263404123,-48.5162222506782,BELEM,,BRA,1000.0,anchorage_overrides,,,,,,0,,,0,,,BRA
Only in scratch_amanda,92a48e21,-1.4874953416566514,-48.50122062717167,BELEM,,BRA,1000.0,anchorage_overrides,,,,,,0,,,0,,,BRA
Only in scratch_amanda,92a48939,-1.421558058343572,-48.50122062717168,BELEM,,BRA,1000.0,anchorage_overrides,,,,,,0,,,0,,,BRA
Only in scratch_amanda,92a48935,-1.428877795773076,-48.50122062717168,BELEM,,BRA,1000.0,anchorage_overrides,,,,,,0,,,0,,,BRA
Only in scratch_amanda,92a48ef1,-1.454622169157507,-48.506220715694354,BELEM,,BRA,1000.0,anchorage_overrides,,,,,,0,,,0,,,BRA
Only in scratch_amanda,92a48dfb,-1.4831416085548823,-48.471229604454265,BELEM,,BRA,1000.0,anchorage_overrides,,,,,,0,,,0,,,BRA
Only in scratch_amanda,92a48efb,-1.4547344097404098,-48.51122125687829,BELEM,,BRA,1000.0,anchorage_overrides,,,,,,0,,,0,,,BRA
Only in scratch_amanda,92a46429,-1.289688263233661,-48.481224800598426,BELEM,,BRA,1000.0,anchorage_overrides,,,,,,0,,,0,,,BRA
Only in scratch_amanda,92a46447,-1.293731241593761,-48.50122062717168,BELEM,,BRA,1000.0,anchorage_overrides,,,,,,0,,,0,,,BRA
Only in scratch_amanda,92a48e4b,-1.4731719773170608,-48.5162222506782,BELEM,,BRA,1000.0,anchorage_overrides,,,,,,0,,,0,,,BRA
Only in scratch_amanda,92a48ebd,-1.4432994514053423,-48.491221808291186,BELEM,,BRA,1000.0,anchorage_overrides,,,,,,0,,,0,,,BRA
Only in scratch_amanda,92a48e69,-1.4690525993815633,-48.49622099135556,BELEM,,BRA,1000.0,anchorage_overrides,,,,,,0,,,0,,,BRA
Only in scratch_amanda,92a46431,-1.2898873937334048,-48.491221808291186,BELEM,,BRA,1000.0,anchorage_overrides,,,,,,0,,,0,,,BRA
Only in scratch_amanda,92a48e67,-1.4653882498078634,-48.49622099135556,BELEM,,BRA,1000.0,anchorage_overrides,,,,,,0,,,0,,,BRA
Only in scratch_amanda,92a48e0d,-1.4761546623977695,-48.486223078023755,BELEM,,BRA,1000.0,anchorage_overrides,,,,,,0,,,0,,,BRA
Only in scratch_amanda,92a48e4f,-1.469392713868012,-48.51122125687829,BELEM,,BRA,1000.0,anchorage_overrides,,,,,,0,,,0,,,BRA
Only in scratch_amanda,92a48ee7,-1.447407742694846,-48.51122125687829,BELEM,,BRA,1000.0,anchorage_overrides,,,,,,0,,,0,,,BRA
Only in scratch_amanda,92a48e01,-1.4870361936536758,-48.481224800598426,BELEM,,BRA,1000.0,anchorage_overrides,,,,,,0,,,0,,,BRA
Only in scratch_amanda,92a48e15,-1.4763825403923962,-48.49622099135556,BELEM,,BRA,1000.0,anchorage_overrides,,,,,,0,,,0,,,BRA
Only in scratch_amanda,92a465cd,-1.2826003237265466,-48.491221808291186,BELEM,,BRA,1000.0,anchorage_overrides,,,,,,0,,,0,,,BRA
Only in scratch_amanda,92a46433,-1.2862436509223552,-48.491221808291186,BELEM,,BRA,1000.0,anchorage_overrides,,,,,,0,,,0,,,BRA
Only in scratch_amanda,92a48e43,-1.469165971807886,-48.50122062717168,BELEM,,BRA,1000.0,anchorage_overrides,,,,,,0,,,0,,,BRA
Only in scratch_amanda,92a48ebb,-1.439638282882943,-48.491221808291186,BELEM,,BRA,1000.0,anchorage_overrides,,,,,,0,,,0,,,BRA
Only in scratch_amanda,92a48e55,-1.4621755381342023,-48.5162222506782,BELEM,,BRA,1000.0,anchorage_overrides,,,,,,0,,,0,,,BRA
Only in scratch_amanda,92a4646b,-1.3010219295520509,-48.50122062717168,BELEM,,BRA,1000.0,anchorage_overrides,,,,,,0,,,0,,,BRA
Only in scratch_amanda,92a48e05,-1.4834851283844186,-48.48622307802376,BELEM,,BRA,1000.0,anchorage_overrides,,,,,,0,,,0,,,BRA
Only in scratch_amanda,92a4646d,-1.304667896863218,-48.50122062717168,BELEM,,BRA,1000.0,anchorage_overrides,,,,,,0,,,0,,,BRA
Only in scratch_amanda,92a48e5b,-1.4656144286438924,-48.50622071569435,BELEM,,BRA,1000.0,anchorage_overrides,,,,,,0,,,0,,,BRA
Only in scratch_amanda,92a48ecf,-1.4363100203802233,-48.506220715694354,BELEM,,BRA,1000.0,anchorage_overrides,,,,,,0,,,0,,,BRA
Only in scratch_amanda,92a48e1f,-1.4873805560550457,-48.49622099135556,BELEM,,BRA,1000.0,anchorage_overrides,,,,,,0,,,0,,,BRA
Only in scratch_amanda,92a48e23,-1.4838286399000065,-48.50122062717168,BELEM,,BRA,1000.0,anchorage_overrides,,,,,,0,,,0,,,BRA
Only in scratch_amanda,92a48e47,-1.4729446719921109,-48.506220715694354,BELEM,,BRA,1000.0,anchorage_overrides,,,,,,0,,,0,,,BRA
Only in scratch_amanda,92a48e3d,-1.4801623520026228,-48.50122062717168,BELEM,,BRA,1000.0,anchorage_overrides,,,,,,0,,,0,,,BRA
Only in scratch_amanda,92a48ec7,-1.4398605096075616,-48.50122062717167,BELEM,,BRA,1000.0,anchorage_overrides,,,,,,0,,,0,,,BRA
Only in scratch_amanda,92a48e57,-1.4620627335556673,-48.51122125687828,BELEM,,BRA,1000.0,anchorage_overrides,,,,,,0,,,0,,,BRA
Only in scratch_amanda,92a48e17,-1.480048131761259,-48.49622099135555,BELEM,,BRA,1000.0,anchorage_overrides,,,,,,0,,,0,,,BRA
Only in scratch_amanda,92a48ef3,-1.4545099276500155,-48.50122062717168,BELEM,,BRA,1000.0,anchorage_overrides,,,,,,0,,,0,,,BRA
Only in scratch_amanda,92a48e6d,-1.4726037069932023,-48.491221808291186,BELEM,,BRA,1000.0,anchorage_overrides,,,,,,0,,,0,,,BRA
Only in scratch_amanda,92a48d8b,-1.4864622379619463,-48.4562402076794,BELEM,,BRA,1000.0,anchorage_overrides,,,,,,0,,,0,,,BRA
Only in scratch_amanda,92a48efd,-1.4548466493938448,-48.51622225067821,BELEM,,BRA,1000.0,anchorage_overrides,,,,,,0,,,0,,,BRA
Only in scratch_amanda,92a48e41,-1.4728310179223991,-48.50122062717167,BELEM,,BRA,1000.0,anchorage_overrides,,,,,,0,,,0,,,BRA
Only in scratch_amanda,92a46439,-1.2936313972660405,-48.49622099135556,BELEM,,BRA,1000.0,anchorage_overrides,,,,,,0,,,0,,,BRA
Only in scratch_amanda,92a48ec3,-1.4436336371320062,-48.506220715694354,BELEM,,BRA,1000.0,anchorage_overrides,,,,,,0,,,0,,,BRA
Only in scratch_amanda,92a4642f,-1.2897878288838966,-48.486223078023755,BELEM,,BRA,1000.0,anchorage_overrides,,,,,,0,,,0,,,BRA
Only in scratch_amanda,92a48e73,-1.4724900501435951,-48.48622307802376,BELEM,,BRA,1000.0,anchorage_overrides,,,,,,0,,,0,,,BRA
Only in scratch_amanda,92a48dff,-1.4869214043376535,-48.476226976060246,BELEM,,BRA,1000.0,anchorage_overrides,,,,,,0,,,0,,,BRA
Only in scratch_amanda,92a46421,-1.2969758711144912,-48.481224800598426,BELEM,,BRA,1000.0,anchorage_overrides,,,,,,0,,,0,,,BRA
Only in scratch_amanda,92a48e3b,-1.4802765713076664,-48.506220715694354,BELEM,,BRA,1000.0,anchorage_overrides,,,,,,0,,,0,,,BRA
Only in scratch_amanda,92a48ec5,-1.4399716216069365,-48.506220715694354,BELEM,,BRA,1000.0,anchorage_overrides,,,,,,0,,,0,,,BRA
Only in scratch_amanda,92a48e4d,-1.4695060834919584,-48.5162222506782,BELEM,,BRA,1000.0,anchorage_overrides,,,,,,0,,,0,,,BRA
Only in scratch_amanda,92a48d89,-1.4863474441150146,-48.451244648251816,BELEM,,BRA,1000.0,anchorage_overrides,,,,,,0,,,0,,,BRA
Only in scratch_amanda,92a48d8d,-1.4827980805456116,-48.45624020767941,BELEM,,BRA,1000.0,anchorage_overrides,,,,,,0,,,0,,,BRA
Only in scratch_amanda,92a4642b,-1.2860450825586005,-48.481224800598426,BELEM,,BRA,1000.0,anchorage_overrides,,,,,,0,,,0,,,BRA
Only in scratch_amanda,92a48e51,-1.4657275166667547,-48.51122125687829,BELEM,,BRA,1000.0,anchorage_overrides,,,,,,0,,,0,,,BRA
Only in scratch_amanda,92a48df7,-1.486691822962162,-48.466232685825496,BELEM,,BRA,1000.0,anchorage_overrides,,,,,,0,,,0,,,BRA
Only in scratch_amanda,92a48df9,-1.4868066141054883,-48.471229604454265,BELEM,,BRA,1000.0,anchorage_overrides,,,,,,0,,,0,,,BRA
Only in scratch_amanda,92a48e6f,-1.4689392260309708,-48.491221808291186,BELEM,,BRA,1000.0,anchorage_overrides,,,,,,0,,,0,,,BRA
Only in scratch_amanda,92a48e5d,-1.4655013396892898,-48.50122062717168,BELEM,,BRA,1000.0,anchorage_overrides,,,,,,0,,,0,,,BRA
Only in scratch_amanda,92a48edd,-1.4437450305457973,-48.51122125687829,BELEM,,BRA,1000.0,anchorage_overrides,,,,,,0,,,0,,,BRA
Only in scratch_amanda,92a48e1b,-1.4835996331533503,-48.491221808291186,BELEM,,BRA,1000.0,anchorage_overrides,,,,,,0,,,0,,,BRA
Only in scratch_amanda,92a48e53,-1.46584060375296,-48.51622225067821,BELEM,,BRA,1000.0,anchorage_overrides,,,,,,0,,,0,,,BRA
Only in scratch_amanda,92a48e11,-1.47993391058854,-48.491221808291186,BELEM,,BRA,1000.0,anchorage_overrides,,,,,,0,,,0,,,BRA
Only in scratch_amanda,92a46437,-1.2899869577778604,-48.49622099135555,BELEM,,BRA,1000.0,anchorage_overrides,,,,,,0,,,0,,,BRA
Only in scratch_amanda,92a48ee1,-1.447519417543554,-48.5162222506782,BELEM,,BRA,1000.0,anchorage_overrides,,,,,,0,,,0,,,BRA
Only in scratch_amanda,92a48e3f,-1.476496477998696,-48.50122062717168,BELEM,,BRA,1000.0,anchorage_overrides,,,,,,0,,,0,,,BRA
Only in scratch_amanda,92a48e31,-1.4803907896714257,-48.51122125687829,BELEM,,BRA,1000.0,anchorage_overrides,,,,,,0,,,0,,,BRA
Only in scratch_amanda,92a48df5,-1.4865770309126551,-48.46123622021892,BELEM,,BRA,1000.0,anchorage_overrides,,,,,,0,,,0,,,BRA
Only in scratch_amanda,92a48e6b,-1.472717362921116,-48.49622099135556,BELEM,,BRA,1000.0,anchorage_overrides,,,,,,0,,,0,,,BRA
Only in scratch_amanda,92a48e13,-1.4762686018571043,-48.491221808291186,BELEM,,BRA,1000.0,anchorage_overrides,,,,,,0,,,0,,,BRA
Only in scratch_amanda,92a48ef5,-1.4581733175762737,-48.50122062717168,BELEM,,BRA,1000.0,anchorage_overrides,,,,,,0,,,0,,,BRA
Only in scratch_amanda,92a48ee5,-1.4510708691043914,-48.51122125687829,BELEM,,BRA,1000.0,anchorage_overrides,,,,,,0,,,0,,,BRA
Only in scratch_amanda,92a46427,-1.2933318594299876,-48.481224800598426,BELEM,,BRA,1000.0,anchorage_overrides,,,,,,0,,,0,,,BRA
Only in scratch_amanda,92a46435,-1.2863429339022847,-48.49622099135556,BELEM,,BRA,1000.0,anchorage_overrides,,,,,,0,,,0,,,BRA
Only in scratch_amanda,134c30ef,42.449946,18.650745,BIJELA,,MNE,1000.0,anchorage_overrides,,,,,,0,,,0,,,MNE
Only in scratch_amanda,31756f07,10.37037924,107.0519553,BINH DAI FISHING PORT,,VNM,1000.0,anchorage_overrides,,,,,,0,,,0,,,VNM
Only in scratch_amanda,8fb269e1,7.335,-80.346,BUCARO,,PAN,1000.0,anchorage_overrides,,,,,,0,,,0,,,PAN
Only in scratch_amanda,8fb24275,7.332,-80.343,BUCARO,,PAN,1000.0,anchorage_overrides,,,,,,0,,,0,,,PAN
Only in scratch_amanda,8fb2420b,7.33,-80.346,BUCARO,,PAN,1000.0,anchorage_overrides,,,,,,0,,,0,,,PAN
Only in scratch_amanda,07acdf99,-6.997071077999383,-34.826540569219446,CABEDELO,,BRA,1000.0,anchorage_overrides,,,,,,0,,,0,,,BRA
Only in scratch_amanda,07acdf85,-6.987995175479332,-34.82654056921944,CABEDELO,,BRA,1000.0,anchorage_overrides,,,,,,0,,,0,,,BRA
Only in scratch_amanda,07acdf87,-6.983457782513766,-34.826540569219446,CABEDELO,,BRA,1000.0,anchorage_overrides,,,,,,0,,,0,,,BRA
Only in scratch_amanda,07ad200b,-6.977531002052295,-34.84310061155179,CABEDELO,,BRA,1000.0,anchorage_overrides,,,,,,0,,,0,,,BRA
Only in scratch_amanda,07ad2015,-6.963924831075157,-34.84310061155179,CABEDELO,,BRA,1000.0,anchorage_overrides,,,,,,0,,,0,,,BRA
Only in scratch_amanda,07ad200f,-6.972532211035096,-34.84861991202512,CABEDELO,,BRA,1000.0,anchorage_overrides,,,,,,0,,,0,,,BRA
Only in scratch_amanda,07ad2017,-6.963462393225003,-34.84861991202513,CABEDELO,,BRA,1000.0,anchorage_overrides,,,,,,0,,,0,,,BRA
Only in scratch_amanda,07acdf9b,-6.992532940668261,-34.826540569219446,CABEDELO,,BRA,1000.0,anchorage_overrides,,,,,,0,,,0,,,BRA
Only in scratch_amanda,07ad2011,-6.967997115881447,-34.84861991202513,CABEDELO,,BRA,1000.0,anchorage_overrides,,,,,,0,,,0,,,BRA
Only in scratch_amanda,07ad2079,-6.978920761852718,-34.826540569219446,CABEDELO,,BRA,1000.0,anchorage_overrides,,,,,,0,,,0,,,BRA
Only in scratch_amanda,07ad2009,-6.977067678604952,-34.84861991202513,CABEDELO,,BRA,1000.0,anchorage_overrides,,,,,,0,,,0,,,BRA
Only in scratch_amanda,07ad207b,-6.9743841135773055,-34.826540569219446,CABEDELO,,BRA,1000.0,anchorage_overrides,,,,,,0,,,0,,,BRA
Only in scratch_amanda,0097adf1,-22.592779710199245,-41.98658504461894,CABO FRIO,,BRA,1000.0,anchorage_overrides,,,,,,0,,,0,,,BRA
Only in scratch_amanda,0097ade9,-22.602451518797597,-41.98658504461894,CABO FRIO,,BRA,1000.0,anchorage_overrides,,,,,,0,,,0,,,BRA
Only in scratch_amanda,0097adef,-22.597615604077102,-41.98658504461894,CABO FRIO,,BRA,1000.0,anchorage_overrides,,,,,,0,,,0,,,BRA
Only in scratch_amanda,961867cd,-41.77640833333333,-73.12990555555555,CALBUCO - LA VEGA,,CHL,1000.0,anchorage_overrides,,,,,,0,,,0,,,CHL
Only in scratch_amanda,8fa033b9,9.9222,-84.721,CALDERA,,CRI,1000.0,anchorage_overrides,,,,,,0,,,0,,,CRI
Only in scratch_amanda,8fa033b7,9.9226,-84.7244,CALDERA,,CRI,1000.0,anchorage_overrides,,,,,,0,,,0,,,CRI
Only in scratch_amanda,96bd69e7,-27.064469444444445,-70.82219722222221,CALDERA,,CHL,1000.0,anchorage_overrides,,,,,,0,,,0,,,CHL
Only in scratch_amanda,8fa033bb,9.9204,-84.7208,CALDERA,,CRI,1000.0,anchorage_overrides,,,,,,0,,,0,,,CRI
Only in scratch_amanda,9105cd9d,-11.96794193548387,-77.14378588709674,CALLAO,,PER,1000.0,anchorage_overrides,,,,,,0,,,0,,,PER
Only in scratch_amanda,9105cc89,-12.031114,-77.153394,CALLAO,,PER,1000.0,anchorage_overrides,,,,,,0,,,0,,,PER
Only in scratch_amanda,9105d279,-11.955679891187575,-77.14179465091188,CALLAO,,PER,1000.0,anchorage_overrides,,,,,,0,,,0,,,PER
Only in scratch_amanda,9105cc83,-12.045365348050636,-77.1580874353221,CALLAO,,PER,1000.0,anchorage_overrides,,,,,,0,,,0,,,PER
Only in scratch_amanda,9622ef0f,-41.845444444444446,-73.9991388888889,CALLE,,CHL,1000.0,anchorage_overrides,,,,,,0,,,0,,,CHL
Only in scratch_amanda,07ebda31,-2.9055512358351243,-40.82981207502328,CAMOCIM,,BRA,1000.0,anchorage_overrides,,,,,,0,,,0,,,BRA
Only in scratch_amanda,07ebda37,-2.9094083147776217,-40.82981207502329,CAMOCIM,,BRA,1000.0,anchorage_overrides,,,,,,0,,,0,,,BRA
Only in scratch_amanda,07ebd981,-2.893761966031836,-40.83487150596949,CAMOCIM,,BRA,1000.0,anchorage_overrides,,,,,,0,,,0,,,BRA
Only in scratch_amanda,07ebda2b,-2.8976175424800044,-40.83487150596949,CAMOCIM,,BRA,1000.0,anchorage_overrides,,,,,,0,,,0,,,BRA
Only in scratch_amanda,07ebdbd5,-2.8973967941609606,-40.839930490579576,CAMOCIM,,BRA,1000.0,anchorage_overrides,,,,,,0,,,0,,,BRA
Only in scratch_amanda,07ebda2f,-2.901694560106081,-40.82981207502328,CAMOCIM,,BRA,1000.0,anchorage_overrides,,,,,,0,,,0,,,BRA
Only in scratch_amanda,07ebd97f,-2.8935415104407696,-40.839930490579576,CAMOCIM,,BRA,1000.0,anchorage_overrides,,,,,,0,,,0,,,BRA
Only in scratch_amanda,0737422b,-15.683794267777454,-38.94854225243563,CANAVIEIRAS,,BRA,1000.0,anchorage_overrides,,,,,,0,,,0,,,BRA
Only in scratch_amanda,073743cd,-15.675189328303162,-38.9433228717582,CANAVIEIRAS,,BRA,1000.0,anchorage_overrides,,,,,,0,,,0,,,BRA
Only in scratch_amanda,073743d5,-15.684892203022295,-38.9433228717582,CANAVIEIRAS,,BRA,1000.0,anchorage_overrides,,,,,,0,,,0,,,BRA
Only in scratch_amanda,0737422d,-15.678943045545036,-38.94854225243563,CANAVIEIRAS,,BRA,1000.0,anchorage_overrides,,,,,,0,,,0,,,BRA
Only in scratch_amanda,073743d3,-15.680040675797615,-38.9433228717582,CANAVIEIRAS,,BRA,1000.0,anchorage_overrides,,,,,,0,,,0,,,BRA
Only in scratch_amanda,073743cb,-15.67033816065058,-38.9433228717582,CANAVIEIRAS,,BRA,1000.0,anchorage_overrides,,,,,,0,,,0,,,BRA
Only in scratch_amanda,07374181,-15.688645669648649,-38.94854225243563,CANAVIEIRAS,,BRA,1000.0,anchorage_overrides,,,,,,0,,,0,,,BRA
Only in scratch_amanda,07374233,-15.674092003063022,-38.94854225243563,CANAVIEIRAS,,BRA,1000.0,anchorage_overrides,,,,,,0,,,0,,,BRA
Only in scratch_amanda,0737417f,-15.689743909865564,-38.9433228717582,CANAVIEIRAS,,BRA,1000.0,anchorage_overrides,,,,,,0,,,0,,,BRA
Only in scratch_amanda,9036a481,-3.9373916,-80.94510424,CANCAS,,PER,1000.0,anchorage_overrides,,,,,,0,,,0,,,PER
Only in scratch_amanda,0734d739,-17.748022294732756,-39.25053812698902,CARAVELAS,,BRA,1000.0,anchorage_overrides,,,,,,0,,,0,,,BRA
Only in scratch_amanda,0734d741,-17.74188858921105,-39.255732357331055,CARAVELAS,,BRA,1000.0,anchorage_overrides,,,,,,0,,,0,,,BRA
Only in scratch_amanda,0734d747,-17.74312048699887,-39.250538126989035,CARAVELAS,,BRA,1000.0,anchorage_overrides,,,,,,0,,,0,,,BRA
Only in scratch_amanda,0734d73f,-17.746790101299556,-39.255732357331055,CARAVELAS,,BRA,1000.0,anchorage_overrides,,,,,,0,,,0,,,BRA
Only in scratch_amanda,96662d13,-35.87761944444444,-72.67607500000001,CARDONAL,,CHL,1000.0,anchorage_overrides,,,,,,0,,,0,,,CHL
Only in scratch_amanda,9622a397,-41.61821111111111,-73.59324722222222,CARIQUILDA,,CHL,1000.0,anchorage_overrides,,,,,,0,,,0,,,CHL
Only in scratch_amanda,07b88533,-4.092214477546807,-38.14508546102678,CASCAVEL,,BRA,1000.0,anchorage_overrides,,,,,,0,,,0,,,BRA
Only in scratch_amanda,07b88535,-4.096330858858743,-38.14508546102678,CASCAVEL,,BRA,1000.0,anchorage_overrides,,,,,,0,,,0,,,BRA
Only in scratch_amanda,91abbbf1,-9.4486905,-78.400496,CASMA,,PER,1000.0,anchorage_overrides,,,,,,0,,,0,,,PER
Only in scratch_amanda,96229abd,-41.823055555555555,-73.63830555555556,CAULIN,,CHL,1000.0,anchorage_overrides,,,,,,0,,,0,,,CHL
Only in scratch_amanda,96228333,-41.826972222222224,-73.52647222222222,CHACAO,,CHL,1000.0,anchorage_overrides,,,,,,0,,,0,,,CHL
Only in scratch_amanda,92a0916d,-0.1573778573638694,-49.1499528794138,CHAVES,,BRA,1000.0,anchorage_overrides,,,,,,0,,,0,,,BRA
Only in scratch_amanda,92a09111,-0.1502864304866557,-49.1499528794138,CHAVES,,BRA,1000.0,anchorage_overrides,,,,,,0,,,0,,,BRA
Only in scratch_amanda,92a09105,-0.1467525621793744,-49.15501097119778,CHAVES,,BRA,1000.0,anchorage_overrides,,,,,,0,,,0,,,BRA
Only in scratch_amanda,92a09113,-0.1538319292443139,-49.1499528794138,CHAVES,,BRA,1000.0,anchorage_overrides,,,,,,0,,,0,,,BRA
Only in scratch_amanda,92a09115,-0.1538201867890748,-49.14489523411968,CHAVES,,BRA,1000.0,anchorage_overrides,,,,,,0,,,0,,,BRA
Only in scratch_amanda,92a09117,-0.1502749586675212,-49.14489523411967,CHAVES,,BRA,1000.0,anchorage_overrides,,,,,,0,,,0,,,BRA
Only in scratch_amanda,92a0916b,-0.1573658442399315,-49.14489523411967,CHAVES,,BRA,1000.0,anchorage_overrides,,,,,,0,,,0,,,BRA
Only in scratch_amanda,961870a7,-41.79738888888889,-73.35872222222221,CHAYAHUE,,CHL,1000.0,anchorage_overrides,,,,,,0,,,0,,,CHL
Only in scratch_amanda,91ab830f,-9.149165,-78.59665316666667,CHIMBOTE,,PER,1000.0,anchorage_overrides,,,,,,0,,,0,,,PER
Only in scratch_amanda,91ab82ff,-9.147061083688085,-78.61460084453917,CHIMBOTE,,PER,1000.0,anchorage_overrides,,,,,,0,,,0,,,PER
Only in scratch_amanda,91ab8159,-9.096503389830511,-78.58014724830505,CHIMBOTE,,PER,1000.0,anchorage_overrides,,,,,,0,,,0,,,PER
Only in scratch_amanda,91ab8169,-9.083520449060826,-78.59424138545816,CHIMBOTE,,PER,1000.0,anchorage_overrides,,,,,,0,,,0,,,PER
Only in scratch_amanda,91ab8301,-9.14700623468208,-78.61008123699423,CHIMBOTE,,PER,1000.0,anchorage_overrides,,,,,,0,,,0,,,PER
Only in scratch_amanda,91ab83e3,-9.102581421283867,-78.5804194959726,CHIMBOTE,,PER,1000.0,anchorage_overrides,,,,,,0,,,0,,,PER
Only in scratch_amanda,91ab823b,-9.111466111111111,-78.62404311111112,CHIMBOTE,,PER,1000.0,anchorage_overrides,,,,,,0,,,0,,,PER
Only in scratch_amanda,91ab8369,-9.158686,-78.583111,CHIMBOTE,,PER,1000.0,anchorage_overrides,,,,,,0,,,0,,,PER
Only in scratch_amanda,8f7ab959,13.272,-87.7803,CHIQUIRIN,,SLV,1000.0,anchorage_overrides,,,,,,0,,,0,,,SLV
Only in scratch_amanda,8f7ab94d,13.2594,-87.7862,CHIQUIRIN,,SLV,1000.0,anchorage_overrides,,,,,,0,,,0,,,SLV
Only in scratch_amanda,8f7ab953,13.2602,-87.7856,CHIQUIRIN,,SLV,1000.0,anchorage_overrides,,,,,,0,,,0,,,SLV
Only in scratch_amanda,96221e19,-42.61863888888889,-73.77019444444444,CHONCHI,,CHL,1000.0,anchorage_overrides,,,,,,0,,,0,,,CHL
Only in scratch_amanda,96185df3,-41.816750000000006,-73.07727777777778,CHOPE,,CHL,1000.0,anchorage_overrides,,,,,,0,,,0,,,CHL
Only in scratch_amanda,91ac7ff5,-9.012047826086956,-78.63452608695653,COISHCO,,PER,1000.0,anchorage_overrides,,,,,,0,,,0,,,PER
Only in scratch_amanda,3170ce47,11.54592524,109.0248958,DONG HAI FISHING PORT,,VNM,1000.0,anchorage_overrides,,,,,,0,,,0,,,VNM
Only in scratch_amanda,9689c07d,-32.767630555555556,-71.52597777777778,EL MANZANO,,CHL,1000.0,anchorage_overrides,,,,,,0,,,0,,,CHL
Only in scratch_amanda,9615f721,-39.87502777777778,-73.39424166666667,EL PIOJO,,CHL,1000.0,anchorage_overrides,,,,,,0,,,0,,,CHL
Only in scratch_amanda,063652f9,-3.8262439820271776,-32.398587077921405,FERNANDO DE NORONHA,,BRA,1000.0,anchorage_overrides,,,,,,0,,,0,,,BRA
Only in scratch_amanda,063652fb,-3.826483304038925,-32.39292248196526,FERNANDO DE NORONHA,,BRA,1000.0,anchorage_overrides,,,,,,0,,,0,,,BRA
Only in scratch_amanda,952725d5,-27.79007505794633,-48.52122369704867,FLORIANOPOLIS,,BRA,1000.0,anchorage_overrides,,,,,,0,,,0,,,BRA
Only in scratch_amanda,95273789,-27.602000490261933,-48.56125155509574,FLORIANOPOLIS,,BRA,1000.0,anchorage_overrides,,,,,,0,,,0,,,BRA
Only in scratch_amanda,952737f1,-27.589332064263335,-48.5662570725529,FLORIANOPOLIS,,BRA,1000.0,anchorage_overrides,,,,,,0,,,0,,,BRA
Only in scratch_amanda,952737e5,-27.58631767510877,-48.57126304212454,FLORIANOPOLIS,,BRA,1000.0,anchorage_overrides,,,,,,0,,,0,,,BRA
Only in scratch_amanda,95273e39,-27.573457665650004,-48.41628842315194,FLORIANOPOLIS,,BRA,1000.0,anchorage_overrides,,,,,,0,,,0,,,BRA
Only in scratch_amanda,952737fb,-27.58450431293372,-48.5662570725529,FLORIANOPOLIS,,BRA,1000.0,anchorage_overrides,,,,,,0,,,0,,,BRA
Only in scratch_amanda,952737f7,-27.587518413784384,-48.56125155509574,FLORIANOPOLIS,,BRA,1000.0,anchorage_overrides,,,,,,0,,,0,,,BRA
Only in scratch_amanda,95273e15,-27.583098701002015,-48.41628842315194,FLORIANOPOLIS,,BRA,1000.0,anchorage_overrides,,,,,,0,,,0,,,BRA
Only in scratch_amanda,95273e37,-27.568637014319375,-48.41628842315194,FLORIANOPOLIS,,BRA,1000.0,anchorage_overrides,,,,,,0,,,0,,,BRA
Only in scratch_amanda,95273e3f,-27.578278227911085,-48.41628842315194,FLORIANOPOLIS,,BRA,1000.0,anchorage_overrides,,,,,,0,,,0,,,BRA
Only in scratch_amanda,9527378f,-27.60381477829049,-48.5662570725529,FLORIANOPOLIS,,BRA,1000.0,anchorage_overrides,,,,,,0,,,0,,,BRA
Only in scratch_amanda,952737e7,-27.58813096152921,-48.57626946376482,FLORIANOPOLIS,,BRA,1000.0,anchorage_overrides,,,,,,0,,,0,,,BRA
Only in scratch_amanda,9526d1a9,-28.01882260430431,-48.60631748447415,GAROPABA,,BRA,1000.0,anchorage_overrides,,,,,,0,,,0,,,BRA
Only in scratch_amanda,9526d10f,-28.01101048840387,-48.61132706930704,GAROPABA,,BRA,1000.0,anchorage_overrides,,,,,,0,,,0,,,BRA
Only in scratch_amanda,9526d109,-28.015832106836985,-48.61132706930704,GAROPABA,,BRA,1000.0,anchorage_overrides,,,,,,0,,,0,,,BRA
Only in scratch_amanda,9526d113,-28.008019091463993,-48.61633710584011,GAROPABA,,BRA,1000.0,anchorage_overrides,,,,,,0,,,0,,,BRA
Only in scratch_amanda,9526d10b,-28.0176628424449,-48.6163371058401,GAROPABA,,BRA,1000.0,anchorage_overrides,,,,,,0,,,0,,,BRA
Only in scratch_amanda,9526d111,-28.006188771113845,-48.61132706930704,GAROPABA,,BRA,1000.0,anchorage_overrides,,,,,,0,,,0,,,BRA
Only in scratch_amanda,9526d10d,-28.01284101641095,-48.6163371058401,GAROPABA,,BRA,1000.0,anchorage_overrides,,,,,,0,,,0,,,BRA
Only in scratch_amanda,9526d105,-28.009179881597472,-48.60631748447415,GAROPABA,,BRA,1000.0,anchorage_overrides,,,,,,0,,,0,,,BRA
Only in scratch_amanda,9526d1af,-28.023643817207315,-48.60631748447415,GAROPABA,,BRA,1000.0,anchorage_overrides,,,,,,0,,,0,,,BRA
Only in scratch_amanda,9526d107,-28.014001292401133,-48.60631748447415,GAROPABA,,BRA,1000.0,anchorage_overrides,,,,,,0,,,0,,,BRA
Only in scratch_amanda,8fa444cd,8.6037,-83.1353,GOLFITO,,CRI,1000.0,anchorage_overrides,,,,,,0,,,0,,,CRI
Only in scratch_amanda,95275785,-27.299511456058006,-48.5662570725529,GOVERNADOR CELSO RAMOS,,BRA,1000.0,anchorage_overrides,,,,,,0,,,0,,,BRA
Only in scratch_amanda,9527579d,-27.30614527062068,-48.57126304212454,GOVERNADOR CELSO RAMOS,,BRA,1000.0,anchorage_overrides,,,,,,0,,,0,,,BRA
Only in scratch_amanda,9527579f,-27.307946133276207,-48.57626946376481,GOVERNADOR CELSO RAMOS,,BRA,1000.0,anchorage_overrides,,,,,,0,,,0,,,BRA
Only in scratch_amanda,95275799,-27.30311282380552,-48.57626946376482,GOVERNADOR CELSO RAMOS,,BRA,1000.0,anchorage_overrides,,,,,,0,,,0,,,BRA
Only in scratch_amanda,9527579b,-27.301312176980044,-48.57126304212454,GOVERNADOR CELSO RAMOS,,BRA,1000.0,anchorage_overrides,,,,,,0,,,0,,,BRA
Only in scratch_amanda,9527582d,-27.29894107953042,-48.55124187670816,GOVERNADOR CELSO RAMOS,,BRA,1000.0,anchorage_overrides,,,,,,0,,,0,,,BRA
Only in scratch_amanda,00b85797,-20.67198499880192,-40.48981617730695,GUARAPARI,,BRA,1000.0,anchorage_overrides,,,,,,0,,,0,,,BRA
Only in scratch_amanda,00b85795,-20.676881752213816,-40.48981617730695,GUARAPARI,,BRA,1000.0,anchorage_overrides,,,,,,0,,,0,,,BRA
Only in scratch_amanda,94db0bcd,-25.28514105923452,-48.331487271423896,GUARAQUECABA,,BRA,1000.0,anchorage_overrides,,,,,,0,,,0,,,BRA
Only in scratch_amanda,94db0a33,-25.28998799032132,-48.3314872714239,GUARAQUECABA,,BRA,1000.0,anchorage_overrides,,,,,,0,,,0,,,BRA
Only in scratch_amanda,94db0bcb,-25.28685424769155,-48.33647194282318,GUARAQUECABA,,BRA,1000.0,anchorage_overrides,,,,,,0,,,0,,,BRA
Only in scratch_amanda,9689bed9,-32.70895,-71.48992222222222,HORCON,,CHL,1000.0,anchorage_overrides,,,,,,0,,,0,,,CHL
Only in scratch_amanda,9106df1b,-11.119578224023671,-77.62090860008941,HUACHO,,PER,1000.0,anchorage_overrides,,,,,,0,,,0,,,PER
Only in scratch_amanda,94d2996b,-23.759793181929727,-45.35808651019448,ILHABELA,,BRA,1000.0,anchorage_overrides,,,,,,0,,,0,,,BRA
Only in scratch_amanda,07390a59,-14.792074530396825,-39.03199459095992,ILHEUS,,BRA,1000.0,anchorage_overrides,,,,,,0,,,0,,,BRA
Only in scratch_amanda,07390a87,-14.812368650487114,-39.026782007414965,ILHEUS,,BRA,1000.0,anchorage_overrides,,,,,,0,,,0,,,BRA
Only in scratch_amanda,07390a5f,-14.79688667733324,-39.03199459095992,ILHEUS,,BRA,1000.0,anchorage_overrides,,,,,,0,,,0,,,BRA
Only in scratch_amanda,07390a5b,-14.791031388643944,-39.03720674910261,ILHEUS,,BRA,1000.0,anchorage_overrides,,,,,,0,,,0,,,BRA
Only in scratch_amanda,07390a83,-14.818226505016934,-39.02156899853589,ILHEUS,,BRA,1000.0,anchorage_overrides,,,,,,0,,,0,,,BRA
Only in scratch_amanda,07390a5d,-14.79584322694593,-39.03720674910261,ILHEUS,,BRA,1000.0,anchorage_overrides,,,,,,0,,,0,,,BRA
Only in scratch_amanda,07390a81,-14.817181904395714,-39.026782007414965,ILHEUS,,BRA,1000.0,anchorage_overrides,,,,,,0,,,0,,,BRA
Only in scratch_amanda,0739a07f,-14.821995357621557,-39.02678200741497,ILHEUS,,BRA,1000.0,anchorage_overrides,,,,,,0,,,0,,,BRA
Only in scratch_amanda,07390a85,-14.813412942578188,-39.02156899853589,ILHEUS,,BRA,1000.0,anchorage_overrides,,,,,,0,,,0,,,BRA
Only in scratch_amanda,9526ca11,-28.213685788617827,-48.65142000528305,IMBITUBA,,BRA,1000.0,anchorage_overrides,,,,,,0,,,0,,,BRA
Only in scratch_amanda,9526ca15,-28.210704092941228,-48.65643365374777,IMBITUBA,,BRA,1000.0,anchorage_overrides,,,,,,0,,,0,,,BRA
Only in scratch_amanda,9526ca13,-28.215523729207604,-48.65643365374777,IMBITUBA,,BRA,1000.0,anchorage_overrides,,,,,,0,,,0,,,BRA
Only in scratch_amanda,9526ca01,-28.219647397507565,-48.64139406238644,IMBITUBA,,BRA,1000.0,anchorage_overrides,,,,,,0,,,0,,,BRA
Only in scratch_amanda,9526ca0f,-28.21850511646644,-48.65142000528306,IMBITUBA,,BRA,1000.0,anchorage_overrides,,,,,,0,,,0,,,BRA
Only in scratch_amanda,9526ca05,-28.21666689011898,-48.646406808147105,IMBITUBA,,BRA,1000.0,anchorage_overrides,,,,,,0,,,0,,,BRA
Only in scratch_amanda,9526ca17,-28.20886635758437,-48.65142000528306,IMBITUBA,,BRA,1000.0,anchorage_overrides,,,,,,0,,,0,,,BRA
Only in scratch_amanda,31756fb5,10.37438009,107.072525,INCOMAP FISHING PORT & LO THAN + SHIP REPAIR PORT,,VNM,1000.0,anchorage_overrides,,,,,,0,,,0,,,VNM
Only in scratch_amanda,9615f09d,-39.904516666666666,-73.33730555555555,ISLA DEL REY SECTOR LAS COLORADAS,,CHL,1000.0,anchorage_overrides,,,,,,0,,,0,,,CHL
Only in scratch_amanda,96187a0d,-41.80345833333333,-73.34733888888888,ISLA HUAPI-ABTAO,,CHL,1000.0,anchorage_overrides,,,,,,0,,,0,,,CHL
Only in scratch_amanda,96404681,-38.411988888888885,-73.93467777777778,ISLOTE DEL TRABAJO (ISLA MOCHA),,CHL,1000.0,anchorage_overrides,,,,,,0,,,0,,,CHL
Only in scratch_amanda,00b919b1,-20.885968430571022,-40.769064108177446,ITAPEMIRIM,,BRA,1000.0,anchorage_overrides,,,,,,0,,,0,,,BRA
Only in scratch_amanda,00b919b3,-20.890853523563862,-40.769064108177446,ITAPEMIRIM,,BRA,1000.0,anchorage_overrides,,,,,,0,,,0,,,BRA
Only in scratch_amanda,00b919bb,-20.88108339599873,-40.769064108177446,ITAPEMIRIM,,BRA,1000.0,anchorage_overrides,,,,,,0,,,0,,,BRA
Only in scratch_amanda,00b919a5,-20.88253774496625,-40.76399887954875,ITAPEMIRIM,,BRA,1000.0,anchorage_overrides,,,,,,0,,,0,,,BRA
Only in scratch_amanda,00b9184d,-20.895738674863804,-40.769064108177446,ITAPEMIRIM,,BRA,1000.0,anchorage_overrides,,,,,,0,,,0,,,BRA
Only in scratch_amanda,00b91853,-20.897193856841945,-40.76399887954875,ITAPEMIRIM,,BRA,1000.0,anchorage_overrides,,,,,,0,,,0,,,BRA
Only in scratch_amanda,00b919ad,-20.892308427910795,-40.76399887954875,ITAPEMIRIM,,BRA,1000.0,anchorage_overrides,,,,,,0,,,0,,,BRA
Only in scratch_amanda,00b919af,-20.887423057247737,-40.76399887954875,ITAPEMIRIM,,BRA,1000.0,anchorage_overrides,,,,,,0,,,0,,,BRA
Only in scratch_amanda,07c1a1a9,-3.1778621361916097,-39.369896951786814,ITAPIPOCA,,BRA,1000.0,anchorage_overrides,,,,,,0,,,0,,,BRA
Only in scratch_amanda,07c1a1af,-3.1739005472632473,-39.369896951786814,ITAPIPOCA,,BRA,1000.0,anchorage_overrides,,,,,,0,,,0,,,BRA
Only in scratch_amanda,07c1a1ab,-3.178097599410143,-39.364712158930246,ITAPIPOCA,,BRA,1000.0,anchorage_overrides,,,,,,0,,,0,,,BRA
Only in scratch_amanda,07c1a1a7,-3.177626666415219,-39.375081314915576,ITAPIPOCA,,BRA,1000.0,anchorage_overrides,,,,,,0,,,0,,,BRA
Only in scratch_amanda,07c1a1b3,-3.170174245210331,-39.364712158930246,ITAPIPOCA,,BRA,1000.0,anchorage_overrides,,,,,,0,,,0,,,BRA
Only in scratch_amanda,07c1a1a5,-3.1736653698257458,-39.37508131491558,ITAPIPOCA,,BRA,1000.0,anchorage_overrides,,,,,,0,,,0,,,BRA
Only in scratch_amanda,07c1a19f,-3.1771557072341956,-39.38544875173009,ITAPIPOCA,,BRA,1000.0,anchorage_overrides,,,,,,0,,,0,,,BRA
Only in scratch_amanda,07c1a1a1,-3.1773911900923033,-39.380265248251646,ITAPIPOCA,,BRA,1000.0,anchorage_overrides,,,,,,0,,,0,,,BRA
Only in scratch_amanda,07c1a1ad,-3.1741357181513004,-39.364712158930246,ITAPIPOCA,,BRA,1000.0,anchorage_overrides,,,,,,0,,,0,,,BRA
Only in scratch_amanda,07c1a1a3,-3.1734301858501155,-39.38026524825165,ITAPIPOCA,,BRA,1000.0,anchorage_overrides,,,,,,0,,,0,,,BRA
Only in scratch_amanda,07c1f0bb,-2.949960427991965,-39.80387910919893,ITAREMA,,BRA,1000.0,anchorage_overrides,,,,,,0,,,0,,,BRA
Only in scratch_amanda,07c1f0cf,-2.9467055683234658,-39.788432382341114,ITAREMA,,BRA,1000.0,anchorage_overrides,,,,,,0,,,0,,,BRA
Only in scratch_amanda,913fed01,-16.228971554777793,-73.69899575182758,LA PUNTA,,PER,1000.0,anchorage_overrides,,,,,,0,,,0,,,PER
Only in scratch_amanda,913fec59,-16.2219,-73.7133,LA PUNTA,,PER,1000.0,anchorage_overrides,,,,,,0,,,0,,,PER
Only in scratch_amanda,962281a1,-41.92202777777778,-73.50947222222223,LAMECURA,,CHL,1000.0,anchorage_overrides,,,,,,0,,,0,,,CHL
Only in scratch_amanda,181717b7,-2.193642,40.935844,LAMU,LAMU,KEN,1000.0,anchorage_overrides,,,,,,0,,,0,,,KEN
Only in scratch_amanda,969136f1,-28.98128611111111,-71.51809166666666,LAS TETILLAS,,CHL,1000.0,anchorage_overrides,,,,,,0,,,0,,,CHL
Only in scratch_amanda,92bd2a65,-1.903697881934656,-49.378008250048566,LIMOEIRO DO AJURU,,BRA,1000.0,anchorage_overrides,,,,,,0,,,0,,,BRA
Only in scratch_amanda,92bd2a6f,-1.9074583562157583,-49.378008250048566,LIMOEIRO DO AJURU,,BRA,1000.0,anchorage_overrides,,,,,,0,,,0,,,BRA
Only in scratch_amanda,92bd2a8b,-1.8963222215789033,-49.38308638019157,LIMOEIRO DO AJURU,,BRA,1000.0,anchorage_overrides,,,,,,0,,,0,,,BRA
Only in scratch_amanda,92bd2a6d,-1.9112192455987025,-49.378008250048566,LIMOEIRO DO AJURU,,BRA,1000.0,anchorage_overrides,,,,,,0,,,0,,,BRA
Only in scratch_amanda,92bd2af5,-1.89646626201352,-49.38816495442163,LIMOEIRO DO AJURU,,BRA,1000.0,anchorage_overrides,,,,,,0,,,0,,,BRA
Only in scratch_amanda,92bd2a8d,-1.8925627076778904,-49.38308638019157,LIMOEIRO DO AJURU,,BRA,1000.0,anchorage_overrides,,,,,,0,,,0,,,BRA
Only in scratch_amanda,92bd2af3,-1.8927064629641728,-49.38816495442163,LIMOEIRO DO AJURU,,BRA,1000.0,anchorage_overrides,,,,,,0,,,0,,,BRA
Only in scratch_amanda,92bd2a7b,-1.9035532664750885,-49.37293056404593,LIMOEIRO DO AJURU,,BRA,1000.0,anchorage_overrides,,,,,,0,,,0,,,BRA
Only in scratch_amanda,92bd2a71,-1.9073134555114943,-49.37293056404593,LIMOEIRO DO AJURU,,BRA,1000.0,anchorage_overrides,,,,,,0,,,0,,,BRA
Only in scratch_amanda,91445acf,-17.675239311627056,-71.37293130990237,LISAS,,PER,1000.0,anchorage_overrides,,,,,,0,,,0,,,PER
Only in scratch_amanda,9144454b,-17.68672714285714,-71.38470307142856,LISAS,,PER,1000.0,anchorage_overrides,,,,,,0,,,0,,,PER
Only in scratch_amanda,96191bc1,-42.05163888888889,-72.5881111111111,LLANCHID,,CHL,1000.0,anchorage_overrides,,,,,,0,,,0,,,CHL
Only in scratch_amanda,903692bd,-4.171143,-81.142191,LOS ORGANOS,,PER,1000.0,anchorage_overrides,,,,,,0,,,0,,,PER
Only in scratch_amanda,903692a3,-4.174636666666666,-81.14310333333333,LOS ORGANOS,,PER,1000.0,anchorage_overrides,,,,,,0,,,0,,,PER
Only in scratch_amanda,9697d911,-27.39136111111111,-70.94178611111111,LOZAS AMARILLAS,,CHL,1000.0,anchorage_overrides,,,,,,0,,,0,,,CHL
Only in scratch_amanda,00963071,-22.37152402838787,-41.768110712753526,MACAE,,BRA,1000.0,anchorage_overrides,,,,,,0,,,0,,,BRA
Only in scratch_amanda,0096307b,-22.376370237826563,-41.768110712753526,MACAE,,BRA,1000.0,anchorage_overrides,,,,,,0,,,0,,,BRA
Only in scratch_amanda,929e04af,-0.063648964388405,-51.18729934195804,MACAPA,,BRA,1000.0,anchorage_overrides,,,,,,0,,,0,,,BRA
Only in scratch_amanda,929e04b3,-0.0672852062267231,-51.18206937617819,MACAPA,,BRA,1000.0,anchorage_overrides,,,,,,0,,,0,,,BRA
Only in scratch_amanda,929e04a7,-0.0600126306978103,-51.19252973023461,MACAPA,,BRA,1000.0,anchorage_overrides,,,,,,0,,,0,,,BRA
Only in scratch_amanda,929e04a9,-0.0600082245258815,-51.18729934195804,MACAPA,,BRA,1000.0,anchorage_overrides,,,,,,0,,,0,,,BRA
Only in scratch_amanda,929e04b1,-0.0672901472427338,-51.18729934195804,MACAPA,,BRA,1000.0,anchorage_overrides,,,,,,0,,,0,,,BRA
Only in scratch_amanda,929e035b,-0.0527319455138193,-51.19252973023461,MACAPA,,BRA,1000.0,anchorage_overrides,,,,,,0,,,0,,,BRA
Only in scratch_amanda,929e04ab,-0.0600038182098589,-51.18206937617819,MACAPA,,BRA,1000.0,anchorage_overrides,,,,,,0,,,0,,,BRA
Only in scratch_amanda,929e0359,-0.0563720665641078,-51.19252973023461,MACAPA,,BRA,1000.0,anchorage_overrides,,,,,,0,,,0,,,BRA
Only in scratch_amanda,929e04a5,-0.063653637885359,-51.19252973023461,MACAPA,,BRA,1000.0,anchorage_overrides,,,,,,0,,,0,,,BRA
Only in scratch_amanda,929e04ad,-0.0636442907386147,-51.18206937617819,MACAPA,,BRA,1000.0,anchorage_overrides,,,,,,0,,,0,,,BRA
Only in scratch_amanda,9052aa2d,-7.6956088,-79.4606132,MALABRIGO,,PER,1000.0,anchorage_overrides,,,,,,0,,,0,,,PER
Only in scratch_amanda,9615f73d,-39.88845555555555,-73.38999722222223,MANCERA,,CHL,1000.0,anchorage_overrides,,,,,,0,,,0,,,CHL
Only in scratch_amanda,903696b3,-4.09788,-81.06007,MANCORA,,PER,1000.0,anchorage_overrides,,,,,,0,,,0,,,PER
Only in scratch_amanda,07005ff5,-9.024364852980726,-35.2120992999462,MARAGOGI,,BRA,1000.0,anchorage_overrides,,,,,,0,,,0,,,BRA
Only in scratch_amanda,0700f55f,-9.023764037781238,-35.21759444586519,MARAGOGI,,BRA,1000.0,anchorage_overrides,,,,,,0,,,0,,,BRA
Only in scratch_amanda,0700f561,-9.028439321282306,-35.21759444586518,MARAGOGI,,BRA,1000.0,anchorage_overrides,,,,,,0,,,0,,,BRA
Only in scratch_amanda,9622a39b,-41.61556111111111,-73.59664166666666,MAULLIN & MUELLE TOLEDO,,CHL,1000.0,anchorage_overrides,,,,,,0,,,0,,,CHL
Only in scratch_amanda,96684f21,-36.61101388888889,-72.97407777777778,MONTECRISTO,,CHL,1000.0,anchorage_overrides,,,,,,0,,,0,,,CHL
Only in scratch_amanda,91ace393,-8.398440880121214,-78.90268959090912,MORIN,,PER,1000.0,anchorage_overrides,,,,,,0,,,0,,,PER
Only in scratch_amanda,bd8a9e2d,-43.85944444444445,-73.88527777777779,"MUELLE 1, REPOLLAL ALTO & MUELLE 2, REPOLLAL ALTO",,CHL,1000.0,anchorage_overrides,,,,,,0,,,0,,,CHL
Only in scratch_amanda,bd8c7d4d,-45.155,-73.50861111111111,"MUELLE ARTESANAL, CALETA ANDRADE",,CHL,1000.0,anchorage_overrides,,,,,,0,,,0,,,CHL
Only in scratch_amanda,bdf563e5,-43.77583333333333,-72.95083333333334,"MUELLE ARTESANAL, PUERTO RAUL MARIN BALMACEDA",,CHL,1000.0,anchorage_overrides,,,,,,0,,,0,,,CHL
Only in scratch_amanda,bd8a9f01,-43.888888888888886,-73.86777777777777,"MUELLE ARTESANAL, REPOLLAL BAJO",,CHL,1000.0,anchorage_overrides,,,,,,0,,,0,,,CHL
Only in scratch_amanda,bdf563e7,-43.77,-72.95222222222222,"MUELLE FISCAL, PUERTO RAUL MARIN BALMACEDA",,CHL,1000.0,anchorage_overrides,,,,,,0,,,0,,,CHL
Only in scratch_amanda,3170c88f,11.5813101,109.1330835,MY TAN FISHING PORT,,VNM,1000.0,anchorage_overrides,,,,,,0,,,0,,,VNM
Only in scratch_amanda,961f38f1,-42.71988888888889,-73.05664444444444,NAYAHUE,,CHL,1000.0,anchorage_overrides,,,,,,0,,,0,,,CHL
Only in scratch_amanda,00998147,-22.92692379555973,-43.10928810807516,NITEROI,,BRA,1000.0,anchorage_overrides,,,,,,0,,,0,,,BRA
Only in scratch_amanda,00998169,-22.918888773804547,-43.11898651079642,NITEROI,,BRA,1000.0,anchorage_overrides,,,,,,0,,,0,,,BRA
Only in scratch_amanda,00998149,-22.928552550971663,-43.104438208979325,NITEROI,,BRA,1000.0,anchorage_overrides,,,,,,0,,,0,,,BRA
Only in scratch_amanda,00998145,-22.92214584780687,-43.10928810807516,NITEROI,,BRA,1000.0,anchorage_overrides,,,,,,0,,,0,,,BRA
Only in scratch_amanda,0099830f,-22.859935564054535,-43.12383501435989,NITEROI,,BRA,1000.0,anchorage_overrides,,,,,,0,,,0,,,BRA
Only in scratch_amanda,0099816f,-22.91726019166313,-43.12383501435989,NITEROI,,BRA,1000.0,anchorage_overrides,,,,,,0,,,0,,,BRA
Only in scratch_amanda,9527284b,-27.875314577182262,-48.596299670093565,PALHOCA,,BRA,1000.0,anchorage_overrides,,,,,,0,,,0,,,BRA
Only in scratch_amanda,9527284d,-27.870490856182823,-48.59629967009358,PALHOCA,,BRA,1000.0,anchorage_overrides,,,,,,0,,,0,,,BRA
Only in scratch_amanda,95272839,-27.876487279522667,-48.58628366306763,PALHOCA,,BRA,1000.0,anchorage_overrides,,,,,,0,,,0,,,BRA
Only in scratch_amanda,95272837,-27.878312779727477,-48.59129144063823,PALHOCA,,BRA,1000.0,anchorage_overrides,,,,,,0,,,0,,,BRA
Only in scratch_amanda,95272847,-27.871664072997778,-48.58628366306763,PALHOCA,,BRA,1000.0,anchorage_overrides,,,,,,0,,,0,,,BRA
Only in scratch_amanda,9527283f,-27.874661701654897,-48.58127633742782,PALHOCA,,BRA,1000.0,anchorage_overrides,,,,,,0,,,0,,,BRA
Only in scratch_amanda,9527283d,-27.879484602971896,-48.58127633742782,PALHOCA,,BRA,1000.0,anchorage_overrides,,,,,,0,,,0,,,BRA
Only in scratch_amanda,9527284f,-27.868665852230553,-48.59129144063823,PALHOCA,,BRA,1000.0,anchorage_overrides,,,,,,0,,,0,,,BRA
Only in scratch_amanda,95272849,-27.873489363946582,-48.59129144063823,PALHOCA,,BRA,1000.0,anchorage_overrides,,,,,,0,,,0,,,BRA
Only in scratch_amanda,96183e61,-41.53353611111111,-73.04284444444444,PANITAO BAJO,,CHL,1000.0,anchorage_overrides,,,,,,0,,,0,,,CHL
Only in scratch_amanda,9689c05d,-32.78389166666666,-71.53618333333333,PAPAGAYO,,CHL,1000.0,anchorage_overrides,,,,,,0,,,0,,,CHL
Only in scratch_amanda,9110634f,-13.817317416382837,-76.26114946431782,PARACAS,,PER,1000.0,anchorage_overrides,,,,,,0,,,0,,,PER
Only in scratch_amanda,91106351,-13.811829307505583,-76.26145774251077,PARACAS,,PER,1000.0,anchorage_overrides,,,,,,0,,,0,,,PER
Only in scratch_amanda,94db9b3d,-25.502731446600347,-48.54123400732777,PARANAGUA,,BRA,1000.0,anchorage_overrides,,,,,,0,,,0,,,BRA
Only in scratch_amanda,94db9bd3,-25.493538476805444,-48.486223078023755,PARANAGUA,,BRA,1000.0,anchorage_overrides,,,,,,0,,,0,,,BRA
Only in scratch_amanda,94db9bb7,-25.493841231995603,-48.50122062717168,PARANAGUA,,BRA,1000.0,anchorage_overrides,,,,,,0,,,0,,,BRA
Only in scratch_amanda,94db9a3d,-25.514669733882258,-48.491221808291186,PARANAGUA,,BRA,1000.0,anchorage_overrides,,,,,,0,,,0,,,BRA
Only in scratch_amanda,94db9bcd,-25.49525735139039,-48.491221808291186,PARANAGUA,,BRA,1000.0,anchorage_overrides,,,,,,0,,,0,,,BRA
Only in scratch_amanda,94db9bbb,-25.490705721335395,-48.506220715694354,PARANAGUA,,BRA,1000.0,anchorage_overrides,,,,,,0,,,0,,,BRA
Only in scratch_amanda,94db9b25,-25.50930499993549,-48.546237715869246,PARANAGUA,,BRA,1000.0,anchorage_overrides,,,,,,0,,,0,,,BRA
Only in scratch_amanda,94db9a49,-25.508402136142053,-48.50122062717168,PARANAGUA,,BRA,1000.0,anchorage_overrides,,,,,,0,,,0,,,BRA
Only in scratch_amanda,94db9b19,-25.50586905130227,-48.53623075112941,PARANAGUA,,BRA,1000.0,anchorage_overrides,,,,,,0,,,0,,,BRA
Only in scratch_amanda,94db9a1b,-25.522655365158176,-48.486223078023755,PARANAGUA,,BRA,1000.0,anchorage_overrides,,,,,,0,,,0,,,BRA
Only in scratch_amanda,94db9a2d,-25.49839140404,-48.486223078023755,PARANAGUA,,BRA,1000.0,anchorage_overrides,,,,,,0,,,0,,,BRA
Only in scratch_amanda,94db9a3f,-25.516389488570177,-48.49622099135556,PARANAGUA,,BRA,1000.0,anchorage_overrides,,,,,,0,,,0,,,BRA
Only in scratch_amanda,94db9b1d,-25.509006075864615,-48.53122794731976,PARANAGUA,,BRA,1000.0,anchorage_overrides,,,,,,0,,,0,,,BRA
Only in scratch_amanda,94db9bb1,-25.49555968168999,-48.50622071569435,PARANAGUA,,BRA,1000.0,anchorage_overrides,,,,,,0,,,0,,,BRA
Only in scratch_amanda,94db9a05,-25.527508021627188,-48.486223078023755,PARANAGUA,,BRA,1000.0,anchorage_overrides,,,,,,0,,,0,,,BRA
Only in scratch_amanda,94db9b1b,-25.504150981567292,-48.53122794731977,PARANAGUA,,BRA,1000.0,anchorage_overrides,,,,,,0,,,0,,,BRA
Only in scratch_amanda,94db9a4d,-25.505267467726643,-48.50622071569435,PARANAGUA,,BRA,1000.0,anchorage_overrides,,,,,,0,,,0,,,BRA
Only in scratch_amanda,94db9b23,-25.507587057449847,-48.54123400732777,PARANAGUA,,BRA,1000.0,anchorage_overrides,,,,,,0,,,0,,,BRA
Only in scratch_amanda,94db9a17,-25.519522716690187,-48.49122180829119,PARANAGUA,,BRA,1000.0,anchorage_overrides,,,,,,0,,,0,,,BRA
Only in scratch_amanda,94db9a39,-25.511536224845766,-48.49622099135555,PARANAGUA,,BRA,1000.0,anchorage_overrides,,,,,,0,,,0,,,BRA
Only in scratch_amanda,94db9baf,-25.497278068244064,-48.51122125687828,PARANAGUA,,BRA,1000.0,anchorage_overrides,,,,,,0,,,0,,,BRA
Only in scratch_amanda,009d12cd,-23.21830484231212,-44.69826718543998,PARATY,,BRA,1000.0,anchorage_overrides,,,,,,0,,,0,,,BRA
Only in scratch_amanda,009d6d35,-23.211929700292547,-44.70296025107304,PARATY,,BRA,1000.0,anchorage_overrides,,,,,,0,,,0,,,BRA
Only in scratch_amanda,009d13dd,-23.270039041938663,-44.632514583945245,PARATY,,BRA,1000.0,anchorage_overrides,,,,,,0,,,0,,,BRA
Only in scratch_amanda,009d13d7,-23.2623294424311,-44.62781442151737,PARATY,,BRA,1000.0,anchorage_overrides,,,,,,0,,,0,,,BRA
Only in scratch_amanda,009d117d,-23.26401289213295,-44.62311378611549,PARATY,,BRA,1000.0,anchorage_overrides,,,,,,0,,,0,,,BRA
Only in scratch_amanda,009d1163,-23.26870994118659,-44.62311378611549,PARATY,,BRA,1000.0,anchorage_overrides,,,,,,0,,,0,,,BRA
Only in scratch_amanda,009d6d2f,-23.219631914648247,-44.7076528434425,PARATY,,BRA,1000.0,anchorage_overrides,,,,,,0,,,0,,,BRA
Only in scratch_amanda,009d6d31,-23.214939625313697,-44.7076528434425,PARATY,,BRA,1000.0,anchorage_overrides,,,,,,0,,,0,,,BRA
Only in scratch_amanda,009d13d9,-23.26702622982732,-44.62781442151736,PARATY,,BRA,1000.0,anchorage_overrides,,,,,,0,,,0,,,BRA
Only in scratch_amanda,009d12cb,-23.213612040644115,-44.69826718543998,PARATY,,BRA,1000.0,anchorage_overrides,,,,,,0,,,0,,,BRA
Only in scratch_amanda,009d6d33,-23.216622239789867,-44.70296025107305,PARATY,,BRA,1000.0,anchorage_overrides,,,,,,0,,,0,,,BRA
Only in scratch_amanda,009d13e7,-23.274735589181812,-44.63251458394524,PARATY,,BRA,1000.0,anchorage_overrides,,,,,,0,,,0,,,BRA
Only in scratch_amanda,009d6d37,-23.21024734800513,-44.7076528434425,PARATY,,BRA,1000.0,anchorage_overrides,,,,,,0,,,0,,,BRA
Only in scratch_amanda,9511ac47,-31.702409931586796,-52.13550522478792,PELOTAS,,BRA,1000.0,anchorage_overrides,,,,,,0,,,0,,,BRA
Only in scratch_amanda,9511ac4d,-31.701222588857423,-52.1461161236812,PELOTAS,,BRA,1000.0,anchorage_overrides,,,,,,0,,,0,,,BRA
Only in scratch_amanda,9511ac4b,-31.706097799707425,-52.1461161236812,PELOTAS,,BRA,1000.0,anchorage_overrides,,,,,,0,,,0,,,BRA
Only in scratch_amanda,9511ac49,-31.704253941060788,-52.1408104697499,PELOTAS,,BRA,1000.0,anchorage_overrides,,,,,,0,,,0,,,BRA
Only in scratch_amanda,94d8d109,-26.77854937818146,-48.61132706930704,PENHA,,BRA,1000.0,anchorage_overrides,,,,,,0,,,0,,,BRA
Only in scratch_amanda,94d8d10d,-26.77548130660855,-48.6163371058401,PENHA,,BRA,1000.0,anchorage_overrides,,,,,,0,,,0,,,BRA
Only in scratch_amanda,94d8d10f,-26.77370574956384,-48.61132706930704,PENHA,,BRA,1000.0,anchorage_overrides,,,,,,0,,,0,,,BRA
Only in scratch_amanda,96890971,-32.34554722222222,-71.46003055555556,PICHICUY,,CHL,1000.0,anchorage_overrides,,,,,,0,,,0,,,CHL
Only in scratch_amanda,9622edf1,-41.87544444444445,-73.92094444444444,PILLUCO,,CHL,1000.0,anchorage_overrides,,,,,,0,,,0,,,CHL
Only in scratch_amanda,904cfaeb,-6.840086,-79.9428945,PIMENTEL,,PER,1000.0,anchorage_overrides,,,,,,0,,,0,,,PER
Only in scratch_amanda,9622fa85,-41.92919444444444,-74.03655555555555,PINIHUIL,,CHL,1000.0,anchorage_overrides,,,,,,0,,,0,,,CHL
Only in scratch_amanda,07aca071,-7.557573040911456,-34.83206094004112,PITIMBU,,BRA,1000.0,anchorage_overrides,,,,,,0,,,0,,,BRA
Only in scratch_amanda,07aca063,-7.553991020078678,-34.82101984183072,PITIMBU,,BRA,1000.0,anchorage_overrides,,,,,,0,,,0,,,BRA
Only in scratch_amanda,07aca045,-7.539243269372074,-34.83206094004112,PITIMBU,,BRA,1000.0,anchorage_overrides,,,,,,0,,,0,,,BRA
Only in scratch_amanda,07aca05b,-7.539742881171488,-34.826540569219446,PITIMBU,,BRA,1000.0,anchorage_overrides,,,,,,0,,,0,,,BRA
Only in scratch_amanda,07aca047,-7.538743619524211,-34.83758095418784,PITIMBU,,BRA,1000.0,anchorage_overrides,,,,,,0,,,0,,,BRA
Only in scratch_amanda,07aca06f,-7.5529900550558,-34.83206094004112,PITIMBU,,BRA,1000.0,anchorage_overrides,,,,,,0,,,0,,,BRA
Only in scratch_amanda,07aca06d,-7.552489515349913,-34.83758095418784,PITIMBU,,BRA,1000.0,anchorage_overrides,,,,,,0,,,0,,,BRA
Only in scratch_amanda,07aca07b,-7.558073839113544,-34.82654056921944,PITIMBU,,BRA,1000.0,anchorage_overrides,,,,,,0,,,0,,,BRA
Only in scratch_amanda,07aca065,-7.553490556641278,-34.826540569219446,PITIMBU,,BRA,1000.0,anchorage_overrides,,,,,,0,,,0,,,BRA
Only in scratch_amanda,07aca073,-7.5570722045649745,-34.837580954187835,PITIMBU,,BRA,1000.0,anchorage_overrides,,,,,,0,,,0,,,BRA
Only in scratch_amanda,904d4675,-7.397464935064935,-79.58751675324675,PLAYA PACASMAYO,,PER,1000.0,anchorage_overrides,,,,,,0,,,0,,,PER
Only in scratch_amanda,94d8a5bf,-27.158221629470564,-48.5362307511294,PORTO BELO,,BRA,1000.0,anchorage_overrides,,,,,,0,,,0,,,BRA
Only in scratch_amanda,94d8a5b3,-27.148002032682825,-48.52122369704867,PORTO BELO,,BRA,1000.0,anchorage_overrides,,,,,,0,,,0,,,BRA
Only in scratch_amanda,94d8a5a7,-27.141925011661176,-48.53122794731977,PORTO BELO,,BRA,1000.0,anchorage_overrides,,,,,,0,,,0,,,BRA
Only in scratch_amanda,94d8a5a3,-27.14855378504583,-48.53623075112941,PORTO BELO,,BRA,1000.0,anchorage_overrides,,,,,,0,,,0,,,BRA
Only in scratch_amanda,94d8a5bb,-27.151592581954755,-48.53122794731977,PORTO BELO,,BRA,1000.0,anchorage_overrides,,,,,,0,,,0,,,BRA
Only in scratch_amanda,94d8a597,-27.155182840446457,-48.54123400732777,PORTO BELO,,BRA,1000.0,anchorage_overrides,,,,,,0,,,0,,,BRA
Only in scratch_amanda,94d8a511,-27.127423053489835,-48.53122794731977,PORTO BELO,,BRA,1000.0,anchorage_overrides,,,,,,0,,,0,,,BRA
Only in scratch_amanda,94d8a56b,-27.12617655239703,-48.54123400732777,PORTO BELO,,BRA,1000.0,anchorage_overrides,,,,,,0,,,0,,,BRA
Only in scratch_amanda,94d8a5b1,-27.1497973436276,-48.52622559594436,PORTO BELO,,BRA,1000.0,anchorage_overrides,,,,,,0,,,0,,,BRA
Only in scratch_amanda,94d8a5b9,-27.15642624624877,-48.53122794731977,PORTO BELO,,BRA,1000.0,anchorage_overrides,,,,,,0,,,0,,,BRA
Only in scratch_amanda,94d8a591,-27.156977860456102,-48.54623771586924,PORTO BELO,,BRA,1000.0,anchorage_overrides,,,,,,0,,,0,,,BRA
Only in scratch_amanda,94d8a5a5,-27.146758837058165,-48.53122794731977,PORTO BELO,,BRA,1000.0,anchorage_overrides,,,,,,0,,,0,,,BRA
Only in scratch_amanda,94d8a5ad,-27.143168723158453,-48.52122369704867,PORTO BELO,,BRA,1000.0,anchorage_overrides,,,,,,0,,,0,,,BRA
Only in scratch_amanda,94d8a599,-27.15034866028881,-48.54123400732777,PORTO BELO,,BRA,1000.0,anchorage_overrides,,,,,,0,,,0,,,BRA
Only in scratch_amanda,94d8a5bd,-27.15338774758686,-48.53623075112941,PORTO BELO,,BRA,1000.0,anchorage_overrides,,,,,,0,,,0,,,BRA
Only in scratch_amanda,94d8a5af,-27.144963816403234,-48.52622559594437,PORTO BELO,,BRA,1000.0,anchorage_overrides,,,,,,0,,,0,,,BRA
Only in scratch_amanda,94d8a517,-27.122588907113347,-48.53122794731977,PORTO BELO,,BRA,1000.0,anchorage_overrides,,,,,,0,,,0,,,BRA
Only in scratch_amanda,94d8a515,-27.12438276605808,-48.53623075112941,PORTO BELO,,BRA,1000.0,anchorage_overrides,,,,,,0,,,0,,,BRA
Only in scratch_amanda,94d8a5a9,-27.140130208733183,-48.52622559594437,PORTO BELO,,BRA,1000.0,anchorage_overrides,,,,,,0,,,0,,,BRA
Only in scratch_amanda,94d8a513,-27.12921713035257,-48.5362307511294,PORTO BELO,,BRA,1000.0,anchorage_overrides,,,,,,0,,,0,,,BRA
Only in scratch_amanda,94d8a59b,-27.152143462709635,-48.546237715869246,PORTO BELO,,BRA,1000.0,anchorage_overrides,,,,,,0,,,0,,,BRA
Only in scratch_amanda,07b72e0f,-5.065743689651669,-36.7684838461889,PORTO DO MANGUE,,BRA,1000.0,anchorage_overrides,,,,,,0,,,0,,,BRA
Only in scratch_amanda,07b72e11,-5.061466720783644,-36.76848384618889,PORTO DO MANGUE,,BRA,1000.0,anchorage_overrides,,,,,,0,,,0,,,BRA
Only in scratch_amanda,07b72e13,-5.061820472732621,-36.76309649263239,PORTO DO MANGUE,,BRA,1000.0,anchorage_overrides,,,,,,0,,,0,,,BRA
Only in scratch_amanda,07b72e0d,-5.066097737402026,-36.7630964926324,PORTO DO MANGUE,,BRA,1000.0,anchorage_overrides,,,,,,0,,,0,,,BRA
Only in scratch_amanda,073696bb,-16.452757533107565,-39.058051126288575,PORTO SEGURO,,BRA,1000.0,anchorage_overrides,,,,,,0,,,0,,,BRA
Only in scratch_amanda,073696a5,-16.447884848292613,-39.058051126288575,PORTO SEGURO,,BRA,1000.0,anchorage_overrides,,,,,,0,,,0,,,BRA
Only in scratch_amanda,073696b9,-16.457630379680182,-39.058051126288575,PORTO SEGURO,,BRA,1000.0,anchorage_overrides,,,,,,0,,,0,,,BRA
Only in scratch_amanda,9115dc2f,-15.569561470588235,-74.86299205882354,PUERTO DE LOMAS,,PER,1000.0,anchorage_overrides,,,,,,0,,,0,,,PER
Only in scratch_amanda,9115dc25,-15.565006240601504,-74.86263120300751,PUERTO DE LOMAS,,PER,1000.0,anchorage_overrides,,,,,,0,,,0,,,PER
Only in scratch_amanda,91451987,-17.983817777777777,-70.90152444444443,PUERTO GRAU,,PER,1000.0,anchorage_overrides,,,,,,0,,,0,,,PER
Only in scratch_amanda,96191d41,-42.02488888888889,-72.68752777777779,PUERTO HUALAIHUE,,CHL,1000.0,anchorage_overrides,,,,,,0,,,0,,,CHL
Only in scratch_amanda,961882c7,-42.10795555555555,-73.43672777777778,PUERTO HUITE,,CHL,1000.0,anchorage_overrides,,,,,,0,,,0,,,CHL
Only in scratch_amanda,9033924f,-3.499809002334631,-80.39416354085604,PUERTO PIZARRO,,PER,1000.0,anchorage_overrides,,,,,,0,,,0,,,PER
Only in scratch_amanda,90339251,-3.496849665140439,-80.40315878286074,PUERTO PIZARRO,,PER,1000.0,anchorage_overrides,,,,,,0,,,0,,,PER
Only in scratch_amanda,8f75a407,11.0422,-85.6908,PUERTO SOLEY,,CRI,1000.0,anchorage_overrides,,,,,,0,,,0,,,CRI
Only in scratch_amanda,8f75a405,11.0485,-85.6901,PUERTO SOLEY,,CRI,1000.0,anchorage_overrides,,,,,,0,,,0,,,CRI
Only in scratch_amanda,8f75a401,11.0457,-85.6876,PUERTO SOLEY,,CRI,1000.0,anchorage_overrides,,,,,,0,,,0,,,CRI
Only in scratch_amanda,8f75a6ab,11.0452,-85.6829,PUERTO SOLEY,,CRI,1000.0,anchorage_overrides,,,,,,0,,,0,,,CRI
Only in scratch_amanda,8f75a403,11.0463,-85.6879,PUERTO SOLEY,,CRI,1000.0,anchorage_overrides,,,,,,0,,,0,,,CRI
Only in scratch_amanda,8f75a3f9,11.04,-85.6933,PUERTO SOLEY,,CRI,1000.0,anchorage_overrides,,,,,,0,,,0,,,CRI
Only in scratch_amanda,8f75a6a9,11.0465,-85.6832,PUERTO SOLEY,,CRI,1000.0,anchorage_overrides,,,,,,0,,,0,,,CRI
Only in scratch_amanda,962282ff,-41.85819444444444,-73.50786111111111,PULELO,,CHL,1000.0,anchorage_overrides,,,,,,0,,,0,,,CHL
Only in scratch_amanda,96427347,-37.149205555555554,-73.57963888888888,PUNTA LAVAPIE,,CHL,1000.0,anchorage_overrides,,,,,,0,,,0,,,CHL
Only in scratch_amanda,9036a325,-3.969,-80.976,PUNTA SAL,,PER,1000.0,anchorage_overrides,,,,,,0,,,0,,,PER
Only in scratch_amanda,9036a331,-3.96628,-80.976585,PUNTA SAL,,PER,1000.0,anchorage_overrides,,,,,,0,,,0,,,PER
Only in scratch_amanda,8fa02ec5,9.9802,-84.8413,PUNTARENAS,,CRI,1000.0,anchorage_overrides,,,,,,0,,,0,,,CRI
Only in scratch_amanda,9622badd,-41.56502777777777,-73.6756388888889,QUENUIR,,CHL,1000.0,anchorage_overrides,,,,,,0,,,0,,,CHL
Only in scratch_amanda,9622ee6f,-41.85797222222222,-73.95347222222223,QUETALMAHUE,,CHL,1000.0,anchorage_overrides,,,,,,0,,,0,,,CHL
Only in scratch_amanda,3137753d,19.23524662,105.7485255,QUYNH PHUONG FISHING PORT,,VNM,1000.0,anchorage_overrides,,,,,,0,,,0,,,VNM
Only in scratch_amanda,68bf7159,-4.260495838,152.1860043,RABAUL,,PNG,1000.0,anchorage_overrides,,,,,,0,,,0,,,PNG
Only in scratch_amanda,68bf717b,-4.265619175,152.2044916,RABAUL,,PNG,1000.0,anchorage_overrides,,,,,,0,,,0,,,PNG
Only in scratch_amanda,68bf740d,-4.239784061,152.1611468,RABAUL,,PNG,1000.0,anchorage_overrides,,,,,,0,,,0,,,PNG
Only in scratch_amanda,68bf73df,-4.253814337,152.1976365,RABAUL,,PNG,1000.0,anchorage_overrides,,,,,,0,,,0,,,PNG
Only in scratch_amanda,68bf7143,-4.268557684,152.1866675,RABAUL,,PNG,1000.0,anchorage_overrides,,,,,,0,,,0,,,PNG
Only in scratch_amanda,68bf73fd,-4.253445189,152.1765333,RABAUL,,PNG,1000.0,anchorage_overrides,,,,,,0,,,0,,,PNG
Only in scratch_amanda,68bf7167,-4.262628755,152.1960432,RABAUL,,PNG,1000.0,anchorage_overrides,,,,,,0,,,0,,,PNG
Only in scratch_amanda,68bf7169,-4.270331085,152.1969931,RABAUL,,PNG,1000.0,anchorage_overrides,,,,,,0,,,0,,,PNG
Only in scratch_amanda,07ab220b,-8.061223482538448,-34.859657441869096,RECIFE,,BRA,1000.0,anchorage_overrides,,,,,,0,,,0,,,BRA
Only in scratch_amanda,07ab2209,-8.065844619577105,-34.8596574418691,RECIFE,,BRA,1000.0,anchorage_overrides,,,,,,0,,,0,,,BRA
Only in scratch_amanda,07ab18ab,-8.074553325117495,-34.86517567102437,RECIFE,,BRA,1000.0,anchorage_overrides,,,,,,0,,,0,,,BRA
Only in scratch_amanda,07ab2277,-8.051982265429862,-34.8596574418691,RECIFE,,BRA,1000.0,anchorage_overrides,,,,,,0,,,0,,,BRA
Only in scratch_amanda,07ab1f31,-8.081120753421597,-34.89276145483143,RECIFE,,BRA,1000.0,anchorage_overrides,,,,,,0,,,0,,,BRA
Only in scratch_amanda,07ab1f55,-8.079175220643437,-34.86517567102436,RECIFE,,BRA,1000.0,anchorage_overrides,,,,,,0,,,0,,,BRA
Only in scratch_amanda,07ab1f3b,-8.085741862943667,-34.89276145483143,RECIFE,,BRA,1000.0,anchorage_overrides,,,,,,0,,,0,,,BRA
Only in scratch_amanda,07ab2275,-8.056602697793412,-34.8596574418691,RECIFE,,BRA,1000.0,anchorage_overrides,,,,,,0,,,0,,,BRA
Only in scratch_amanda,95119c13,-32.03805822919194,-52.09307799748681,RIO GRANDE,,BRA,1000.0,anchorage_overrides,,,,,,0,,,0,,,BRA
Only in scratch_amanda,95119c09,-32.03691058035227,-52.103682347806,RIO GRANDE,,BRA,1000.0,anchorage_overrides,,,,,,0,,,0,,,BRA
Only in scratch_amanda,95118383,-32.141932345533185,-52.09837996784544,RIO GRANDE,,BRA,1000.0,anchorage_overrides,,,,,,0,,,0,,,BRA
Only in scratch_amanda,95118393,-32.15463925527931,-52.0930779974868,RIO GRANDE,,BRA,1000.0,anchorage_overrides,,,,,,0,,,0,,,BRA
Only in scratch_amanda,9511838d,-32.15649930002768,-52.09837996784544,RIO GRANDE,,BRA,1000.0,anchorage_overrides,,,,,,0,,,0,,,BRA
Only in scratch_amanda,95119c0f,-32.03505449771785,-52.09837996784544,RIO GRANDE,,BRA,1000.0,anchorage_overrides,,,,,,0,,,0,,,BRA
Only in scratch_amanda,95119bfd,-32.030900550195106,-52.11428833621727,RIO GRANDE,,BRA,1000.0,anchorage_overrides,,,,,,0,,,0,,,BRA
Only in scratch_amanda,95119c0d,-32.039914617420926,-52.09837996784544,RIO GRANDE,,BRA,1000.0,anchorage_overrides,,,,,,0,,,0,,,BRA
Only in scratch_amanda,95119c07,-32.03205011433979,-52.103682347806,RIO GRANDE,,BRA,1000.0,anchorage_overrides,,,,,,0,,,0,,,BRA
Only in scratch_amanda,95119c19,-32.0264818685096,-52.08777643680897,RIO GRANDE,,BRA,1000.0,anchorage_overrides,,,,,,0,,,0,,,BRA
Only in scratch_amanda,9511838f,-32.15164384385002,-52.09837996784544,RIO GRANDE,,BRA,1000.0,anchorage_overrides,,,,,,0,,,0,,,BRA
Only in scratch_amanda,95119bf9,-32.03390589130151,-52.108985137289594,RIO GRANDE,,BRA,1000.0,anchorage_overrides,,,,,,0,,,0,,,BRA
Only in scratch_amanda,95119c25,-32.02276894301426,-52.077174544810845,RIO GRANDE,,BRA,1000.0,anchorage_overrides,,,,,,0,,,0,,,BRA
Only in scratch_amanda,95119c23,-32.02462548186641,-52.08247528589072,RIO GRANDE,,BRA,1000.0,anchorage_overrides,,,,,,0,,,0,,,BRA
Only in scratch_amanda,95119c21,-32.019765435638924,-52.08247528589072,RIO GRANDE,,BRA,1000.0,anchorage_overrides,,,,,,0,,,0,,,BRA
Only in scratch_amanda,95119c3b,-32.02762864306955,-52.077174544810845,RIO GRANDE,,BRA,1000.0,anchorage_overrides,,,,,,0,,,0,,,BRA
Only in scratch_amanda,95119c1f,-32.02162166899817,-52.087776436808966,RIO GRANDE,,BRA,1000.0,anchorage_overrides,,,,,,0,,,0,,,BRA
Only in scratch_amanda,95119c11,-32.03319826258781,-52.0930779974868,RIO GRANDE,,BRA,1000.0,anchorage_overrides,,,,,,0,,,0,,,BRA
Only in scratch_amanda,91ad18e7,-8.22069994473636,-78.98315201491211,SALAVERRY,,PER,1000.0,anchorage_overrides,,,,,,0,,,0,,,PER
Only in scratch_amanda,92a89ed3,-0.6330601686299983,-47.37310314226022,SALINOPOLIS,,BRA,1000.0,anchorage_overrides,,,,,,0,,,0,,,BRA
Only in scratch_amanda,07160fc1,-12.905674854433062,-38.50338728583287,SALVADOR,,BRA,1000.0,anchorage_overrides,,,,,,0,,,0,,,BRA
Only in scratch_amanda,07160fc7,-12.900923426344386,-38.50338728583287,SALVADOR,,BRA,1000.0,anchorage_overrides,,,,,,0,,,0,,,BRA
Only in scratch_amanda,07160fe9,-12.911336933862982,-38.49813209628286,SALVADOR,,BRA,1000.0,anchorage_overrides,,,,,,0,,,0,,,BRA
Only in scratch_amanda,07160fef,-12.916089159180691,-38.49813209628286,SALVADOR,,BRA,1000.0,anchorage_overrides,,,,,,0,,,0,,,BRA
Only in scratch_amanda,91ab9a31,-9.254984666666669,-78.51089477777778,SAMANCO,,PER,1000.0,anchorage_overrides,,,,,,0,,,0,,,PER
Only in scratch_amanda,91ab9a5b,-9.235954625,-78.503836875,SAMANCO,,PER,1000.0,anchorage_overrides,,,,,,0,,,0,,,PER
Only in scratch_amanda,91ab9a41,-9.247200573393158,-78.50244627241928,SAMANCO,,PER,1000.0,anchorage_overrides,,,,,,0,,,0,,,PER
Only in scratch_amanda,9621dcff,-42.94705555555555,-73.6086111111111,SAN ANTONIO DE CHADMO,,CHL,1000.0,anchorage_overrides,,,,,,0,,,0,,,CHL
Only in scratch_amanda,8f75b44f,11.2529,-85.8812,SAN JUAN DEL SUR,,NIC,1000.0,anchorage_overrides,,,,,,0,,,0,,,NIC
Only in scratch_amanda,91168a2d,-15.245736948750004,-75.25468256125002,SAN NICOLAS,,PER,1000.0,anchorage_overrides,,,,,,0,,,0,,,PER
Only in scratch_amanda,961842e9,-41.73180555555556,-73.05591666666666,SAN RAMON,,CHL,1000.0,anchorage_overrides,,,,,,0,,,0,,,CHL
Only in scratch_amanda,94ce0237,-23.971769804907535,-46.30252320580033,SANTOS,,BRA,1000.0,anchorage_overrides,,,,,,0,,,0,,,BRA
Only in scratch_amanda,94d1fdf5,-24.005002418951616,-46.30252320580033,SANTOS,,BRA,1000.0,anchorage_overrides,,,,,,0,,,0,,,BRA
Only in scratch_amanda,94ce0239,-23.976517340729178,-46.30252320580033,SANTOS,,BRA,1000.0,anchorage_overrides,,,,,,0,,,0,,,BRA
Only in scratch_amanda,94d1fdfb,-24.006345504335073,-46.29293874268486,SANTOS,,BRA,1000.0,anchorage_overrides,,,,,,0,,,0,,,BRA
Only in scratch_amanda,94ce020b,-24.000254922701515,-46.30252320580033,SANTOS,,BRA,1000.0,anchorage_overrides,,,,,,0,,,0,,,BRA
Only in scratch_amanda,94ce1adf,-23.913438629792008,-46.37926637529364,SANTOS,,BRA,1000.0,anchorage_overrides,,,,,,0,,,0,,,BRA
Only in scratch_amanda,94ce1b21,-23.918190339714386,-46.379266375293646,SANTOS,,BRA,1000.0,anchorage_overrides,,,,,,0,,,0,,,BRA
Only in scratch_amanda,94ce0249,-23.973469933529515,-46.30731614031044,SANTOS,,BRA,1000.0,anchorage_overrides,,,,,,0,,,0,,,BRA
Only in scratch_amanda,94ce0209,-23.99855324226549,-46.29773073991647,SANTOS,,BRA,1000.0,anchorage_overrides,,,,,,0,,,0,,,BRA
Only in scratch_amanda,94ce1ad9,-23.911743498322178,-46.37446641453979,SANTOS,,BRA,1000.0,anchorage_overrides,,,,,,0,,,0,,,BRA
Only in scratch_amanda,94d1fdf7,-24.003300484620663,-46.29773073991646,SANTOS,,BRA,1000.0,anchorage_overrides,,,,,,0,,,0,,,BRA
Only in scratch_amanda,94ce0207,-23.996851534315923,-46.29293874268486,SANTOS,,BRA,1000.0,anchorage_overrides,,,,,,0,,,0,,,BRA
Only in scratch_amanda,94d1fdf1,-24.00804772006911,-46.29773073991646,SANTOS,,BRA,1000.0,anchorage_overrides,,,,,,0,,,0,,,BRA
Only in scratch_amanda,94ce1b27,-23.91649495355527,-46.37446641453979,SANTOS,,BRA,1000.0,anchorage_overrides,,,,,,0,,,0,,,BRA
Only in scratch_amanda,00999ca5,-22.82343563734289,-43.104438208979325,SAO GONCALO,,BRA,1000.0,anchorage_overrides,,,,,,0,,,0,,,BRA
Only in scratch_amanda,00999caf,-22.82821350158291,-43.104438208979325,SAO GONCALO,,BRA,1000.0,anchorage_overrides,,,,,,0,,,0,,,BRA
Only in scratch_amanda,00999ca3,-22.81865779079601,-43.104438208979325,SAO GONCALO,,BRA,1000.0,anchorage_overrides,,,,,,0,,,0,,,BRA
Only in scratch_amanda,07006365,-8.892532827168143,-35.13512908500389,SAO JOSE DA COROA GRANDE,,BRA,1000.0,anchorage_overrides,,,,,,0,,,0,,,BRA
Only in scratch_amanda,0700637b,-8.897202607015867,-35.13512908500388,SAO JOSE DA COROA GRANDE,,BRA,1000.0,anchorage_overrides,,,,,,0,,,0,,,BRA
Only in scratch_amanda,07006379,-8.901872722033323,-35.135129085003875,SAO JOSE DA COROA GRANDE,,BRA,1000.0,anchorage_overrides,,,,,,0,,,0,,,BRA
Only in scratch_amanda,07006367,-8.88786338258241,-35.13512908500388,SAO JOSE DA COROA GRANDE,,BRA,1000.0,anchorage_overrides,,,,,,0,,,0,,,BRA
Only in scratch_amanda,07006383,-8.906543172128236,-35.13512908500388,SAO JOSE DA COROA GRANDE,,BRA,1000.0,anchorage_overrides,,,,,,0,,,0,,,BRA
Only in scratch_amanda,95119dbb,-32.03291854542239,-52.05067698973944,SAO JOSE DO NORTE,,BRA,1000.0,anchorage_overrides,,,,,,0,,,0,,,BRA
Only in scratch_amanda,95119db9,-32.028060190365174,-52.05067698973944,SAO JOSE DO NORTE,,BRA,1000.0,anchorage_overrides,,,,,,0,,,0,,,BRA
Only in scratch_amanda,95118307,-32.12777758483818,-52.071874213648,SAO JOSE DO NORTE,,BRA,1000.0,anchorage_overrides,,,,,,0,,,0,,,BRA
Only in scratch_amanda,9511830d,-32.12664175000479,-52.08247528589072,SAO JOSE DO NORTE,,BRA,1000.0,anchorage_overrides,,,,,,0,,,0,,,BRA
Only in scratch_amanda,95119da9,-32.04449289495562,-52.055975680448064,SAO JOSE DO NORTE,,BRA,1000.0,anchorage_overrides,,,,,,0,,,0,,,BRA
Only in scratch_amanda,951183a5,-32.13934830825202,-52.077174544810845,SAO JOSE DO NORTE,,BRA,1000.0,anchorage_overrides,,,,,,0,,,0,,,BRA
Only in scratch_amanda,951183af,-32.13748795473414,-52.071874213648,SAO JOSE DO NORTE,,BRA,1000.0,anchorage_overrides,,,,,,0,,,0,,,BRA
Only in scratch_amanda,9511830f,-32.1247820052462,-52.077174544810845,SAO JOSE DO NORTE,,BRA,1000.0,anchorage_overrides,,,,,,0,,,0,,,BRA
Only in scratch_amanda,95119d07,-32.04935082404685,-52.055975680448064,SAO JOSE DO NORTE,,BRA,1000.0,anchorage_overrides,,,,,,0,,,0,,,BRA
Only in scratch_amanda,95118373,-32.12850134186208,-52.08777643680897,SAO JOSE DO NORTE,,BRA,1000.0,anchorage_overrides,,,,,,0,,,0,,,BRA
Only in scratch_amanda,95119da5,-32.037776707559736,-52.05067698973944,SAO JOSE DO NORTE,,BRA,1000.0,anchorage_overrides,,,,,,0,,,0,,,BRA
Only in scratch_amanda,951183a9,-32.13263286722259,-52.071874213648,SAO JOSE DO NORTE,,BRA,1000.0,anchorage_overrides,,,,,,0,,,0,,,BRA
Only in scratch_amanda,95119dcf,-32.020200353903626,-52.055975680448064,SAO JOSE DO NORTE,,BRA,1000.0,anchorage_overrides,,,,,,0,,,0,,,BRA
Only in scratch_amanda,95119d11,-32.057207425100835,-52.05067698973944,SAO JOSE DO NORTE,,BRA,1000.0,anchorage_overrides,,,,,,0,,,0,,,BRA
Only in scratch_amanda,95119da7,-32.04263467668668,-52.05067698973944,SAO JOSE DO NORTE,,BRA,1000.0,anchorage_overrides,,,,,,0,,,0,,,BRA
Only in scratch_amanda,95118309,-32.12963763445384,-52.077174544810845,SAO JOSE DO NORTE,,BRA,1000.0,anchorage_overrides,,,,,,0,,,0,,,BRA
Only in scratch_amanda,951183b3,-32.140482189039275,-52.06657429248088,SAO JOSE DO NORTE,,BRA,1000.0,anchorage_overrides,,,,,,0,,,0,,,BRA
Only in scratch_amanda,951183a7,-32.134493068819125,-52.077174544810845,SAO JOSE DO NORTE,,BRA,1000.0,anchorage_overrides,,,,,,0,,,0,,,BRA
Only in scratch_amanda,9511839d,-32.14007275597474,-52.0930779974868,SAO JOSE DO NORTE,,BRA,1000.0,anchorage_overrides,,,,,,0,,,0,,,BRA
Only in scratch_amanda,9510f6dd,-31.381286362734976,-51.95537079573512,SAO LOURENCO DO SUL,,BRA,1000.0,anchorage_overrides,,,,,,0,,,0,,,BRA
Only in scratch_amanda,92a6bbcf,-0.7446371303494884,-48.51122125687829,SOURE,,BRA,1000.0,anchorage_overrides,,,,,,0,,,0,,,BRA
Only in scratch_amanda,92a6bbcb,-0.7482770252049165,-48.5162222506782,SOURE,,BRA,1000.0,anchorage_overrides,,,,,,0,,,0,,,BRA
Only in scratch_amanda,92a6bbd3,-0.741112597022818,-48.5162222506782,SOURE,,BRA,1000.0,anchorage_overrides,,,,,,0,,,0,,,BRA
Only in scratch_amanda,92a6bbd1,-0.7410554028840143,-48.51122125687829,SOURE,,BRA,1000.0,anchorage_overrides,,,,,,0,,,0,,,BRA
Only in scratch_amanda,92a6bbdb,-0.7409982082757937,-48.506220715694354,SOURE,,BRA,1000.0,anchorage_overrides,,,,,,0,,,0,,,BRA
Only in scratch_amanda,92a6bbcd,-0.7446946008614026,-48.5162222506782,SOURE,,BRA,1000.0,anchorage_overrides,,,,,,0,,,0,,,BRA
Only in scratch_amanda,3168c23b,14.56790358,109.0787797,TAM QUAN FISHING PORT,,VNM,1000.0,anchorage_overrides,,,,,,0,,,0,,,VNM
Only in scratch_amanda,3e4a006d,26.548654429356077,50.032267649705524,TAROUT BAY,,SAU,1000.0,anchorage_overrides,,,,,,0,,,0,,,SAU
Only in scratch_amanda,31a03529,9.5255312,106.2008861,TRAN DE FISHING PORT,,VNM,1000.0,anchorage_overrides,,,,,,0,,,0,,,VNM
Only in scratch_amanda,9615f12f,-39.86356388888889,-73.36449999999999,TRES ESPINOS,,CHL,1000.0,anchorage_overrides,,,,,,0,,,0,,,CHL
Only in scratch_amanda,07ee0a8d,-2.758817881986611,-42.2682928701509,TUTOIA,,BRA,1000.0,anchorage_overrides,,,,,,0,,,0,,,BRA
Only in scratch_amanda,07ee0a93,-2.7590332732422156,-42.26336346362047,TUTOIA,,BRA,1000.0,anchorage_overrides,,,,,,0,,,0,,,BRA
Only in scratch_amanda,07ee0af3,-2.755054369277211,-42.2682928701509,TUTOIA,,BRA,1000.0,anchorage_overrides,,,,,,0,,,0,,,BRA
Only in scratch_amanda,94cd56d7,-23.505176855953607,-45.10970538550938,UBATUBA,,BRA,1000.0,anchorage_overrides,,,,,,0,,,0,,,BRA
Only in scratch_amanda,94cd56d5,-23.5004940564836,-45.109705385509386,UBATUBA,,BRA,1000.0,anchorage_overrides,,,,,,0,,,0,,,BRA
Only in scratch_amanda,94cd56d9,-23.50985966161262,-45.109705385509386,UBATUBA,,BRA,1000.0,anchorage_overrides,,,,,,0,,,0,,,BRA
Only in scratch_amanda,94cd56d1,-23.503473964797017,-45.10503173786532,UBATUBA,,BRA,1000.0,anchorage_overrides,,,,,,0,,,0,,,BRA
Only in scratch_amanda,94cd56db,-23.508156510993484,-45.10503173786532,UBATUBA,,BRA,1000.0,anchorage_overrides,,,,,,0,,,0,,,BRA
Only in scratch_amanda,92a686cd,-0.8437107169440096,-48.132473336169824,VIGIA,,BRA,1000.0,anchorage_overrides,,,,,,0,,,0,,,BRA
Only in scratch_amanda,92a686bb,-0.8367604055243288,-48.14737411081368,VIGIA,,BRA,1000.0,anchorage_overrides,,,,,,0,,,0,,,BRA
Only in scratch_amanda,92a68169,-0.8617818788584877,-48.14737411081368,VIGIA,,BRA,1000.0,anchorage_overrides,,,,,,0,,,0,,,BRA
Only in scratch_amanda,92a686cb,-0.843776248802447,-48.13743980517532,VIGIA,,BRA,1000.0,anchorage_overrides,,,,,,0,,,0,,,BRA
Only in scratch_amanda,92a68135,-0.8473497728700323,-48.13743980517532,VIGIA,,BRA,1000.0,anchorage_overrides,,,,,,0,,,0,,,BRA
Only in scratch_amanda,92a6816b,-0.8617149600720609,-48.14240673007061,VIGIA,,BRA,1000.0,anchorage_overrides,,,,,,0,,,0,,,BRA
Only in scratch_amanda,92a686c9,-0.840203141976021,-48.13743980517532,VIGIA,,BRA,1000.0,anchorage_overrides,,,,,,0,,,0,,,BRA
Only in scratch_amanda,92a68133,-0.8472839635547103,-48.132473336169824,VIGIA,,BRA,1000.0,anchorage_overrides,,,,,,0,,,0,,,BRA
Only in scratch_amanda,92a68171,-0.8689346260697075,-48.14737411081367,VIGIA,,BRA,1000.0,anchorage_overrides,,,,,,0,,,0,,,BRA
Only in scratch_amanda,92a686cf,-0.8401378875430923,-48.13247333616983,VIGIA,,BRA,1000.0,anchorage_overrides,,,,,,0,,,0,,,BRA
Only in scratch_amanda,92a6816f,-0.8653580439027062,-48.14737411081368,VIGIA,,BRA,1000.0,anchorage_overrides,,,,,,0,,,0,,,BRA
Only in scratch_amanda,92a6816d,-0.8652908475054376,-48.14240673007061,VIGIA,,BRA,1000.0,anchorage_overrides,,,,,,0,,,0,,,BRA
Only in scratch_amanda,92a68173,-0.8688671520302638,-48.14240673007061,VIGIA,,BRA,1000.0,anchorage_overrides,,,,,,0,,,0,,,BRA
Only in scratch_amanda,92a686b9,-0.8366954291358725,-48.14240673007061,VIGIA,,BRA,1000.0,anchorage_overrides,,,,,,0,,,0,,,BRA
Only in scratch_amanda,00b817cd,-20.319401452284858,-40.29609839323143,VITORIA,,BRA,1000.0,anchorage_overrides,,,,,,0,,,0,,,BRA
Only in scratch_amanda,00b817c7,-20.311007406079327,-40.29099195099628,VITORIA,,BRA,1000.0,anchorage_overrides,,,,,,0,,,0,,,BRA
Only in scratch_amanda,00b817c9,-20.315909366396003,-40.29099195099628,VITORIA,,BRA,1000.0,anchorage_overrides,,,,,,0,,,0,,,BRA
Only in scratch_amanda,00b817cf,-20.314499701787145,-40.29609839323143,VITORIA,,BRA,1000.0,anchorage_overrides,,,,,,0,,,0,,,BRA
Only in scratch_amanda,31756f01,10.37641447,107.0507708,VNM_107,,VNM,1000.0,anchorage_overrides,,,,,,0,,,0,,,VNM
Only in scratch_amanda,31756e4b,10.37890531,107.0722709,VNM_114,,VNM,1000.0,anchorage_overrides,,,,,,0,,,0,,,VNM
Only in scratch_amanda,317542fb,10.38064784,106.8752601,VNM_119,,VNM,1000.0,anchorage_overrides,,,,,,0,,,0,,,VNM
Only in scratch_amanda,317542f1,10.38171967,106.8778506,VNM_122,,VNM,1000.0,anchorage_overrides,,,,,,0,,,0,,,VNM
Only in scratch_amanda,31756e5b,10.39113773,107.0630738,VNM_138,,VNM,1000.0,anchorage_overrides,,,,,,0,,,0,,,VNM
Only in scratch_amanda,31757145,10.40308567,107.1793579,VNM_145,,VNM,1000.0,anchorage_overrides,,,,,,0,,,0,,,VNM
Only in scratch_amanda,3177b127,10.49739789,108.9471377,VNM_191,,VNM,1000.0,anchorage_overrides,,,,,,0,,,0,,,VNM
Only in scratch_amanda,3177b0db,10.49796035,108.9591634,VNM_192,,VNM,1000.0,anchorage_overrides,,,,,,0,,,0,,,VNM
Only in scratch_amanda,3177b125,10.49809374,108.9416251,VNM_193,,VNM,1000.0,anchorage_overrides,,,,,,0,,,0,,,VNM
Only in scratch_amanda,3177b0d9,10.49911576,108.9513766,VNM_196,,VNM,1000.0,anchorage_overrides,,,,,,0,,,0,,,VNM
Only in scratch_amanda,3177b08b,10.52382057,108.9759344,VNM_207,,VNM,1000.0,anchorage_overrides,,,,,,0,,,0,,,VNM
Only in scratch_amanda,3177b0f5,10.52417724,108.9718823,VNM_208,,VNM,1000.0,anchorage_overrides,,,,,,0,,,0,,,VNM
Only in scratch_amanda,3177b061,10.52772042,108.9756945,VNM_210,,VNM,1000.0,anchorage_overrides,,,,,,0,,,0,,,VNM
Only in scratch_amanda,3177b05f,10.52789819,108.9721545,VNM_211,,VNM,1000.0,anchorage_overrides,,,,,,0,,,0,,,VNM
Only in scratch_amanda,3177b05d,10.53390219,108.9711317,VNM_212,,VNM,1000.0,anchorage_overrides,,,,,,0,,,0,,,VNM
Only in scratch_amanda,3177b067,10.53411363,108.9755418,VNM_213,,VNM,1000.0,anchorage_overrides,,,,,,0,,,0,,,VNM
Only in scratch_amanda,3176dc17,11.17373014,108.6981535,VNM_251,,VNM,1000.0,anchorage_overrides,,,,,,0,,,0,,,VNM
Only in scratch_amanda,3176c335,11.17417206,108.6124534,VNM_252,,VNM,1000.0,anchorage_overrides,,,,,,0,,,0,,,VNM
Only in scratch_amanda,3176c34b,11.1771824,108.6126458,VNM_254,,VNM,1000.0,anchorage_overrides,,,,,,0,,,0,,,VNM
Only in scratch_amanda,3176c349,11.17719027,108.6102958,VNM_255,,VNM,1000.0,anchorage_overrides,,,,,,0,,,0,,,VNM
Only in scratch_amanda,3176dc11,11.17781939,108.6983858,VNM_256,,VNM,1000.0,anchorage_overrides,,,,,,0,,,0,,,VNM
Only in scratch_amanda,3176dc13,11.17918386,108.6932128,VNM_257,,VNM,1000.0,anchorage_overrides,,,,,,0,,,0,,,VNM
Only in scratch_amanda,31772779,11.22386484,108.8176077,VNM_268,,VNM,1000.0,anchorage_overrides,,,,,,0,,,0,,,VNM
Only in scratch_amanda,3176d7cf,11.30742651,108.7910867,VNM_279,,VNM,1000.0,anchorage_overrides,,,,,,0,,,0,,,VNM
Only in scratch_amanda,31772937,11.32803632,108.8924848,VNM_285,,VNM,1000.0,anchorage_overrides,,,,,,0,,,0,,,VNM
Only in scratch_amanda,31772939,11.32936518,108.8877039,VNM_286,,VNM,1000.0,anchorage_overrides,,,,,,0,,,0,,,VNM
Only in scratch_amanda,3177293f,11.32998857,108.8832414,VNM_287,,VNM,1000.0,anchorage_overrides,,,,,,0,,,0,,,VNM
Only in scratch_amanda,31772941,11.3327193,108.8838209,VNM_288,,VNM,1000.0,anchorage_overrides,,,,,,0,,,0,,,VNM
Only in scratch_amanda,31772947,11.33287548,108.8874781,VNM_289,,VNM,1000.0,anchorage_overrides,,,,,,0,,,0,,,VNM
Only in scratch_amanda,31772945,11.33869325,108.8855287,VNM_290,,VNM,1000.0,anchorage_overrides,,,,,,0,,,0,,,VNM
Only in scratch_amanda,3170ce43,11.5422269,109.0283498,VNM_300,,VNM,1000.0,anchorage_overrides,,,,,,0,,,0,,,VNM
Only in scratch_amanda,3170eda9,11.90906094,109.1355818,VNM_306,,VNM,1000.0,anchorage_overrides,,,,,,0,,,0,,,VNM
Only in scratch_amanda,317060e9,12.17741143,109.220385,VNM_309,,VNM,1000.0,anchorage_overrides,,,,,,0,,,0,,,VNM
Only in scratch_amanda,317060eb,12.17855272,109.2148866,VNM_310,,VNM,1000.0,anchorage_overrides,,,,,,0,,,0,,,VNM
Only in scratch_amanda,317060c1,12.18225254,109.2151621,VNM_312,,VNM,1000.0,anchorage_overrides,,,,,,0,,,0,,,VNM
Only in scratch_amanda,317060c5,12.18722302,109.2183885,VNM_314,,VNM,1000.0,anchorage_overrides,,,,,,0,,,0,,,VNM
Only in scratch_amanda,317060c7,12.18734306,109.2137294,VNM_315,,VNM,1000.0,anchorage_overrides,,,,,,0,,,0,,,VNM
Only in scratch_amanda,317060b9,12.18873347,109.2106694,VNM_316,,VNM,1000.0,anchorage_overrides,,,,,,0,,,0,,,VNM
Only in scratch_amanda,317060b7,12.19173765,109.2091746,VNM_317,,VNM,1000.0,anchorage_overrides,,,,,,0,,,0,,,VNM
Only in scratch_amanda,317060b1,12.19569972,109.2022441,VNM_320,,VNM,1000.0,anchorage_overrides,,,,,,0,,,0,,,VNM
Only in scratch_amanda,31706723,12.22007231,109.2286389,VNM_325,,VNM,1000.0,anchorage_overrides,,,,,,0,,,0,,,VNM
Only in scratch_amanda,31701613,12.56433038,109.2101349,VNM_332,,VNM,1000.0,anchorage_overrides,,,,,,0,,,0,,,VNM
Only in scratch_amanda,3168c22f,14.56298101,109.0833681,VNM_402,,VNM,1000.0,anchorage_overrides,,,,,,0,,,0,,,VNM
Only in scratch_amanda,3168c225,14.56690612,109.0837509,VNM_405,,VNM,1000.0,anchorage_overrides,,,,,,0,,,0,,,VNM
Only in scratch_amanda,3168c227,14.56701046,109.0883986,VNM_407,,VNM,1000.0,anchorage_overrides,,,,,,0,,,0,,,VNM
Only in scratch_amanda,31685217,15.13038125,108.8905331,VNM_424,,VNM,1000.0,anchorage_overrides,,,,,,0,,,0,,,VNM
Only in scratch_amanda,31685219,15.13145537,108.8922413,VNM_425,,VNM,1000.0,anchorage_overrides,,,,,,0,,,0,,,VNM
Only in scratch_amanda,3168521b,15.13805736,108.8954364,VNM_426,,VNM,1000.0,anchorage_overrides,,,,,,0,,,0,,,VNM
Only in scratch_amanda,31684ef1,15.20036956,108.9346713,VNM_432,,VNM,1000.0,anchorage_overrides,,,,,,0,,,0,,,VNM
Only in scratch_amanda,31684eef,15.20416475,108.9348376,VNM_437,,VNM,1000.0,anchorage_overrides,,,,,,0,,,0,,,VNM
Only in scratch_amanda,31a7967b,9.996097409,104.0165277,VNM_45,,VNM,1000.0,anchorage_overrides,,,,,,0,,,0,,,VNM
Only in scratch_amanda,31683efb,15.36225839,109.1320344,VNM_463,,VNM,1000.0,anchorage_overrides,,,,,,0,,,0,,,VNM
Only in scratch_amanda,31683ee5,15.36255072,109.1263728,VNM_464,,VNM,1000.0,anchorage_overrides,,,,,,0,,,0,,,VNM
Only in scratch_amanda,31683ef1,15.36678089,109.1326897,VNM_465,,VNM,1000.0,anchorage_overrides,,,,,,0,,,0,,,VNM
Only in scratch_amanda,31683ef7,15.36747924,109.1369228,VNM_466,,VNM,1000.0,anchorage_overrides,,,,,,0,,,0,,,VNM
Only in scratch_amanda,31a796f7,10.00453488,104.0378867,VNM_47,,VNM,1000.0,anchorage_overrides,,,,,,0,,,0,,,VNM
Only in scratch_amanda,31683935,15.37817626,109.0915848,VNM_471,,VNM,1000.0,anchorage_overrides,,,,,,0,,,0,,,VNM
Only in scratch_amanda,31683ecb,15.37835345,109.0940122,VNM_472,,VNM,1000.0,anchorage_overrides,,,,,,0,,,0,,,VNM
Only in scratch_amanda,31683eb5,15.37949176,109.0945285,VNM_473,,VNM,1000.0,anchorage_overrides,,,,,,0,,,0,,,VNM
Only in scratch_amanda,31683e61,15.37964366,109.1414326,VNM_474,,VNM,1000.0,anchorage_overrides,,,,,,0,,,0,,,VNM
Only in scratch_amanda,31a796f5,10.00522351,104.0333364,VNM_48,,VNM,1000.0,anchorage_overrides,,,,,,0,,,0,,,VNM
Only in scratch_amanda,31683e83,15.39649072,109.1315197,VNM_480,,VNM,1000.0,anchorage_overrides,,,,,,0,,,0,,,VNM
Only in scratch_amanda,31683eab,15.39674126,109.0953488,VNM_481,,VNM,1000.0,anchorage_overrides,,,,,,0,,,0,,,VNM
Only in scratch_amanda,31683ea9,15.39692484,109.1019757,VNM_482,,VNM,1000.0,anchorage_overrides,,,,,,0,,,0,,,VNM
Only in scratch_amanda,31683ea7,15.39742148,109.1066,VNM_483,,VNM,1000.0,anchorage_overrides,,,,,,0,,,0,,,VNM
Only in scratch_amanda,31683c1d,15.40264747,109.1072635,VNM_486,,VNM,1000.0,anchorage_overrides,,,,,,0,,,0,,,VNM
Only in scratch_amanda,31683c03,15.40311489,109.1019432,VNM_487,,VNM,1000.0,anchorage_overrides,,,,,,0,,,0,,,VNM
Only in scratch_amanda,3169ceef,15.4714317,108.6784216,VNM_490,,VNM,1000.0,anchorage_overrides,,,,,,0,,,0,,,VNM
Only in scratch_amanda,31426e75,15.92826031,108.5270173,VNM_500,,VNM,1000.0,anchorage_overrides,,,,,,0,,,0,,,VNM
Only in scratch_amanda,31421801,16.10396444,108.2370534,VNM_510,,VNM,1000.0,anchorage_overrides,,,,,,0,,,0,,,VNM
Only in scratch_amanda,314222bf,16.1300329,108.2151873,VNM_524,,VNM,1000.0,anchorage_overrides,,,,,,0,,,0,,,VNM
Only in scratch_amanda,314222c1,16.13508502,108.2171824,VNM_525,,VNM,1000.0,anchorage_overrides,,,,,,0,,,0,,,VNM
Only in scratch_amanda,314222eb,16.13574685,108.2122448,VNM_526,,VNM,1000.0,anchorage_overrides,,,,,,0,,,0,,,VNM
Only in scratch_amanda,314222c5,16.14126655,108.2226062,VNM_528,,VNM,1000.0,anchorage_overrides,,,,,,0,,,0,,,VNM
Only in scratch_amanda,314222db,16.14488273,108.223387,VNM_529,,VNM,1000.0,anchorage_overrides,,,,,,0,,,0,,,VNM
Only in scratch_amanda,31387d9b,18.10782261,106.4037962,VNM_552,,VNM,1000.0,anchorage_overrides,,,,,,0,,,0,,,VNM
Only in scratch_amanda,31387d99,18.11160988,106.4046143,VNM_553,,VNM,1000.0,anchorage_overrides,,,,,,0,,,0,,,VNM
Only in scratch_amanda,31387dbd,18.11790076,106.40794,VNM_555,,VNM,1000.0,anchorage_overrides,,,,,,0,,,0,,,VNM
Only in scratch_amanda,3139d459,18.82872187,105.7331979,VNM_562,,VNM,1000.0,anchorage_overrides,,,,,,0,,,0,,,VNM
Only in scratch_amanda,31377519,19.23381321,105.7434396,VNM_593,,VNM,1000.0,anchorage_overrides,,,,,,0,,,0,,,VNM
Only in scratch_amanda,31377523,19.23517408,105.7444873,VNM_595,,VNM,1000.0,anchorage_overrides,,,,,,0,,,0,,,VNM
Only in scratch_amanda,3137a72d,19.34451162,105.8217067,VNM_607,,VNM,1000.0,anchorage_overrides,,,,,,0,,,0,,,VNM
Only in scratch_amanda,3137a72b,19.34491339,105.8250883,VNM_608,,VNM,1000.0,anchorage_overrides,,,,,,0,,,0,,,VNM
Only in scratch_amanda,3137a48b,19.35396578,105.9244717,VNM_615,,VNM,1000.0,anchorage_overrides,,,,,,0,,,0,,,VNM
Only in scratch_amanda,3137a461,19.35554762,105.9202485,VNM_616,,VNM,1000.0,anchorage_overrides,,,,,,0,,,0,,,VNM
Only in scratch_amanda,3137a45f,19.36013197,105.9186687,VNM_617,,VNM,1000.0,anchorage_overrides,,,,,,0,,,0,,,VNM
Only in scratch_amanda,3137a45d,19.36106926,105.915968,VNM_618,,VNM,1000.0,anchorage_overrides,,,,,,0,,,0,,,VNM
Only in scratch_amanda,3137a459,19.36426914,105.9181149,VNM_619,,VNM,1000.0,anchorage_overrides,,,,,,0,,,0,,,VNM
Only in scratch_amanda,3137a45b,19.3648339,105.9152924,VNM_620,,VNM,1000.0,anchorage_overrides,,,,,,0,,,0,,,VNM
Only in scratch_amanda,3137a7b1,19.4024749,105.8196479,VNM_638,,VNM,1000.0,anchorage_overrides,,,,,,0,,,0,,,VNM
Only in scratch_amanda,3137a797,19.40508855,105.8037129,VNM_639,,VNM,1000.0,anchorage_overrides,,,,,,0,,,0,,,VNM
Only in scratch_amanda,31495f07,20.13740525,107.7204719,VNM_672,,VNM,1000.0,anchorage_overrides,,,,,,0,,,0,,,VNM
Only in scratch_amanda,31495f05,20.13914747,107.7234218,VNM_673,,VNM,1000.0,anchorage_overrides,,,,,,0,,,0,,,VNM
Only in scratch_amanda,314a45cf,20.71999966,107.0617042,VNM_689,,VNM,1000.0,anchorage_overrides,,,,,,0,,,0,,,VNM
Only in scratch_amanda,314bb21d,20.7492545,107.3837821,VNM_711,,VNM,1000.0,anchorage_overrides,,,,,,0,,,0,,,VNM
Only in scratch_amanda,314bb1f7,20.75029714,107.3863169,VNM_712,,VNM,1000.0,anchorage_overrides,,,,,,0,,,0,,,VNM
Only in scratch_amanda,314bb1fd,20.75839192,107.3956797,VNM_716,,VNM,1000.0,anchorage_overrides,,,,,,0,,,0,,,VNM
Only in scratch_amanda,314bb1e3,20.7584189,107.3972913,VNM_717,,VNM,1000.0,anchorage_overrides,,,,,,0,,,0,,,VNM
Only in scratch_amanda,314a5a69,20.855192,107.0806089,VNM_736,,VNM,1000.0,anchorage_overrides,,,,,,0,,,0,,,VNM
Only in scratch_amanda,314a5a6b,20.85963788,107.0819134,VNM_737,,VNM,1000.0,anchorage_overrides,,,,,,0,,,0,,,VNM
Only in scratch_amanda,314a5a6d,20.86082865,107.0875079,VNM_738,,VNM,1000.0,anchorage_overrides,,,,,,0,,,0,,,VNM
Only in scratch_amanda,314a5a13,20.86435358,107.0888088,VNM_739,,VNM,1000.0,anchorage_overrides,,,,,,0,,,0,,,VNM
Only in scratch_amanda,317557bd,10.21062418,106.6957939,VNM_75,,VNM,1000.0,anchorage_overrides,,,,,,0,,,0,,,VNM
Only in scratch_amanda,314a5947,20.91213518,107.018778,VNM_754,,VNM,1000.0,anchorage_overrides,,,,,,0,,,0,,,VNM
Only in scratch_amanda,314a5949,20.91232656,107.0182724,VNM_755,,VNM,1000.0,anchorage_overrides,,,,,,0,,,0,,,VNM
Only in scratch_amanda,317557bb,10.2124294,106.6918679,VNM_76,,VNM,1000.0,anchorage_overrides,,,,,,0,,,0,,,VNM
Only in scratch_amanda,314a5833,20.9345965,107.0849715,VNM_760,,VNM,1000.0,anchorage_overrides,,,,,,0,,,0,,,VNM
Only in scratch_amanda,314a5835,20.93705545,107.082845,VNM_761,,VNM,1000.0,anchorage_overrides,,,,,,0,,,0,,,VNM
Only in scratch_amanda,314a582f,20.94187581,107.0913065,VNM_763,,VNM,1000.0,anchorage_overrides,,,,,,0,,,0,,,VNM
Only in scratch_amanda,314a58db,20.94481815,107.0219927,VNM_764,,VNM,1000.0,anchorage_overrides,,,,,,0,,,0,,,VNM
Only in scratch_amanda,314a5825,20.94530147,107.0902851,VNM_765,,VNM,1000.0,anchorage_overrides,,,,,,0,,,0,,,VNM
Only in scratch_amanda,314b7433,20.95903095,107.7469291,VNM_776,,VNM,1000.0,anchorage_overrides,,,,,,0,,,0,,,VNM
Only in scratch_amanda,314b7431,20.9629946,107.7503363,VNM_777,,VNM,1000.0,anchorage_overrides,,,,,,0,,,0,,,VNM
Only in scratch_amanda,314b742f,20.96412872,107.7526933,VNM_778,,VNM,1000.0,anchorage_overrides,,,,,,0,,,0,,,VNM
Only in scratch_amanda,314b7425,20.96646156,107.7545288,VNM_779,,VNM,1000.0,anchorage_overrides,,,,,,0,,,0,,,VNM
Only in scratch_amanda,314affc1,20.9860184,107.2692872,VNM_781,,VNM,1000.0,anchorage_overrides,,,,,,0,,,0,,,VNM
Only in scratch_amanda,314affbf,20.98706741,107.2640004,VNM_782,,VNM,1000.0,anchorage_overrides,,,,,,0,,,0,,,VNM
Only in scratch_amanda,314aff13,20.98836548,107.2299999,VNM_784,,VNM,1000.0,anchorage_overrides,,,,,,0,,,0,,,VNM
Only in scratch_amanda,314b0431,21.04979911,107.4218479,VNM_795,,VNM,1000.0,anchorage_overrides,,,,,,0,,,0,,,VNM
Only in scratch_amanda,314b0437,21.05361797,107.4251775,VNM_796,,VNM,1000.0,anchorage_overrides,,,,,,0,,,0,,,VNM
Only in scratch_amanda,314b0435,21.05522385,107.4279505,VNM_797,,VNM,1000.0,anchorage_overrides,,,,,,0,,,0,,,VNM
Only in scratch_amanda,314b044b,21.06006182,107.4309816,VNM_798,,VNM,1000.0,anchorage_overrides,,,,,,0,,,0,,,VNM
Only in scratch_amanda,314b05b5,21.06143651,107.4339,VNM_799,,VNM,1000.0,anchorage_overrides,,,,,,0,,,0,,,VNM
Only in scratch_amanda,31755655,10.22087992,106.673757,VNM_80,,VNM,1000.0,anchorage_overrides,,,,,,0,,,0,,,VNM
Only in scratch_amanda,314b05b3,21.06512315,107.4369791,VNM_800,,VNM,1000.0,anchorage_overrides,,,,,,0,,,0,,,VNM
Only in scratch_amanda,314b05b1,21.06519708,107.4387569,VNM_801,,VNM,1000.0,anchorage_overrides,,,,,,0,,,0,,,VNM
Only in scratch_amanda,314b469b,21.39910703,107.7565747,VNM_809,,VNM,1000.0,anchorage_overrides,,,,,,0,,,0,,,VNM
Only in scratch_amanda,314b59d9,21.43159005,107.9853436,VNM_816,,VNM,1000.0,anchorage_overrides,,,,,,0,,,0,,,VNM
Only in scratch_amanda,314b59e3,21.43541296,107.9654216,VNM_817,,VNM,1000.0,anchorage_overrides,,,,,,0,,,0,,,VNM
Only in scratch_amanda,314b59fd,21.43556484,107.964132,VNM_818,,VNM,1000.0,anchorage_overrides,,,,,,0,,,0,,,VNM
Only in scratch_amanda,314b5757,21.4389415,107.9638142,VNM_819,,VNM,1000.0,anchorage_overrides,,,,,,0,,,0,,,VNM
Only in scratch_amanda,314b5759,21.43921065,107.9656733,VNM_820,,VNM,1000.0,anchorage_overrides,,,,,,0,,,0,,,VNM
Only in scratch_amanda,31756f8f,10.34371685,107.069344,VNM_89,,VNM,1000.0,anchorage_overrides,,,,,,0,,,0,,,VNM
Only in scratch_amanda,31756f91,10.34600784,107.0683868,VNM_92,,VNM,1000.0,anchorage_overrides,,,,,,0,,,0,,,VNM
Only in scratch_amanda,31756f9b,10.34725424,107.0637793,VNM_93,,VNM,1000.0,anchorage_overrides,,,,,,0,,,0,,,VNM
Only in scratch_amanda,31756fa7,10.36505845,107.0552503,VNM_99,,VNM,1000.0,anchorage_overrides,,,,,,0,,,0,,,VNM
Only in scratch_amanda,07e9f6a7,-2.8075384554636065,-40.22456812982784,ACARAU,,BRA,2000.0,anchorage_overrides,,,,,,0,,,0,,,BRA
Only in scratch_amanda,07e9f41b,-2.807115360424639,-40.23479202062941,ACARAU,,BRA,2000.0,anchorage_overrides,,,,,,0,,,0,,,BRA
Only in scratch_amanda,07e9f41d,-2.807326910035899,-40.229680295178355,ACARAU,,BRA,2000.0,anchorage_overrides,,,,,,0,,,0,,,BRA
Only in scratch_amanda,07e9ff1d,-2.838706552545412,-40.03510928669298,ACARAU,,BRA,2000.0,anchorage_overrides,,,,,,0,,,0,,,BRA
Only in scratch_amanda,07e9f6a5,-2.8077499966979613,-40.2194555246348,ACARAU,,BRA,2000.0,anchorage_overrides,,,,,,0,,,0,,,BRA
Only in scratch_amanda,07e9ff27,-2.838067146611398,-40.05049317698218,ACARAU,,BRA,2000.0,anchorage_overrides,,,,,,0,,,0,,,BRA
Only in scratch_amanda,07e9ff21,-2.8382802865025716,-40.04536565135308,ACARAU,,BRA,2000.0,anchorage_overrides,,,,,,0,,,0,,,BRA
Only in scratch_amanda,07e9fedf,-2.83438918960412,-40.04536565135309,ACARAU,,BRA,2000.0,anchorage_overrides,,,,,,0,,,0,,,BRA
Only in scratch_amanda,07e9fee1,-2.8346020336789906,-40.04023768790381,ACARAU,,BRA,2000.0,anchorage_overrides,,,,,,0,,,0,,,BRA
Only in scratch_amanda,07e9f6bb,-2.807961533729161,-40.21434247965624,ACARAU,,BRA,2000.0,anchorage_overrides,,,,,,0,,,0,,,BRA
Only in scratch_amanda,07e9ff1f,-2.8384934218172293,-40.04023768790381,ACARAU,,BRA,2000.0,anchorage_overrides,,,,,,0,,,0,,,BRA
Only in scratch_amanda,0734e653,-17.542195076023386,-39.18817398059264,ALCOBACA,,BRA,2000.0,anchorage_overrides,,,,,,0,,,0,,,BRA
Only in scratch_amanda,0734e7ad,-17.547094550668564,-39.18817398059264,ALCOBACA,,BRA,2000.0,anchorage_overrides,,,,,,0,,,0,,,BRA
Only in scratch_amanda,0734e7b1,-17.55321294697143,-39.182974188548606,ALCOBACA,,BRA,2000.0,anchorage_overrides,,,,,,0,,,0,,,BRA
Only in scratch_amanda,0734e7a5,-17.556893908135233,-39.18817398059264,ALCOBACA,,BRA,2000.0,anchorage_overrides,,,,,,0,,,0,,,BRA
Only in scratch_amanda,0734e65b,-17.532396535485475,-39.18817398059264,ALCOBACA,,BRA,2000.0,anchorage_overrides,,,,,,0,,,0,,,BRA
Only in scratch_amanda,0734e7bb,-17.55811299022831,-39.182974188548606,ALCOBACA,,BRA,2000.0,anchorage_overrides,,,,,,0,,,0,,,BRA
Only in scratch_amanda,0734e651,-17.537295737590618,-39.18817398059264,ALCOBACA,,BRA,2000.0,anchorage_overrides,,,,,,0,,,0,,,BRA
Only in scratch_amanda,0734e64d,-17.5434132684365,-39.182974188548606,ALCOBACA,,BRA,2000.0,anchorage_overrides,,,,,,0,,,0,,,BRA
Only in scratch_amanda,0734e7af,-17.551994161410924,-39.18817398059264,ALCOBACA,,BRA,2000.0,anchorage_overrides,,,,,,0,,,0,,,BRA
Only in scratch_amanda,0734e64f,-17.53851363338894,-39.182974188548606,ALCOBACA,,BRA,2000.0,anchorage_overrides,,,,,,0,,,0,,,BRA
Only in scratch_amanda,0734e7b3,-17.548313039669075,-39.182974188548606,ALCOBACA,,BRA,2000.0,anchorage_overrides,,,,,,0,,,0,,,BRA
Only in scratch_amanda,961f069f,-43.02269722222222,-72.83147222222222,AUCHEMO,,CHL,2000.0,anchorage_overrides,,,,,,0,,,0,,,CHL
Only in scratch_amanda,07b29d19,-6.359933756351987,-35.014032439509066,BAIA FORMOSA,,BRA,2000.0,anchorage_overrides,,,,,,0,,,0,,,BRA
Only in scratch_amanda,07b29d13,-6.369312405961306,-35.00852389562636,BAIA FORMOSA,,BRA,2000.0,anchorage_overrides,,,,,,0,,,0,,,BRA
Only in scratch_amanda,07b29d1f,-6.355457714964388,-35.014032439509066,BAIA FORMOSA,,BRA,2000.0,anchorage_overrides,,,,,,0,,,0,,,BRA
Only in scratch_amanda,07b29d1d,-6.355882252157675,-35.008523895626354,BAIA FORMOSA,,BRA,2000.0,anchorage_overrides,,,,,,0,,,0,,,BRA
Only in scratch_amanda,07b29d0d,-6.369737794110564,-35.00301499164286,BAIA FORMOSA,,BRA,2000.0,anchorage_overrides,,,,,,0,,,0,,,BRA
Only in scratch_amanda,07b29d05,-6.360783387628117,-35.00301499164286,BAIA FORMOSA,,BRA,2000.0,anchorage_overrides,,,,,,0,,,0,,,BRA
Only in scratch_amanda,07b29d23,-6.359508893869519,-35.01954062318482,BAIA FORMOSA,,BRA,2000.0,anchorage_overrides,,,,,,0,,,0,,,BRA
Only in scratch_amanda,07b29d0f,-6.365260399647762,-35.00301499164286,BAIA FORMOSA,,BRA,2000.0,anchorage_overrides,,,,,,0,,,0,,,BRA
Only in scratch_amanda,07b29d1b,-6.360358587612669,-35.008523895626354,BAIA FORMOSA,,BRA,2000.0,anchorage_overrides,,,,,,0,,,0,,,BRA
Only in scratch_amanda,07b29d11,-6.364835305572777,-35.008523895626354,BAIA FORMOSA,,BRA,2000.0,anchorage_overrides,,,,,,0,,,0,,,BRA
Only in scratch_amanda,92a463dd,-1.329893327191784,-48.486223078023755,BELEM,,BRA,2000.0,anchorage_overrides,,,,,,0,,,0,,,BRA
Only in scratch_amanda,92a48949,-1.425107735982334,-48.49622099135555,BELEM,,BRA,2000.0,anchorage_overrides,,,,,,0,,,0,,,BRA
Only in scratch_amanda,92a463fd,-1.3188486646176647,-48.481224800598426,BELEM,,BRA,2000.0,anchorage_overrides,,,,,,0,,,0,,,BRA
Only in scratch_amanda,92a46205,-1.366396466838646,-48.486223078023755,BELEM,,BRA,2000.0,anchorage_overrides,,,,,,0,,,0,,,BRA
Only in scratch_amanda,92a4621d,-1.362639092069388,-48.481224800598426,BELEM,,BRA,2000.0,anchorage_overrides,,,,,,0,,,0,,,BRA
Only in scratch_amanda,92a4890f,-1.4070321293774453,-48.506220715694354,BELEM,,BRA,2000.0,anchorage_overrides,,,,,,0,,,0,,,BRA
Only in scratch_amanda,92a489ef,-1.381115941832474,-48.491221808291186,BELEM,,BRA,2000.0,anchorage_overrides,,,,,,0,,,0,,,BRA
Only in scratch_amanda,92a489f3,-1.384663595715784,-48.486223078023755,BELEM,,BRA,2000.0,anchorage_overrides,,,,,,0,,,0,,,BRA
Only in scratch_amanda,92a463d9,-1.3334388325150108,-48.481224800598426,BELEM,,BRA,2000.0,anchorage_overrides,,,,,,0,,,0,,,BRA
Only in scratch_amanda,92a463f1,-1.3190522943961625,-48.491221808291186,BELEM,,BRA,2000.0,anchorage_overrides,,,,,,0,,,0,,,BRA
Only in scratch_amanda,92a4620b,-1.370260574205877,-48.49622099135556,BELEM,,BRA,2000.0,anchorage_overrides,,,,,,0,,,0,,,BRA
Only in scratch_amanda,92a489e5,-1.3774618194460808,-48.491221808291186,BELEM,,BRA,2000.0,anchorage_overrides,,,,,,0,,,0,,,BRA
Only in scratch_amanda,92a489f1,-1.381009340436954,-48.486223078023755,BELEM,,BRA,2000.0,anchorage_overrides,,,,,,0,,,0,,,BRA
Only in scratch_amanda,92a489a3,-1.395952033904698,-48.50122062717168,BELEM,,BRA,2000.0,anchorage_overrides,,,,,,0,,,0,,,BRA
Only in scratch_amanda,92a489e3,-1.3738081118416603,-48.491221808291186,BELEM,,BRA,2000.0,anchorage_overrides,,,,,,0,,,0,,,BRA
Only in scratch_amanda,92a489c1,-1.3849842428690038,-48.50122062717168,BELEM,,BRA,2000.0,anchorage_overrides,,,,,,0,,,0,,,BRA
Only in scratch_amanda,92a48983,-1.3992847633397572,-48.486223078023755,BELEM,,BRA,2000.0,anchorage_overrides,,,,,,0,,,0,,,BRA
Only in scratch_amanda,92a46223,-1.3554411674721747,-48.486223078023755,BELEM,,BRA,2000.0,anchorage_overrides,,,,,,0,,,0,,,BRA
Only in scratch_amanda,92a4621b,-1.3627442854861234,-48.486223078023755,BELEM,,BRA,2000.0,anchorage_overrides,,,,,,0,,,0,,,BRA
Only in scratch_amanda,92a48909,-1.4033742583613702,-48.50622071569435,BELEM,,BRA,2000.0,anchorage_overrides,,,,,,0,,,0,,,BRA
Only in scratch_amanda,92a48945,-1.421338654068877,-48.491221808291186,BELEM,,BRA,2000.0,anchorage_overrides,,,,,,0,,,0,,,BRA
Only in scratch_amanda,92a4622b,-1.3443858173442802,-48.481224800598426,BELEM,,BRA,2000.0,anchorage_overrides,,,,,,0,,,0,,,BRA
Only in scratch_amanda,92a46413,-1.30456720907498,-48.49622099135555,BELEM,,BRA,2000.0,anchorage_overrides,,,,,,0,,,0,,,BRA
Only in scratch_amanda,92a4898d,-1.3883182656791222,-48.486223078023755,BELEM,,BRA,2000.0,anchorage_overrides,,,,,,0,,,0,,,BRA
Only in scratch_amanda,92a4890b,-1.4032659680223527,-48.50122062717168,BELEM,,BRA,2000.0,anchorage_overrides,,,,,,0,,,0,,,BRA
Only in scratch_amanda,92a4640b,-1.3118598277363585,-48.49622099135556,BELEM,,BRA,2000.0,anchorage_overrides,,,,,,0,,,0,,,BRA
Only in scratch_amanda,92a463f9,-1.3153036946864527,-48.486223078023755,BELEM,,BRA,2000.0,anchorage_overrides,,,,,,0,,,0,,,BRA
Only in scratch_amanda,92a489c3,-1.3813291420293754,-48.50122062717168,BELEM,,BRA,2000.0,anchorage_overrides,,,,,,0,,,0,,,BRA
Only in scratch_amanda,92a463f3,-1.3191541080522131,-48.49622099135556,BELEM,,BRA,2000.0,anchorage_overrides,,,,,,0,,,0,,,BRA
Only in scratch_amanda,92a489e7,-1.3775681381550808,-48.49622099135555,BELEM,,BRA,2000.0,anchorage_overrides,,,,,,0,,,0,,,BRA
Only in scratch_amanda,92a463d1,-1.3371906346967006,-48.486223078023755,BELEM,,BRA,2000.0,anchorage_overrides,,,,,,0,,,0,,,BRA
Only in scratch_amanda,92a4896d,-1.4104727052459969,-48.49622099135556,BELEM,,BRA,2000.0,anchorage_overrides,,,,,,0,,,0,,,BRA
Only in scratch_amanda,92a463fb,-1.318950479916506,-48.486223078023755,BELEM,,BRA,2000.0,anchorage_overrides,,,,,,0,,,0,,,BRA
Only in scratch_amanda,92a463f5,-1.3155067602040915,-48.49622099135556,BELEM,,BRA,2000.0,anchorage_overrides,,,,,,0,,,0,,,BRA
Only in scratch_amanda,92a48993,-1.3884254308167605,-48.491221808291186,BELEM,,BRA,2000.0,anchorage_overrides,,,,,,0,,,0,,,BRA
Only in scratch_amanda,92a489ed,-1.38477047896724,-48.491221808291186,BELEM,,BRA,2000.0,anchorage_overrides,,,,,,0,,,0,,,BRA
Only in scratch_amanda,92a463eb,-1.3264500497565774,-48.49622099135555,BELEM,,BRA,2000.0,anchorage_overrides,,,,,,0,,,0,,,BRA
Only in scratch_amanda,92a489fb,-1.3773554998762447,-48.486223078023755,BELEM,,BRA,2000.0,anchorage_overrides,,,,,,0,,,0,,,BRA
Only in scratch_amanda,92a489eb,-1.3848773613531946,-48.49622099135555,BELEM,,BRA,2000.0,anchorage_overrides,,,,,,0,,,0,,,BRA
Only in scratch_amanda,92a489bd,-1.3922956888403313,-48.50122062717168,BELEM,,BRA,2000.0,anchorage_overrides,,,,,,0,,,0,,,BRA
Only in scratch_amanda,92a48979,-1.4029410917045968,-48.486223078023755,BELEM,,BRA,2000.0,anchorage_overrides,,,,,,0,,,0,,,BRA
Only in scratch_amanda,92a46201,-1.3699433061826891,-48.481224800598426,BELEM,,BRA,2000.0,anchorage_overrides,,,,,,0,,,0,,,BRA
Only in scratch_amanda,92a4620f,-1.3665019411130293,-48.491221808291186,BELEM,,BRA,2000.0,anchorage_overrides,,,,,,0,,,0,,,BRA
Only in scratch_amanda,92a46207,-1.3700490630435305,-48.486223078023755,BELEM,,BRA,2000.0,anchorage_overrides,,,,,,0,,,0,,,BRA
Only in scratch_amanda,92a48947,-1.4214483566530416,-48.49622099135555,BELEM,,BRA,2000.0,anchorage_overrides,,,,,,0,,,0,,,BRA
Only in scratch_amanda,92a4622f,-1.3481397092695064,-48.486223078023755,BELEM,,BRA,2000.0,anchorage_overrides,,,,,,0,,,0,,,BRA
Only in scratch_amanda,92a489f9,-1.377249179450189,-48.481224800598426,BELEM,,BRA,2000.0,anchorage_overrides,,,,,,0,,,0,,,BRA
Only in scratch_amanda,92a489e9,-1.3812225423648246,-48.49622099135556,BELEM,,BRA,2000.0,anchorage_overrides,,,,,,0,,,0,,,BRA
Only in scratch_amanda,92a46407,-1.3116573247760053,-48.48622307802376,BELEM,,BRA,2000.0,anchorage_overrides,,,,,,0,,,0,,,BRA
Only in scratch_amanda,92a489f5,-1.384556711603468,-48.481224800598426,BELEM,,BRA,2000.0,anchorage_overrides,,,,,,0,,,0,,,BRA
Only in scratch_amanda,92a46419,-1.3007207072943874,-48.486223078023755,BELEM,,BRA,2000.0,anchorage_overrides,,,,,,0,,,0,,,BRA
Only in scratch_amanda,92a4640f,-1.308112340858638,-48.491221808291186,BELEM,,BRA,2000.0,anchorage_overrides,,,,,,0,,,0,,,BRA
Only in scratch_amanda,92a4893f,-1.4178988112685167,-48.50122062717168,BELEM,,BRA,2000.0,anchorage_overrides,,,,,,0,,,0,,,BRA
Only in scratch_amanda,92a463ef,-1.3226997762531592,-48.491221808291186,BELEM,,BRA,2000.0,anchorage_overrides,,,,,,0,,,0,,,BRA
Only in scratch_amanda,92a46219,-1.35909251901947,-48.48622307802376,BELEM,,BRA,2000.0,anchorage_overrides,,,,,,0,,,0,,,BRA
Only in scratch_amanda,92a4617f,-1.3406329026936772,-48.47622697606024,BELEM,,BRA,2000.0,anchorage_overrides,,,,,,0,,,0,,,BRA
Only in scratch_amanda,92a48991,-1.3920807973473934,-48.49122180829119,BELEM,,BRA,2000.0,anchorage_overrides,,,,,,0,,,0,,,BRA
Only in scratch_amanda,92a46405,-1.308011370218382,-48.486223078023755,BELEM,,BRA,2000.0,anchorage_overrides,,,,,,0,,,0,,,BRA
Only in scratch_amanda,92a463ff,-1.315202160700116,-48.481224800598426,BELEM,,BRA,2000.0,anchorage_overrides,,,,,,0,,,0,,,BRA
Only in scratch_amanda,92a48917,-1.4143491151853893,-48.506220715694354,BELEM,,BRA,2000.0,anchorage_overrides,,,,,,0,,,0,,,BRA
Only in scratch_amanda,92a4641b,-1.3043658310467827,-48.486223078023755,BELEM,,BRA,2000.0,anchorage_overrides,,,,,,0,,,0,,,BRA
Only in scratch_amanda,92a4641f,-1.300620298254063,-48.481224800598426,BELEM,,BRA,2000.0,anchorage_overrides,,,,,,0,,,0,,,BRA
Only in scratch_amanda,92a48913,-1.4105815605670116,-48.50122062717168,BELEM,,BRA,2000.0,anchorage_overrides,,,,,,0,,,0,,,BRA
Only in scratch_amanda,92a489fd,-1.3737020740672463,-48.486223078023755,BELEM,,BRA,2000.0,anchorage_overrides,,,,,,0,,,0,,,BRA
Only in scratch_amanda,92a48915,-1.4142399786650564,-48.50122062717168,BELEM,,BRA,2000.0,anchorage_overrides,,,,,,0,,,0,,,BRA
Only in scratch_amanda,92a4622d,-1.3444896026810065,-48.486223078023755,BELEM,,BRA,2000.0,anchorage_overrides,,,,,,0,,,0,,,BRA
Only in scratch_amanda,92a4621f,-1.3589876072793527,-48.481224800598426,BELEM,,BRA,2000.0,anchorage_overrides,,,,,,0,,,0,,,BRA
Only in scratch_amanda,92a46181,-1.3442820311766943,-48.476226976060246,BELEM,,BRA,2000.0,anchorage_overrides,,,,,,0,,,0,,,BRA
Only in scratch_amanda,92a46229,-1.3480356423774102,-48.481224800598426,BELEM,,BRA,2000.0,anchorage_overrides,,,,,,0,,,0,,,BRA
Only in scratch_amanda,92a46211,-1.3628494780559135,-48.491221808291186,BELEM,,BRA,2000.0,anchorage_overrides,,,,,,0,,,0,,,BRA
Only in scratch_amanda,92a46403,-1.3079103987658678,-48.481224800598426,BELEM,,BRA,2000.0,anchorage_overrides,,,,,,0,,,0,,,BRA
Only in scratch_amanda,92a48985,-1.3956288495247726,-48.48622307802376,BELEM,,BRA,2000.0,anchorage_overrides,,,,,,0,,,0,,,BRA
Only in scratch_amanda,92a46415,-1.3009215229477424,-48.49622099135555,BELEM,,BRA,2000.0,anchorage_overrides,,,,,,0,,,0,,,BRA
Only in scratch_amanda,92a46409,-1.311758576665664,-48.491221808291186,BELEM,,BRA,2000.0,anchorage_overrides,,,,,,0,,,0,,,BRA
Only in scratch_amanda,92a489bf,-1.3886397584838743,-48.50122062717168,BELEM,,BRA,2000.0,anchorage_overrides,,,,,,0,,,0,,,BRA
Only in scratch_amanda,92a48971,-1.4067064096075306,-48.491221808291186,BELEM,,BRA,2000.0,anchorage_overrides,,,,,,0,,,0,,,BRA
Only in scratch_amanda,92a46225,-1.3517902308777046,-48.48622307802376,BELEM,,BRA,2000.0,anchorage_overrides,,,,,,0,,,0,,,BRA
Only in scratch_amanda,92a46209,-1.3701548190527904,-48.491221808291186,BELEM,,BRA,2000.0,anchorage_overrides,,,,,,0,,,0,,,BRA
Only in scratch_amanda,92a46417,-1.3008211155270677,-48.491221808291186,BELEM,,BRA,2000.0,anchorage_overrides,,,,,,0,,,0,,,BRA
Only in scratch_amanda,92a463e5,-1.3225976804329225,-48.486223078023755,BELEM,,BRA,2000.0,anchorage_overrides,,,,,,0,,,0,,,BRA
Only in scratch_amanda,92a4899f,-1.3995007844200733,-48.49622099135556,BELEM,,BRA,2000.0,anchorage_overrides,,,,,,0,,,0,,,BRA
Only in scratch_amanda,92a46187,-1.3479315746521523,-48.476226976060246,BELEM,,BRA,2000.0,anchorage_overrides,,,,,,0,,,0,,,BRA
Only in scratch_amanda,92a48941,-1.417789391731335,-48.49622099135555,BELEM,,BRA,2000.0,anchorage_overrides,,,,,,0,,,0,,,BRA
Only in scratch_amanda,92a48997,-1.3921882435312811,-48.49622099135555,BELEM,,BRA,2000.0,anchorage_overrides,,,,,,0,,,0,,,BRA
Only in scratch_amanda,92a4640d,-1.3082133106822498,-48.49622099135556,BELEM,,BRA,2000.0,anchorage_overrides,,,,,,0,,,0,,,BRA
Only in scratch_amanda,92a463e9,-1.3263476733936357,-48.491221808291186,BELEM,,BRA,2000.0,anchorage_overrides,,,,,,0,,,0,,,BRA
Only in scratch_amanda,92a4899d,-1.3993927743173362,-48.491221808291186,BELEM,,BRA,2000.0,anchorage_overrides,,,,,,0,,,0,,,BRA
Only in scratch_amanda,92a46221,-1.3553365373783754,-48.48122480059843,BELEM,,BRA,2000.0,anchorage_overrides,,,,,,0,,,0,,,BRA
Only in scratch_amanda,92a463d7,-1.3370874123797136,-48.481224800598426,BELEM,,BRA,2000.0,anchorage_overrides,,,,,,0,,,0,,,BRA
Only in scratch_amanda,92a46401,-1.3115560720717798,-48.481224800598426,BELEM,,BRA,2000.0,anchorage_overrides,,,,,,0,,,0,,,BRA
Only in scratch_amanda,92a463df,-1.3297906677731497,-48.481224800598426,BELEM,,BRA,2000.0,anchorage_overrides,,,,,,0,,,0,,,BRA
Only in scratch_amanda,92a46203,-1.3662909917150006,-48.48122480059843,BELEM,,BRA,2000.0,anchorage_overrides,,,,,,0,,,0,,,BRA
Only in scratch_amanda,92a463e3,-1.3224955837911918,-48.481224800598426,BELEM,,BRA,2000.0,anchorage_overrides,,,,,,0,,,0,,,BRA
Only in scratch_amanda,92a46411,-1.3044665204680437,-48.491221808291186,BELEM,,BRA,2000.0,anchorage_overrides,,,,,,0,,,0,,,BRA
Only in scratch_amanda,92a48911,-1.4106904149967143,-48.506220715694354,BELEM,,BRA,2000.0,anchorage_overrides,,,,,,0,,,0,,,BRA
Only in scratch_amanda,92a4897b,-1.4065978345855743,-48.486223078023755,BELEM,,BRA,2000.0,anchorage_overrides,,,,,,0,,,0,,,BRA
Only in scratch_amanda,92a4641d,-1.3042651408155717,-48.481224800598426,BELEM,,BRA,2000.0,anchorage_overrides,,,,,,0,,,0,,,BRA
Only in scratch_amanda,92a489e1,-1.37391414875757,-48.49622099135556,BELEM,,BRA,2000.0,anchorage_overrides,,,,,,0,,,0,,,BRA
Only in scratch_amanda,92a463c3,-1.329995985784303,-48.491221808291186,BELEM,,BRA,2000.0,anchorage_overrides,,,,,,0,,,0,,,BRA
Only in scratch_amanda,92a489dd,-1.3776744559986256,-48.50122062717168,BELEM,,BRA,2000.0,anchorage_overrides,,,,,,0,,,0,,,BRA
Only in scratch_amanda,92a4896b,-1.4141308412510487,-48.49622099135555,BELEM,,BRA,2000.0,anchorage_overrides,,,,,,0,,,0,,,BRA
Only in scratch_amanda,92a4893d,-1.4180082299096606,-48.506220715694354,BELEM,,BRA,2000.0,anchorage_overrides,,,,,,0,,,0,,,BRA
Only in scratch_amanda,92a489ff,-1.3735960354389327,-48.481224800598426,BELEM,,BRA,2000.0,anchorage_overrides,,,,,,0,,,0,,,BRA
Only in scratch_amanda,92a4894b,-1.4287675296853584,-48.49622099135556,BELEM,,BRA,2000.0,anchorage_overrides,,,,,,0,,,0,,,BRA
Only in scratch_amanda,92a48977,-1.4030493846892609,-48.491221808291186,BELEM,,BRA,2000.0,anchorage_overrides,,,,,,0,,,0,,,BRA
Only in scratch_amanda,92a489a1,-1.3996087936432784,-48.50122062717168,BELEM,,BRA,2000.0,anchorage_overrides,,,,,,0,,,0,,,BRA
Only in scratch_amanda,92a48943,-1.4176799713028705,-48.49122180829119,BELEM,,BRA,2000.0,anchorage_overrides,,,,,,0,,,0,,,BRA
Only in scratch_amanda,92a4894f,-1.4249977512123029,-48.49122180829119,BELEM,,BRA,2000.0,anchorage_overrides,,,,,,0,,,0,,,BRA
Only in scratch_amanda,92a463f7,-1.3154052278559143,-48.491221808291186,BELEM,,BRA,2000.0,anchorage_overrides,,,,,,0,,,0,,,BRA
Only in scratch_amanda,92a4896f,-1.4103638490384025,-48.491221808291186,BELEM,,BRA,2000.0,anchorage_overrides,,,,,,0,,,0,,,BRA
Only in scratch_amanda,92a48995,-1.388532595086563,-48.49622099135556,BELEM,,BRA,2000.0,anchorage_overrides,,,,,,0,,,0,,,BRA
Only in scratch_amanda,92a48969,-1.4140217029481106,-48.491221808291186,BELEM,,BRA,2000.0,anchorage_overrides,,,,,,0,,,0,,,BRA
Only in scratch_amanda,92a489a7,-1.3997168019822557,-48.506220715694354,BELEM,,BRA,2000.0,anchorage_overrides,,,,,,0,,,0,,,BRA
Only in scratch_amanda,92a4894d,-1.4286572626993002,-48.491221808291186,BELEM,,BRA,2000.0,anchorage_overrides,,,,,,0,,,0,,,BRA
Only in scratch_amanda,92a4898f,-1.3919733502933358,-48.486223078023755,BELEM,,BRA,2000.0,anchorage_overrides,,,,,,0,,,0,,,BRA
Only in scratch_amanda,92a489f7,-1.380902738182895,-48.481224800598426,BELEM,,BRA,2000.0,anchorage_overrides,,,,,,0,,,0,,,BRA
Only in scratch_amanda,92a4890d,-1.4069235570081835,-48.50122062717168,BELEM,,BRA,2000.0,anchorage_overrides,,,,,,0,,,0,,,BRA
Only in scratch_amanda,92a463e7,-1.3262452962024427,-48.486223078023755,BELEM,,BRA,2000.0,anchorage_overrides,,,,,,0,,,0,,,BRA
Only in scratch_amanda,92a463e1,-1.326142918187445,-48.481224800598426,BELEM,,BRA,2000.0,anchorage_overrides,,,,,,0,,,0,,,BRA
Only in scratch_amanda,92a463ed,-1.3228018712474672,-48.49622099135556,BELEM,,BRA,2000.0,anchorage_overrides,,,,,,0,,,0,,,BRA
Only in scratch_amanda,92a463d5,-1.3407364073339223,-48.481224800598426,BELEM,,BRA,2000.0,anchorage_overrides,,,,,,0,,,0,,,BRA
Only in scratch_amanda,9619ad19,-41.72652777777778,-72.68344444444445,CAICURA,,CHL,2000.0,anchorage_overrides,,,,,,0,,,0,,,CHL
Only in scratch_amanda,9033f73d,-3.6314008343728568,-80.60128351880046,CALETA CRUZ,,PER,2000.0,anchorage_overrides,,,,,,0,,,0,,,PER
Only in scratch_amanda,9105cb43,-12.0637925,-77.173865,CALLAO,,PER,2000.0,anchorage_overrides,,,,,,0,,,0,,,PER
Only in scratch_amanda,9105ccff,-12.005703132291664,-77.15220942118754,CALLAO,,PER,2000.0,anchorage_overrides,,,,,,0,,,0,,,PER
Only in scratch_amanda,9105cb15,-12.07347,-77.17078833333333,CALLAO,,PER,2000.0,anchorage_overrides,,,,,,0,,,0,,,PER
Only in scratch_amanda,9105cb5d,-12.055505,-77.1725325,CALLAO,,PER,2000.0,anchorage_overrides,,,,,,0,,,0,,,PER
Only in scratch_amanda,9105ccf7,-12.015475,-77.15343,CALLAO,,PER,2000.0,anchorage_overrides,,,,,,0,,,0,,,PER
Only in scratch_amanda,9105cb63,-12.050774486458335,-77.16327907291665,CALLAO,,PER,2000.0,anchorage_overrides,,,,,,0,,,0,,,PER
Only in scratch_amanda,073743c3,-15.678481025995447,-38.92766218458158,CANAVIEIRAS,,BRA,2000.0,anchorage_overrides,,,,,,0,,,0,,,BRA
Only in scratch_amanda,073743c1,-15.673628943365046,-38.92766218458158,CANAVIEIRAS,,BRA,2000.0,anchorage_overrides,,,,,,0,,,0,,,BRA
Only in scratch_amanda,9106df59,-11.088394125876103,-77.64042836634877,CARQUIN,,PER,2000.0,anchorage_overrides,,,,,,0,,,0,,,PER
Only in scratch_amanda,910720a7,-11.086226801118066,-77.6397607324365,CARQUIN,,PER,2000.0,anchorage_overrides,,,,,,0,,,0,,,PER
Only in scratch_amanda,910720a9,-11.086122258703703,-77.64304374561725,CARQUIN,,PER,2000.0,anchorage_overrides,,,,,,0,,,0,,,PER
Only in scratch_amanda,9106df57,-11.088962365955297,-77.64294624260896,CARQUIN,,PER,2000.0,anchorage_overrides,,,,,,0,,,0,,,PER
Only in scratch_amanda,964021d1,-38.467197222222225,-73.52041388888888,CASA DE PIEDRA (TIRUA SUR 7),,CHL,2000.0,anchorage_overrides,,,,,,0,,,0,,,CHL
Only in scratch_amanda,91abbbef,-9.454823496774194,-78.40127983870968,CASMA,,PER,2000.0,anchorage_overrides,,,,,,0,,,0,,,PER
Only in scratch_amanda,91abbbfb,-9.446806,-78.395278,CASMA,,PER,2000.0,anchorage_overrides,,,,,,0,,,0,,,PER
Only in scratch_amanda,910688d3,-11.569825352112677,-77.28278450704224,CHANCAY,,PER,2000.0,anchorage_overrides,,,,,,0,,,0,,,PER
Only in scratch_amanda,91068f33,-11.577690608444447,-77.28800126685715,CHANCAY,,PER,2000.0,anchorage_overrides,,,,,,0,,,0,,,PER
Only in scratch_amanda,91068f4b,-11.584331615384617,-77.29097430769231,CHANCAY,,PER,2000.0,anchorage_overrides,,,,,,0,,,0,,,PER
Only in scratch_amanda,9049e21f,-5.0151629785714285,-81.07408742857143,COLAN,,PER,2000.0,anchorage_overrides,,,,,,0,,,0,,,PER
Only in scratch_amanda,9049e1ff,-5.0030524725274725,-81.08071124175822,COLAN,,PER,2000.0,anchorage_overrides,,,,,,0,,,0,,,PER
Only in scratch_amanda,8fd4ed1d,0.86513,-79.877532,DESEMBARCADERO SUA,,ECU,2000.0,anchorage_overrides,,,,,,0,,,0,,,ECU
Only in scratch_amanda,06365251,-3.8257652644133313,-32.40991535481149,FERNANDO DE NORONHA,,BRA,2000.0,anchorage_overrides,,,,,,0,,,0,,,BRA
Only in scratch_amanda,06365257,-3.8260046354807096,-32.40425136891337,FERNANDO DE NORONHA,,BRA,2000.0,anchorage_overrides,,,,,,0,,,0,,,BRA
Only in scratch_amanda,07c747ff,-3.7061671909195546,-38.48236401876136,FORTALEZA,,BRA,2000.0,anchorage_overrides,,,,,,0,,,0,,,BRA
Only in scratch_amanda,952757a5,-27.306713894855793,-48.58628366306763,GOVERNADOR CELSO RAMOS,,BRA,2000.0,anchorage_overrides,,,,,,0,,,0,,,BRA
Only in scratch_amanda,952757a3,-27.304913396456683,-48.58127633742782,GOVERNADOR CELSO RAMOS,,BRA,2000.0,anchorage_overrides,,,,,,0,,,0,,,BRA
Only in scratch_amanda,952757a1,-27.30974692172944,-48.58127633742782,GOVERNADOR CELSO RAMOS,,BRA,2000.0,anchorage_overrides,,,,,,0,,,0,,,BRA
Only in scratch_amanda,07b9d765,-4.688720327821635,-37.353337858589725,ICAPUI,,BRA,2000.0,anchorage_overrides,,,,,,0,,,0,,,BRA
Only in scratch_amanda,07b9d769,-4.684175380426177,-37.35868159451525,ICAPUI,,BRA,2000.0,anchorage_overrides,,,,,,0,,,0,,,BRA
Only in scratch_amanda,07b9d771,-4.684839387219443,-37.34799372145537,ICAPUI,,BRA,2000.0,anchorage_overrides,,,,,,0,,,0,,,BRA
Only in scratch_amanda,07b9d77b,-4.6890526191435455,-37.347993721455374,ICAPUI,,BRA,2000.0,anchorage_overrides,,,,,,0,,,0,,,BRA
Only in scratch_amanda,07b9d779,-4.689384894474169,-37.34264918319633,ICAPUI,,BRA,2000.0,anchorage_overrides,,,,,,0,,,0,,,BRA
Only in scratch_amanda,07b9d76f,-4.684507391802436,-37.353337858589725,ICAPUI,,BRA,2000.0,anchorage_overrides,,,,,,0,,,0,,,BRA
Only in scratch_amanda,07b9d767,-4.688388020525682,-37.358681594515254,ICAPUI,,BRA,2000.0,anchorage_overrides,,,,,,0,,,0,,,BRA
Only in scratch_amanda,94d29977,-23.775594990135964,-45.36278572661925,ILHABELA,,BRA,2000.0,anchorage_overrides,,,,,,0,,,0,,,BRA
Only in scratch_amanda,94d2999d,-23.78029184750389,-45.36278572661925,ILHABELA,,BRA,2000.0,anchorage_overrides,,,,,,0,,,0,,,BRA
Only in scratch_amanda,91445b65,-17.620943333333333,-71.35175333333333,ILO,,PER,2000.0,anchorage_overrides,,,,,,0,,,0,,,PER
Only in scratch_amanda,91445b3d,-17.641274829085877,-71.3605020166205,ILO,,PER,2000.0,anchorage_overrides,,,,,,0,,,0,,,PER
Only in scratch_amanda,91445b41,-17.63504,-71.3641,ILO,,PER,2000.0,anchorage_overrides,,,,,,0,,,0,,,PER
Only in scratch_amanda,91445b6b,-17.63127073846154,-71.35309128205385,ILO,,PER,2000.0,anchorage_overrides,,,,,,0,,,0,,,PER
Only in scratch_amanda,91445ca1,-17.609324528571427,-71.3626907,ILO,,PER,2000.0,anchorage_overrides,,,,,,0,,,0,,,PER
Only in scratch_amanda,9526b5fd,-28.229284716073547,-48.64139406238644,IMBITUBA,,BRA,2000.0,anchorage_overrides,,,,,,0,,,0,,,BRA
Only in scratch_amanda,9526ca07,-28.22148590953468,-48.646406808147105,IMBITUBA,,BRA,2000.0,anchorage_overrides,,,,,,0,,,0,,,BRA
Only in scratch_amanda,9526b5f9,-28.22630482562369,-48.646406808147105,IMBITUBA,,BRA,2000.0,anchorage_overrides,,,,,,0,,,0,,,BRA
Only in scratch_amanda,9526b5ff,-28.22446610847523,-48.641394062386446,IMBITUBA,,BRA,2000.0,anchorage_overrides,,,,,,0,,,0,,,BRA
Only in scratch_amanda,07aaec0f,-8.375559549016748,-34.958930808909514,IPOJUCA,,BRA,2000.0,anchorage_overrides,,,,,,0,,,0,,,BRA
Only in scratch_amanda,07aaec05,-8.370919692623445,-34.95893080890951,IPOJUCA,,BRA,2000.0,anchorage_overrides,,,,,,0,,,0,,,BRA
Only in scratch_amanda,9618610d,-41.8795,-73.15525000000001,ISLA TABON,,CHL,2000.0,anchorage_overrides,,,,,,0,,,0,,,CHL
Only in scratch_amanda,94d8ceab,-26.903679039704024,-48.63638176804761,ITAJAI,,BRA,2000.0,anchorage_overrides,,,,,,0,,,0,,,BRA
Only in scratch_amanda,94d8c955,-26.908521915372692,-48.63638176804761,ITAJAI,,BRA,2000.0,anchorage_overrides,,,,,,0,,,0,,,BRA
Only in scratch_amanda,00b9184f,-20.90062388435739,-40.769064108177446,ITAPEMIRIM,,BRA,2000.0,anchorage_overrides,,,,,,0,,,0,,,BRA
Only in scratch_amanda,00b919ab,-20.893763282840208,-40.758933205306676,ITAPEMIRIM,,BRA,2000.0,anchorage_overrides,,,,,,0,,,0,,,BRA
Only in scratch_amanda,00b91855,-20.89864898938055,-40.758933205306676,ITAPEMIRIM,,BRA,2000.0,anchorage_overrides,,,,,,0,,,0,,,BRA
Only in scratch_amanda,00b919a9,-20.88887763452897,-40.758933205306676,ITAPEMIRIM,,BRA,2000.0,anchorage_overrides,,,,,,0,,,0,,,BRA
Only in scratch_amanda,00b91851,-20.902079343927735,-40.76399887954875,ITAPEMIRIM,,BRA,2000.0,anchorage_overrides,,,,,,0,,,0,,,BRA
Only in scratch_amanda,07c1a1bb,-3.169704481502883,-39.375081314915576,ITAPIPOCA,,BRA,2000.0,anchorage_overrides,,,,,,0,,,0,,,BRA
Only in scratch_amanda,07c1a1bd,-3.169469589848902,-39.380265248251646,ITAPIPOCA,,BRA,2000.0,anchorage_overrides,,,,,,0,,,0,,,BRA
Only in scratch_amanda,07c1a1b1,-3.1699393666271276,-39.369896951786814,ITAPIPOCA,,BRA,2000.0,anchorage_overrides,,,,,,0,,,0,,,BRA
Only in scratch_amanda,07c1f8e7,-2.89996409587668,-39.87591204159972,ITAREMA,,BRA,2000.0,anchorage_overrides,,,,,,0,,,0,,,BRA
Only in scratch_amanda,913fecef,-16.240560769230765,-73.71339846153847,LA PUNTA,,PER,2000.0,anchorage_overrides,,,,,,0,,,0,,,PER
Only in scratch_amanda,913fecf1,-16.23233909090909,-73.71411545454545,LA PUNTA,,PER,2000.0,anchorage_overrides,,,,,,0,,,0,,,PER
Only in scratch_amanda,92bd2a7f,-1.8996491599994905,-49.36785332223687,LIMOEIRO DO AJURU,,BRA,2000.0,anchorage_overrides,,,,,,0,,,0,,,BRA
Only in scratch_amanda,92bd2a63,-1.8999378227933397,-49.378008250048566,LIMOEIRO DO AJURU,,BRA,2000.0,anchorage_overrides,,,,,,0,,,0,,,BRA
Only in scratch_amanda,92bd2a85,-1.8922751901822263,-49.37293056404592,LIMOEIRO DO AJURU,,BRA,2000.0,anchorage_overrides,,,,,,0,,,0,,,BRA
Only in scratch_amanda,92bd2a89,-1.8961781788297307,-49.37800825004857,LIMOEIRO DO AJURU,,BRA,2000.0,anchorage_overrides,,,,,,0,,,0,,,BRA
Only in scratch_amanda,92bd2a8f,-1.89241895008173,-49.378008250048566,LIMOEIRO DO AJURU,,BRA,2000.0,anchorage_overrides,,,,,,0,,,0,,,BRA
Only in scratch_amanda,92bd2a79,-1.9034086487047577,-49.36785332223687,LIMOEIRO DO AJURU,,BRA,2000.0,anchorage_overrides,,,,,,0,,,0,,,BRA
Only in scratch_amanda,92bd2a87,-1.8960341337725533,-49.37293056404592,LIMOEIRO DO AJURU,,BRA,2000.0,anchorage_overrides,,,,,,0,,,0,,,BRA
Only in scratch_amanda,92bd2a7d,-1.8997934925494713,-49.37293056404593,LIMOEIRO DO AJURU,,BRA,2000.0,anchorage_overrides,,,,,,0,,,0,,,BRA
Only in scratch_amanda,91444535,-17.678915733331994,-71.38369573333199,LISAS,,PER,2000.0,anchorage_overrides,,,,,,0,,,0,,,PER
Only in scratch_amanda,91445ad1,-17.6662748625,-71.3717833,LISAS,,PER,2000.0,anchorage_overrides,,,,,,0,,,0,,,PER
Only in scratch_amanda,91526ec1,-20.42286111111111,-70.16472222222222,LOS VERDES,,CHL,2000.0,anchorage_overrides,,,,,,0,,,0,,,CHL
Only in scratch_amanda,961f2a5f,-42.514922222222225,-72.73405833333334,LOYOLA,,CHL,2000.0,anchorage_overrides,,,,,,0,,,0,,,CHL
Only in scratch_amanda,0096307d,-22.381216472758105,-41.76811071275353,MACAE,,BRA,2000.0,anchorage_overrides,,,,,,0,,,0,,,BRA
Only in scratch_amanda,0701455d,-9.681874900818633,-35.73249818357618,MACEIO,,BRA,2000.0,anchorage_overrides,,,,,,0,,,0,,,BRA
Only in scratch_amanda,0701455b,-9.686571480490423,-35.73249818357618,MACEIO,,BRA,2000.0,anchorage_overrides,,,,,,0,,,0,,,BRA
Only in scratch_amanda,9689bbd1,-32.648855555555556,-71.44005,MAITENCILLO,,CHL,2000.0,anchorage_overrides,,,,,,0,,,0,,,CHL
Only in scratch_amanda,902be0cb,-0.9158,-80.7215,MANTA,,ECU,2000.0,anchorage_overrides,,,,,,0,,,0,,,ECU
Only in scratch_amanda,902be0cd,-0.919,-80.723,MANTA,,ECU,2000.0,anchorage_overrides,,,,,,0,,,0,,,ECU
Only in scratch_amanda,902be735,-0.9151,-80.7177,MANTA,,ECU,2000.0,anchorage_overrides,,,,,,0,,,0,,,ECU
Only in scratch_amanda,00b93b53,-21.009112368934193,-40.799446119164145,MARATAIZES,,BRA,2000.0,anchorage_overrides,,,,,,0,,,0,,,BRA
Only in scratch_amanda,00b93b55,-21.00422745720124,-40.799446119164145,MARATAIZES,,BRA,2000.0,anchorage_overrides,,,,,,0,,,0,,,BRA
Only in scratch_amanda,00b93cab,-20.999342601175258,-40.799446119164145,MARATAIZES,,BRA,2000.0,anchorage_overrides,,,,,,0,,,0,,,BRA
Only in scratch_amanda,00b93b4d,-21.01399733626077,-40.799446119164145,MARATAIZES,,BRA,2000.0,anchorage_overrides,,,,,,0,,,0,,,BRA
Only in scratch_amanda,90497ee7,-5.704862755555556,-80.87108177185186,MATA CAVALLO,,PER,2000.0,anchorage_overrides,,,,,,0,,,0,,,PER
Only in scratch_amanda,964047bd,-38.391975,-73.86924166666665,MATADERO (ISLA MOCHA),,CHL,2000.0,anchorage_overrides,,,,,,0,,,0,,,CHL
Only in scratch_amanda,07b3a025,-5.527254272677472,-35.245064711863385,MAXARANGUAPE,,BRA,2000.0,anchorage_overrides,,,,,,0,,,0,,,BRA
Only in scratch_amanda,07b39f8f,-5.514079030003649,-35.245064711863385,MAXARANGUAPE,,BRA,2000.0,anchorage_overrides,,,,,,0,,,0,,,BRA
Only in scratch_amanda,07b3a027,-5.522862129659866,-35.24506471186339,MAXARANGUAPE,,BRA,2000.0,anchorage_overrides,,,,,,0,,,0,,,BRA
Only in scratch_amanda,07b39f89,-5.518470382078381,-35.24506471186339,MAXARANGUAPE,,BRA,2000.0,anchorage_overrides,,,,,,0,,,0,,,BRA
Only in scratch_amanda,18158fcb,-3.2083858,40.1296161,MILINDI,MILINDI,KEN,2000.0,anchorage_overrides,,,,,,0,,,0,,,KEN
Only in scratch_amanda,07b30093,-5.759673718627558,-35.195611678627614,NATAL,,BRA,2000.0,anchorage_overrides,,,,,,0,,,0,,,BRA
Only in scratch_amanda,07b300bf,-5.750843624412374,-35.195611678627614,NATAL,,BRA,2000.0,anchorage_overrides,,,,,,0,,,0,,,BRA
Only in scratch_amanda,07b30095,-5.755258475582768,-35.195611678627614,NATAL,,BRA,2000.0,anchorage_overrides,,,,,,0,,,0,,,BRA
Only in scratch_amanda,9049e169,-5.058924454545455,-81.09096518181819,PAITA,,PER,2000.0,anchorage_overrides,,,,,,0,,,0,,,PER
Only in scratch_amanda,9049e0e7,-5.058989048387098,-81.12856596774195,PAITA,,PER,2000.0,anchorage_overrides,,,,,,0,,,0,,,PER
Only in scratch_amanda,9049e095,-5.059222567567569,-81.14318840540544,PAITA,,PER,2000.0,anchorage_overrides,,,,,,0,,,0,,,PER
Only in scratch_amanda,9049e125,-5.067147644251622,-81.1117873274946,PAITA,,PER,2000.0,anchorage_overrides,,,,,,0,,,0,,,PER
Only in scratch_amanda,9049e17d,-5.047317782352942,-81.08074294117647,PAITA,,PER,2000.0,anchorage_overrides,,,,,,0,,,0,,,PER
Only in scratch_amanda,9049e0e9,-5.058859339130438,-81.1359169843478,PAITA,,PER,2000.0,anchorage_overrides,,,,,,0,,,0,,,PER
Only in scratch_amanda,9049e13b,-5.067685936941914,-81.10363378943028,PAITA,,PER,2000.0,anchorage_overrides,,,,,,0,,,0,,,PER
Only in scratch_amanda,9049e165,-5.055348456521739,-81.08129269565218,PAITA,,PER,2000.0,anchorage_overrides,,,,,,0,,,0,,,PER
Only in scratch_amanda,962208f9,-42.40711111111111,-73.51694444444445,PALQUI,,CHL,2000.0,anchorage_overrides,,,,,,0,,,0,,,CHL
Only in scratch_amanda,07b2f0cf,-5.977678136381241,-35.11862621317806,PARNAMIRIM,,BRA,2000.0,anchorage_overrides,,,,,,0,,,0,,,BRA
Only in scratch_amanda,07b2f0c5,-5.978078872463569,-35.113124531331984,PARNAMIRIM,,BRA,2000.0,anchorage_overrides,,,,,,0,,,0,,,BRA
Only in scratch_amanda,952269b9,-29.33537246792234,-49.71411493181773,PASSO DE TORRES,,BRA,2000.0,anchorage_overrides,,,,,,0,,,0,,,BRA
Only in scratch_amanda,952269e9,-29.32198861758054,-49.70390160676857,PASSO DE TORRES,,BRA,2000.0,anchorage_overrides,,,,,,0,,,0,,,BRA
Only in scratch_amanda,952269c1,-29.328680468351592,-49.70900804900376,PASSO DE TORRES,,BRA,2000.0,anchorage_overrides,,,,,,0,,,0,,,BRA
Only in scratch_amanda,952269bf,-29.33052922043549,-49.71411493181773,PASSO DE TORRES,,BRA,2000.0,anchorage_overrides,,,,,,0,,,0,,,BRA
Only in scratch_amanda,952269c5,-29.331674481212687,-49.70390160676857,PASSO DE TORRES,,BRA,2000.0,anchorage_overrides,,,,,,0,,,0,,,BRA
Only in scratch_amanda,952269eb,-29.32383728115846,-49.70900804900376,PASSO DE TORRES,,BRA,2000.0,anchorage_overrides,,,,,,0,,,0,,,BRA
Only in scratch_amanda,952269c7,-29.33352352552892,-49.70900804900376,PASSO DE TORRES,,BRA,2000.0,anchorage_overrides,,,,,,0,,,0,,,BRA
Only in scratch_amanda,952269bd,-29.33237787054544,-49.719222255154165,PASSO DE TORRES,,BRA,2000.0,anchorage_overrides,,,,,,0,,,0,,,BRA
Only in scratch_amanda,952269c3,-29.326831614375543,-49.70390160676857,PASSO DE TORRES,,BRA,2000.0,anchorage_overrides,,,,,,0,,,0,,,BRA
Only in scratch_amanda,952269bb,-29.337221308311143,-49.719222255154165,PASSO DE TORRES,,BRA,2000.0,anchorage_overrides,,,,,,0,,,0,,,BRA
Only in scratch_amanda,9511adbf,-31.71347172433319,-52.16734282751228,PELOTAS,,BRA,2000.0,anchorage_overrides,,,,,,0,,,0,,,BRA
Only in scratch_amanda,9511adcb,-31.712816688058773,-52.15142218650246,PELOTAS,,BRA,2000.0,anchorage_overrides,,,,,,0,,,0,,,BRA
Only in scratch_amanda,9511adc7,-31.716503964339353,-52.162035538497435,PELOTAS,,BRA,2000.0,anchorage_overrides,,,,,,0,,,0,,,BRA
Only in scratch_amanda,9511adb9,-31.71162846983959,-52.162035538497435,PELOTAS,,BRA,2000.0,anchorage_overrides,,,,,,0,,,0,,,BRA
Only in scratch_amanda,9511adc9,-31.714660401755815,-52.15672865813434,PELOTAS,,BRA,2000.0,anchorage_overrides,,,,,,0,,,0,,,BRA
Only in scratch_amanda,0734fbc5,-17.356181934494476,-39.20896887385814,PRADO,,BRA,2000.0,anchorage_overrides,,,,,,0,,,0,,,BRA
Only in scratch_amanda,0734fbdb,-17.3512889075126,-39.20896887385814,PRADO,,BRA,2000.0,anchorage_overrides,,,,,,0,,,0,,,BRA
Only in scratch_amanda,0734fbc7,-17.361075102052336,-39.20896887385814,PRADO,,BRA,2000.0,anchorage_overrides,,,,,,0,,,0,,,BRA
Only in scratch_amanda,0734fbd9,-17.346396021221505,-39.20896887385814,PRADO,,BRA,2000.0,anchorage_overrides,,,,,,0,,,0,,,BRA
Only in scratch_amanda,91059fe9,-12.465406557142858,-76.80497937142857,PUCUSANA,,PER,2000.0,anchorage_overrides,,,,,,0,,,0,,,PER
Only in scratch_amanda,8fa5036f,8.273,-82.836,PUERTO ARMUELLES,,PAN,2000.0,anchorage_overrides,,,,,,0,,,0,,,PAN
Only in scratch_amanda,968ec78b,-31.51141944444445,-71.56975833333333,PUERTO MANSO,,CHL,2000.0,anchorage_overrides,,,,,,0,,,0,,,CHL
Only in scratch_amanda,8faca8d7,8.959,-79.52,PUERTO PANAMA,,PAN,2000.0,anchorage_overrides,,,,,,0,,,0,,,PAN
Only in scratch_amanda,8faca8d1,8.958,-79.525,PUERTO PANAMA,,PAN,2000.0,anchorage_overrides,,,,,,0,,,0,,,PAN
Only in scratch_amanda,8faca8d5,8.953,-79.519,PUERTO PANAMA,,PAN,2000.0,anchorage_overrides,,,,,,0,,,0,,,PAN
Only in scratch_amanda,8faca8d3,8.956,-79.523,PUERTO PANAMA,,PAN,2000.0,anchorage_overrides,,,,,,0,,,0,,,PAN
Only in scratch_amanda,8faca8cd,8.957,-79.527,PUERTO PANAMA,,PAN,2000.0,anchorage_overrides,,,,,,0,,,0,,,PAN
Only in scratch_amanda,8e4df157,7.532,-78.202,PUERTO PINA,,PAN,2000.0,anchorage_overrides,,,,,,0,,,0,,,PAN
Only in scratch_amanda,911064c1,-13.776923030647684,-76.25087987829583,PUERTO PISCO,,PER,2000.0,anchorage_overrides,,,,,,0,,,0,,,PER
Only in scratch_amanda,911064db,-13.763,-76.25462814285714,PUERTO PISCO,,PER,2000.0,anchorage_overrides,,,,,,0,,,0,,,PER
Only in scratch_amanda,9107376f,-10.795665575289016,-77.75862958652851,PUERTO SUPE,,PER,2000.0,anchorage_overrides,,,,,,0,,,0,,,PER
Only in scratch_amanda,904cf117,-6.7630203333333325,-79.981788,SAN JOSE,,PER,2000.0,anchorage_overrides,,,,,,0,,,0,,,PER
Only in scratch_amanda,904cf119,-6.764726217008798,-79.98156440860214,SAN JOSE,,PER,2000.0,anchorage_overrides,,,,,,0,,,0,,,PER
Only in scratch_amanda,91168a49,-15.24988,-75.27439,SAN NICOLAS,,PER,2000.0,anchorage_overrides,,,,,,0,,,0,,,PER
Only in scratch_amanda,91168a33,-15.246353333333332,-75.26183166666667,SAN NICOLAS,,PER,2000.0,anchorage_overrides,,,,,,0,,,0,,,PER
Only in scratch_amanda,904cfb4b,-6.8814752592592585,-79.92315481481482,SANTA ROSA,,PER,2000.0,anchorage_overrides,,,,,,0,,,0,,,PER
Only in scratch_amanda,3177b089,10.5234022,108.9821587,VNM_205,,VNM,2000.0,anchorage_overrides,,,,,,0,,,0,,,VNM
Only in scratch_amanda,3177b063,10.5274204,108.9821386,VNM_209,,VNM,2000.0,anchorage_overrides,,,,,,0,,,0,,,VNM
Only in scratch_amanda,3177b039,10.55120629,108.9632142,VNM_220,,VNM,2000.0,anchorage_overrides,,,,,,0,,,0,,,VNM
Only in scratch_amanda,3177b037,10.5519048,108.9615434,VNM_221,,VNM,2000.0,anchorage_overrides,,,,,,0,,,0,,,VNM
Only in scratch_amanda,3176c225,11.14433276,108.5333636,VNM_240,,VNM,2000.0,anchorage_overrides,,,,,,0,,,0,,,VNM
Only in scratch_amanda,3176c3ad,11.15813718,108.560328,VNM_246,,VNM,2000.0,anchorage_overrides,,,,,,0,,,0,,,VNM
Only in scratch_amanda,31772f27,11.30599775,108.9159731,VNM_277,,VNM,2000.0,anchorage_overrides,,,,,,0,,,0,,,VNM
Only in scratch_amanda,31772f29,11.30611348,108.913419,VNM_278,,VNM,2000.0,anchorage_overrides,,,,,,0,,,0,,,VNM
Only in scratch_amanda,31772ed7,11.30932991,108.913725,VNM_280,,VNM,2000.0,anchorage_overrides,,,,,,0,,,0,,,VNM
Only in scratch_amanda,31772ed9,11.30983057,108.9159926,VNM_281,,VNM,2000.0,anchorage_overrides,,,,,,0,,,0,,,VNM
Only in scratch_amanda,316ffa5b,12.94359741,109.4355347,VNM_355,,VNM,2000.0,anchorage_overrides,,,,,,0,,,0,,,VNM
Only in scratch_amanda,316ffa43,12.9486763,109.4389535,VNM_356,,VNM,2000.0,anchorage_overrides,,,,,,0,,,0,,,VNM
Only in scratch_amanda,316ffa5d,12.94927424,109.4342052,VNM_357,,VNM,2000.0,anchorage_overrides,,,,,,0,,,0,,,VNM
Only in scratch_amanda,316ffa5f,12.95102175,109.4298311,VNM_359,,VNM,2000.0,anchorage_overrides,,,,,,0,,,0,,,VNM
Only in scratch_amanda,316ffa61,12.95383936,109.4287141,VNM_362,,VNM,2000.0,anchorage_overrides,,,,,,0,,,0,,,VNM
Only in scratch_amanda,316ffa67,12.95445768,109.4339567,VNM_363,,VNM,2000.0,anchorage_overrides,,,,,,0,,,0,,,VNM
Only in scratch_amanda,316ffa8b,12.95470703,109.4232779,VNM_364,,VNM,2000.0,anchorage_overrides,,,,,,0,,,0,,,VNM
Only in scratch_amanda,31684ee5,15.20450392,108.9411732,VNM_439,,VNM,2000.0,anchorage_overrides,,,,,,0,,,0,,,VNM
Only in scratch_amanda,31683efd,15.35651581,109.1323007,VNM_459,,VNM,2000.0,anchorage_overrides,,,,,,0,,,0,,,VNM
Only in scratch_amanda,31683ee3,15.35742219,109.1252499,VNM_460,,VNM,2000.0,anchorage_overrides,,,,,,0,,,0,,,VNM
Only in scratch_amanda,31683ee1,15.35891489,109.1203312,VNM_461,,VNM,2000.0,anchorage_overrides,,,,,,0,,,0,,,VNM
Only in scratch_amanda,31683ee7,15.36193194,109.1198819,VNM_462,,VNM,2000.0,anchorage_overrides,,,,,,0,,,0,,,VNM
Only in scratch_amanda,31683ecf,15.36970551,109.1011493,VNM_467,,VNM,2000.0,anchorage_overrides,,,,,,0,,,0,,,VNM
Only in scratch_amanda,31683c1f,15.40255743,109.113401,VNM_485,,VNM,2000.0,anchorage_overrides,,,,,,0,,,0,,,VNM
Only in scratch_amanda,31a79429,10.01391573,104.0049765,VNM_53,,VNM,2000.0,anchorage_overrides,,,,,,0,,,0,,,VNM
Only in scratch_amanda,313880cb,18.0661623,106.4411127,VNM_545,,VNM,2000.0,anchorage_overrides,,,,,,0,,,0,,,VNM
Only in scratch_amanda,313880b5,18.0672338,106.441413,VNM_546,,VNM,2000.0,anchorage_overrides,,,,,,0,,,0,,,VNM
Only in scratch_amanda,3139d4b1,18.80617541,105.7734928,VNM_559,,VNM,2000.0,anchorage_overrides,,,,,,0,,,0,,,VNM
Only in scratch_amanda,31a7969d,10.01833439,104.0087688,VNM_56,,VNM,2000.0,anchorage_overrides,,,,,,0,,,0,,,VNM
Only in scratch_amanda,31a79427,10.01845838,104.0044959,VNM_57,,VNM,2000.0,anchorage_overrides,,,,,,0,,,0,,,VNM
Only in scratch_amanda,3137a48f,19.34683408,105.9312624,VNM_609,,VNM,2000.0,anchorage_overrides,,,,,,0,,,0,,,VNM
Only in scratch_amanda,3137a489,19.3473266,105.9265185,VNM_611,,VNM,2000.0,anchorage_overrides,,,,,,0,,,0,,,VNM
Only in scratch_amanda,3137a463,19.34892335,105.9206078,VNM_613,,VNM,2000.0,anchorage_overrides,,,,,,0,,,0,,,VNM
Only in scratch_amanda,3137a44f,19.37402538,105.9088278,VNM_621,,VNM,2000.0,anchorage_overrides,,,,,,0,,,0,,,VNM
Only in scratch_amanda,3137a44d,19.37832436,105.9090169,VNM_623,,VNM,2000.0,anchorage_overrides,,,,,,0,,,0,,,VNM
Only in scratch_amanda,3137a7a7,19.39243692,105.8142433,VNM_626,,VNM,2000.0,anchorage_overrides,,,,,,0,,,0,,,VNM
Only in scratch_amanda,3137a79f,19.39512507,105.8027574,VNM_627,,VNM,2000.0,anchorage_overrides,,,,,,0,,,0,,,VNM
Only in scratch_amanda,3137a7a5,19.3983136,105.8144539,VNM_631,,VNM,2000.0,anchorage_overrides,,,,,,0,,,0,,,VNM
Only in scratch_amanda,3137a7af,19.3984566,105.8197872,VNM_632,,VNM,2000.0,anchorage_overrides,,,,,,0,,,0,,,VNM
Only in scratch_amanda,3137a7a3,19.39899355,105.8090062,VNM_635,,VNM,2000.0,anchorage_overrides,,,,,,0,,,0,,,VNM
Only in scratch_amanda,3137a799,19.39933407,105.801667,VNM_636,,VNM,2000.0,anchorage_overrides,,,,,,0,,,0,,,VNM
Only in scratch_amanda,31495ef1,20.11626209,107.7241438,VNM_665,,VNM,2000.0,anchorage_overrides,,,,,,0,,,0,,,VNM
Only in scratch_amanda,31495e57,20.12040131,107.7156121,VNM_668,,VNM,2000.0,anchorage_overrides,,,,,,0,,,0,,,VNM
Only in scratch_amanda,31495ef9,20.12049638,107.7189455,VNM_669,,VNM,2000.0,anchorage_overrides,,,,,,0,,,0,,,VNM
Only in scratch_amanda,31495f09,20.14359883,107.7194591,VNM_674,,VNM,2000.0,anchorage_overrides,,,,,,0,,,0,,,VNM
Only in scratch_amanda,31495f0f,20.14395816,107.723288,VNM_675,,VNM,2000.0,anchorage_overrides,,,,,,0,,,0,,,VNM
Only in scratch_amanda,31495fa7,20.14553634,107.7145152,VNM_676,,VNM,2000.0,anchorage_overrides,,,,,,0,,,0,,,VNM
Only in scratch_amanda,31495f0b,20.14999968,107.7208433,VNM_677,,VNM,2000.0,anchorage_overrides,,,,,,0,,,0,,,VNM
Only in scratch_amanda,314a6c9b,20.66785418,106.8101374,VNM_680,,VNM,2000.0,anchorage_overrides,,,,,,0,,,0,,,VNM
Only in scratch_amanda,314a6c9d,20.66924307,106.813156,VNM_681,,VNM,2000.0,anchorage_overrides,,,,,,0,,,0,,,VNM
Only in scratch_amanda,314a6c91,20.67049988,106.8030148,VNM_682,,VNM,2000.0,anchorage_overrides,,,,,,0,,,0,,,VNM
Only in scratch_amanda,314a6c85,20.67236538,106.8086367,VNM_684,,VNM,2000.0,anchorage_overrides,,,,,,0,,,0,,,VNM
Only in scratch_amanda,314a6c8d,20.67635273,106.7991039,VNM_685,,VNM,2000.0,anchorage_overrides,,,,,,0,,,0,,,VNM
Only in scratch_amanda,314bb045,20.72479582,107.4484945,VNM_695,,VNM,2000.0,anchorage_overrides,,,,,,0,,,0,,,VNM
Only in scratch_amanda,314baffb,20.7605008,107.4723624,VNM_718,,VNM,2000.0,anchorage_overrides,,,,,,0,,,0,,,VNM
Only in scratch_amanda,314baf6f,20.81630599,107.466949,VNM_728,,VNM,2000.0,anchorage_overrides,,,,,,0,,,0,,,VNM
Only in scratch_amanda,314b746d,20.98881134,107.7384459,VNM_785,,VNM,2000.0,anchorage_overrides,,,,,,0,,,0,,,VNM
Only in scratch_amanda,314b60ad,21.24633565,107.9569737,VNM_807,,VNM,2000.0,anchorage_overrides,,,,,,0,,,0,,,VNM
Only in scratch_amanda,31756567,10.32609924,107.0733418,VNM_81,,VNM,2000.0,anchorage_overrides,,,,,,0,,,0,,,VNM
Only in scratch_amanda,314b59d1,21.42606581,107.9912274,VNM_810,,VNM,2000.0,anchorage_overrides,,,,,,0,,,0,,,VNM
Only in scratch_amanda,314b59db,21.42718491,107.9851962,VNM_811,,VNM,2000.0,anchorage_overrides,,,,,,0,,,0,,,VNM
Only in scratch_amanda,314b59dd,21.42823832,107.9813499,VNM_812,,VNM,2000.0,anchorage_overrides,,,,,,0,,,0,,,VNM
Only in scratch_amanda,314b59d7,21.4294464,107.9918266,VNM_813,,VNM,2000.0,anchorage_overrides,,,,,,0,,,0,,,VNM
Only in scratch_amanda,314b59d5,21.42980014,107.9969337,VNM_814,,VNM,2000.0,anchorage_overrides,,,,,,0,,,0,,,VNM
Only in scratch_amanda,31756565,10.32733738,107.0704258,VNM_82,,VNM,2000.0,anchorage_overrides,,,,,,0,,,0,,,VNM
Only in scratch_amanda,96421ac9,-37.36452777777778,-73.66110555555557,YANA,,CHL,2000.0,anchorage_overrides,,,,,,0,,,0,,,CHL
Only in scratch_amanda,92a4623b,-1.3518945785154983,-48.491221808291186,BELEM,,BRA,3000.0,anchorage_overrides,,,,,,0,,,0,,,BRA
Only in scratch_amanda,92a46231,-1.3482437753239211,-48.491221808291186,BELEM,,BRA,3000.0,anchorage_overrides,,,,,,0,,,0,,,BRA
Only in scratch_amanda,92a463cd,-1.3409434141242431,-48.491221808291186,BELEM,,BRA,3000.0,anchorage_overrides,,,,,,0,,,0,,,BRA
Only in scratch_amanda,92a46217,-1.3591974299149594,-48.491221808291186,BELEM,,BRA,3000.0,anchorage_overrides,,,,,,0,,,0,,,BRA
Only in scratch_amanda,92a4623d,-1.3555457967236628,-48.491221808291186,BELEM,,BRA,3000.0,anchorage_overrides,,,,,,0,,,0,,,BRA
Only in scratch_amanda,92a463c1,-1.330098643546247,-48.49622099135556,BELEM,,BRA,3000.0,anchorage_overrides,,,,,,0,,,0,,,BRA
Only in scratch_amanda,92a46233,-1.3445933871823652,-48.491221808291186,BELEM,,BRA,3000.0,anchorage_overrides,,,,,,0,,,0,,,BRA
Only in scratch_amanda,92a463c5,-1.3336447133918503,-48.49122180829119,BELEM,,BRA,3000.0,anchorage_overrides,,,,,,0,,,0,,,BRA
Only in scratch_amanda,92a463cf,-1.3372938561829473,-48.491221808291186,BELEM,,BRA,3000.0,anchorage_overrides,,,,,,0,,,0,,,BRA
Only in scratch_amanda,8fad961f,8.017,-80.345,BOCA PARITA,,PAN,3000.0,anchorage_overrides,,,,,,0,,,0,,,PAN
Only in scratch_amanda,8fadbe03,8.025,-80.373,BOCA PARITA,,PAN,3000.0,anchorage_overrides,,,,,,0,,,0,,,PAN
Only in scratch_amanda,313828bb,18.79122386,105.9567253,VNM_558,,VNM,3000.0,anchorage_overrides,,,,,,0,,,0,,,VNM
Only in scratch_amanda,31495ef7,20.1169012,107.7187991,VNM_666,,VNM,3000.0,anchorage_overrides,,,,,,0,,,0,,,VNM
Only in scratch_amanda,31495e59,20.117378,107.7155501,VNM_667,,VNM,3000.0,anchorage_overrides,,,,,,0,,,0,,,VNM
Only in scratch_amanda,8fadbde3,8.036,-80.365,BOCA PARITA,,PAN,4000.0,anchorage_overrides,,,,,,0,,,0,,,PAN
Only in scratch_amanda,8fadbdf7,8.023,-80.35,BOCA PARITA,,PAN,4000.0,anchorage_overrides,,,,,,0,,,0,,,PAN
Only in scratch_amanda,8fadbdd7,8.057,-80.362,BOCA PARITA,,PAN,6000.0,anchorage_overrides,,,,,,0,,,0,,,PAN
Only in scratch_amanda,963e1a03,-39.873466666666666,-73.64333611111111,TERMINAL PESQUERO DE NIEBLA,,CHL,8000.0,anchorage_overrides,,,,,,0,,,0,,,CHL
